Title,Date,Duration,Description,Notes,Exercise,"Exercise Note","Superset id",Weight,Reps,RIR/RPE,Distance,Time,"Set Type","RecordLevel: gold/silver/bronze","RecordType: 1RM / max_weight / volume / reps"
"Evening session","2026-03-29 19:33:12",01:55:18,,,"Full Squat",,,80.000,8,,,,NORMAL_SET,,
"Evening session","2026-03-29 19:33:12",01:55:18,,,"Full Squat",,,90.000,8,,,,NORMAL_SET,,
"Evening session","2026-03-29 19:33:12",01:55:18,,,"Full Squat",,,90.000,8,,,,NORMAL_SET,,
"Evening session","2026-03-29 19:33:12",01:55:18,,,"Lever Seated Leg Press",,,120.000,6,,,,NORMAL_SET,,
"Evening session","2026-03-29 19:33:12",01:55:18,,,"Lever Seated Leg Press",,,120.000,6,,,,NORMAL_SET,,
"Evening session","2026-03-29 19:33:12",01:55:18,,,"Lever Seated Leg Press",,,120.000,6,,,,NORMAL_SET,,
"Evening session","2026-03-29 19:33:12",01:55:18,,,"Cable One Arm Lateral Raise",,,7.000,8,,,,NORMAL_SET,,
"Evening session","2026-03-29 19:33:12",01:55:18,,,"Cable One Arm Lateral Raise",,,7.000,8,,,,NORMAL_SET,,
"Evening session","2026-03-29 19:33:12",01:55:18,,,"Cable One Arm Lateral Raise",,,7.000,8,,,,NORMAL_SET,,
"Evening session","2026-03-29 19:33:12",01:55:18,,,"Handstand Push-Up",,,0.000,3,,,,NORMAL_SET,,
"Evening session","2026-03-29 19:33:12",01:55:18,,,"Handstand Push-Up",,,0.000,3,,,,NORMAL_SET,,
"Evening session","2026-03-29 19:33:12",01:55:18,,,"Straight Leg Deadlift",,,80.000,8,,,,NORMAL_SET,1,1
"Evening session","2026-03-29 19:33:12",01:55:18,,,"Straight Leg Deadlift",,,80.000,8,,,,NORMAL_SET,,
"Evening session","2026-03-29 19:33:12",01:55:18,,,"Straight Leg Deadlift",,,80.000,8,,,,NORMAL_SET,,
"Evening session","2026-03-29 19:33:12",01:55:18,,,"Lever Seated Calf Press",,,79.000,8,,,,NORMAL_SET,,
"Evening session","2026-03-29 19:33:12",01:55:18,,,"Lever Seated Calf Press",,,100.000,10,,,,NORMAL_SET,"1,1,1,1","1,2,3,4"
"Evening session","2026-03-29 19:33:12",01:55:18,,,"Lever Seated Calf Press",,,100.000,10,,,,NORMAL_SET,"2,2,2,2","1,2,3,4"
"Evening session","2026-03-26 20:31:52",01:54:50,,,"Bench Press",,,90.000,6,,,,NORMAL_SET,,
"Evening session","2026-03-26 20:31:52",01:54:50,,,"Bench Press",,,80.000,6,,,,NORMAL_SET,,
"Evening session","2026-03-26 20:31:52",01:54:50,,,"Bench Press",,,80.000,6,,,,NORMAL_SET,,
"Evening session","2026-03-26 20:31:52",01:54:50,,,"Lever Seated Fly",,,100.000,8,,,,NORMAL_SET,,
"Evening session","2026-03-26 20:31:52",01:54:50,,,"Lever Seated Fly",,,100.000,8,,,,NORMAL_SET,,
"Evening session","2026-03-26 20:31:52",01:54:50,,,"Lever Seated Fly",,,100.000,8,,,,NORMAL_SET,,
"Evening session","2026-03-26 20:31:52",01:54:50,,,"Triceps Pushdown",,,41.000,6,,,,NORMAL_SET,,
"Evening session","2026-03-26 20:31:52",01:54:50,,,"Triceps Pushdown",,,36.000,8,,,,NORMAL_SET,,
"Evening session","2026-03-26 20:31:52",01:54:50,,,"Triceps Pushdown",,,36.000,8,,,,NORMAL_SET,,
"Evening session","2026-03-26 20:31:52",01:54:50,,,"Overhead Triceps Extension",,,25.000,8,,,,NORMAL_SET,"2,3,2","1,2,3"
"Evening session","2026-03-26 20:31:52",01:54:50,,,"Overhead Triceps Extension",,,25.000,8,,,,NORMAL_SET,"3,3","1,3"
"Evening session","2026-03-26 20:31:52",01:54:50,,,"Overhead Triceps Extension",,,25.000,8,,,,NORMAL_SET,,
"Evening session","2026-03-26 20:31:52",01:54:50,,,"Lever Chest Press",,,73.000,6,,,,NORMAL_SET,,
"Evening session","2026-03-26 20:31:52",01:54:50,,,"Lever Chest Press",,,73.000,6,,,,NORMAL_SET,,
"Evening session","2026-03-26 20:31:52",01:54:50,,,"Cable One Arm Tricep Pushdown",,,14.000,6,,,,NORMAL_SET,,
"Evening session","2026-03-26 20:31:52",01:54:50,,,"Cable One Arm Tricep Pushdown",,,14.000,8,,,,NORMAL_SET,,
"Evening session","2026-03-26 20:31:52",01:54:50,,,"Cable One Arm Tricep Pushdown",,,14.000,8,,,,NORMAL_SET,,
"Evening session","2026-03-26 20:31:52",01:54:50,,,"Cable Standing Reverse Grip Curl",,,20.000,8,,,,NORMAL_SET,,
"Evening session","2026-03-26 20:31:52",01:54:50,,,"Cable Standing Reverse Grip Curl",,,22.500,8,,,,NORMAL_SET,"1,1,1","1,2,3"
"Evening session","2026-03-26 20:31:52",01:54:50,,,"Cable Standing Reverse Grip Curl",,,20.000,8,,,,NORMAL_SET,,
"Evening session","2026-03-23 18:15:20",01:17:53,,,"Scapular Pull-Up",,,0.000,10,,,,NORMAL_SET,,
"Evening session","2026-03-23 18:15:20",01:17:53,,,"Scapular Pull-Up",,,0.000,10,,,,NORMAL_SET,,
"Evening session","2026-03-23 18:15:20",01:17:53,,,"Scapular Pull-Up",,,0.000,10,,,,NORMAL_SET,,
"Evening session","2026-03-23 18:15:20",01:17:53,,,"Concentration Curl",,,24.000,6,,,,NORMAL_SET,,
"Evening session","2026-03-23 18:15:20",01:17:53,,,"Concentration Curl",,,24.000,6,,,,NORMAL_SET,,
"Evening session","2026-03-23 18:15:20",01:17:53,,,"Concentration Curl",,,24.000,6,,,,NORMAL_SET,,
"Evening session","2026-03-23 18:15:20",01:17:53,,,"Lever Seated Row",,,60.000,8,,,,NORMAL_SET,,
"Evening session","2026-03-23 18:15:20",01:17:53,,,"Lever Seated Row",,,50.000,8,,,,NORMAL_SET,,
"Evening session","2026-03-23 18:15:20",01:17:53,,,"Lever Seated Row",,,73.000,8,,,,NORMAL_SET,,
"Evening session","2026-03-23 18:15:20",01:17:53,,,"Cable Hammer Curl",,,27.000,8,,,,NORMAL_SET,,
"Evening session","2026-03-23 18:15:20",01:17:53,,,"Cable Hammer Curl",,,27.000,8,,,,NORMAL_SET,,
"Evening session","2026-03-23 18:15:20",01:17:53,,,"Cable Hammer Curl",,,27.000,8,,,,NORMAL_SET,,
"Evening session","2026-03-23 18:15:20",01:17:53,,,"Cable Wide Neutral Grip PullDown",,,86.000,8,,,,NORMAL_SET,2,3
"Evening session","2026-03-23 18:15:20",01:17:53,,,"Cable Wide Neutral Grip PullDown",,,100.000,6,,,,NORMAL_SET,,
"Evening session","2026-03-23 18:15:20",01:17:53,,,"Cable Wide Neutral Grip PullDown",,,100.000,3,,,,NORMAL_SET,,
"Evening session","2026-03-23 18:15:20",01:17:53,,,"Lever Preacher Curl",,,60.000,8,,,,DROP_SET,,
"Evening session","2026-03-23 18:15:20",01:17:53,,,"Lever Preacher Curl",,,60.000,8,,,,NORMAL_SET,,
"Evening session","2026-03-23 18:15:20",01:17:53,,,"Lever Preacher Curl",,,60.000,8,,,,NORMAL_SET,,
"Evening session","2026-03-22 19:27:22",01:48:12,,,"Full Squat",,,80.000,8,,,,NORMAL_SET,,
"Evening session","2026-03-22 19:27:22",01:48:12,,,"Full Squat",,,100.000,8,,,,NORMAL_SET,,
"Evening session","2026-03-22 19:27:22",01:48:12,,,"Full Squat",,,90.000,6,,,,NORMAL_SET,,
"Evening session","2026-03-22 19:27:22",01:48:12,,,"Lever Seated Calf Press",,,79.000,8,,,,NORMAL_SET,"3,3,3,3","1,2,3,4"
"Evening session","2026-03-22 19:27:22",01:48:12,,,"Lever Seated Calf Press",,,79.000,8,,,,NORMAL_SET,,
"Evening session","2026-03-22 19:27:22",01:48:12,,,"Lever Lying Leg Curl",,,41.000,8,,,,NORMAL_SET,,
"Evening session","2026-03-22 19:27:22",01:48:12,,,"Lever Lying Leg Curl",,,41.000,8,,,,NORMAL_SET,,
"Evening session","2026-03-22 19:27:22",01:48:12,,,"Lever Seated Leg Press",,,141.000,6,,,,NORMAL_SET,,
"Evening session","2026-03-22 19:27:22",01:48:12,,,"Lever Seated Leg Press",,,141.000,6,,,,NORMAL_SET,,
"Evening session","2026-03-22 19:27:22",01:48:12,,,Sit,,,,,,,01:00,NORMAL_SET,,
"Evening session","2026-03-22 19:27:22",01:48:12,,,"Cable Standing Reverse Grip Curl",,,20.000,8,,,,NORMAL_SET,"3,3","1,3"
"Evening session","2026-03-22 19:27:22",01:48:12,,,"Cable Standing Reverse Grip Curl",,,20.000,8,,,,NORMAL_SET,,
"Evening session","2026-03-22 19:27:22",01:48:12,,,"Cable Standing Back Wrist Curl",,,40.000,8,,,,NORMAL_SET,,
"Evening session","2026-03-22 19:27:22",01:48:12,,,"Cable Standing Back Wrist Curl",,,40.000,8,,,,NORMAL_SET,,
"Evening session","2026-03-22 19:27:22",01:48:12,,,"Dumbbell Incline Biceps Curl",,,18.000,6,,,,NORMAL_SET,,
"Evening session","2026-03-22 19:27:22",01:48:12,,,"Dumbbell Incline Biceps Curl",,,18.000,6,,,,NORMAL_SET,,
"Evening session","2026-03-20 19:25:55",01:57:50,,,"Bench Press",,,90.000,6,,,,NORMAL_SET,,
"Evening session","2026-03-20 19:25:55",01:57:50,,,"Bench Press",,,90.000,6,,,,NORMAL_SET,,
"Evening session","2026-03-20 19:25:55",01:57:50,,,"Lever Chest Press",,,100.000,6,,,,NORMAL_SET,,
"Evening session","2026-03-20 19:25:55",01:57:50,,,"Lever Chest Press",,,100.000,6,,,,NORMAL_SET,,
"Evening session","2026-03-20 19:25:55",01:57:50,,,"Cable One Arm Tricep Pushdown",,,14.000,8,,,,NORMAL_SET,,
"Evening session","2026-03-20 19:25:55",01:57:50,,,"Cable One Arm Tricep Pushdown",,,14.000,8,,,,NORMAL_SET,,
"Evening session","2026-03-20 19:25:55",01:57:50,,,"Dip on Floor with Chair",,,70.000,12,,,,NORMAL_SET,,
"Evening session","2026-03-20 19:25:55",01:57:50,,,"Dip on Floor with Chair",,,70.000,12,,,,NORMAL_SET,,
"Evening session","2026-03-20 19:25:55",01:57:50,,,"Cable Curl",,,30.000,8,,,,NORMAL_SET,,
"Evening session","2026-03-20 19:25:55",01:57:50,,,"Cable Curl",,,30.000,8,,,,NORMAL_SET,,
"Evening session","2026-03-20 19:25:55",01:57:50,,,"Cable Hammer Curl",,,25.000,10,,,,NORMAL_SET,,
"Evening session","2026-03-20 19:25:55",01:57:50,,,"Cable Hammer Curl",,,27.000,8,,,,NORMAL_SET,,
"Evening session","2026-03-20 19:25:55",01:57:50,,,Pull-up,,,0.000,8,,,,NORMAL_SET,,
"Evening session","2026-03-20 19:25:55",01:57:50,,,Pull-up,,,0.000,8,,,,NORMAL_SET,,
"Evening session","2026-03-20 19:25:55",01:57:50,,,"Lever Seated Fly",,,100.000,8,,,,NORMAL_SET,,
"Evening session","2026-03-20 19:25:55",01:57:50,,,"Lever Seated Fly",,,113.000,8,,,,NORMAL_SET,,
"Evening session","2026-03-20 19:25:55",01:57:50,,,"Pseudo Planche Push-up",,,69.000,6,,,,NORMAL_SET,,
"Evening session","2026-03-20 19:25:55",01:57:50,,,"Pseudo Planche Push-up",,,69.000,6,,,,NORMAL_SET,,
"Evening session","2026-03-20 19:25:55",01:57:50,,,"Cable Standing Reverse Grip Curl",,,18.000,8,,,,NORMAL_SET,,
"Evening session","2026-03-20 19:25:55",01:57:50,,,"Cable Standing Reverse Grip Curl",,,18.000,8,,,,NORMAL_SET,,
"Evening session","2026-03-20 19:25:55",01:57:50,,,"Standing Military Press",,,40.000,6,,,,NORMAL_SET,,
"Evening session","2026-03-20 19:25:55",01:57:50,,,"Standing Military Press",,,40.000,6,,,,NORMAL_SET,,
"Evening session","2026-03-20 17:32:59",00:36:48,,,Pull-up,,,0.000,10,,,,NORMAL_SET,,
"Evening session","2026-03-20 17:32:59",00:36:48,,,Pull-up,,,0.000,10,,,,NORMAL_SET,,
"Evening session","2026-03-20 17:32:59",00:36:48,,,Pull-up,,,0.000,10,,,,NORMAL_SET,,
"Evening session","2026-03-20 17:32:59",00:36:48,,,"Dips between Chairs",,,0.000,10,,,,NORMAL_SET,,
"Evening session","2026-03-20 17:32:59",00:36:48,,,"Dips between Chairs",,,0.000,10,,,,NORMAL_SET,,
"Evening session","2026-03-20 17:32:59",00:36:48,,,"Dips between Chairs",,,0.000,10,,,,NORMAL_SET,,
"Evening session","2026-03-20 17:32:59",00:36:48,,,Muscle-up,,,0.000,8,,,,NORMAL_SET,,
"Evening session","2026-03-20 17:32:59",00:36:48,,,Muscle-up,,,0.000,6,,,,NORMAL_SET,,
"Evening session","2026-03-20 17:32:59",00:36:48,,,"Front Lever Reps",,,0.000,4,,,,NORMAL_SET,1,1
"Evening session","2026-03-17 21:22:26",01:37:49,,,Pull-up,,,0.000,10,,,,NORMAL_SET,,
"Evening session","2026-03-17 21:22:26",01:37:49,,,Pull-up,,,0.000,10,,,,NORMAL_SET,,
"Evening session","2026-03-17 21:22:26",01:37:49,,,Pull-up,,,0.000,10,,,,NORMAL_SET,,
"Evening session","2026-03-17 21:22:26",01:37:49,,,"Cable Straight Back Seated Row",,,73.000,8,,,,NORMAL_SET,1,3
"Evening session","2026-03-17 21:22:26",01:37:49,,,"Cable Straight Back Seated Row",,,73.000,8,,,,NORMAL_SET,2,3
"Evening session","2026-03-17 21:22:26",01:37:49,,,"Cable Straight Back Seated Row",,,73.000,8,,,,NORMAL_SET,3,3
"Evening session","2026-03-17 21:22:26",01:37:49,,,"Cable One Arm Biceps Curl",,,15.000,8,,,,NORMAL_SET,,
"Evening session","2026-03-17 21:22:26",01:37:49,,,"Cable One Arm Biceps Curl",,,15.000,8,,,,NORMAL_SET,,
"Evening session","2026-03-17 21:22:26",01:37:49,,,"Cable One Arm Biceps Curl",,,15.000,8,,,,NORMAL_SET,,
"Evening session","2026-03-17 21:22:26",01:37:49,,,"Biceps Curl",,,22.000,6,,,,NORMAL_SET,,
"Evening session","2026-03-17 21:22:26",01:37:49,,,"Biceps Curl",,,22.000,6,,,,NORMAL_SET,,
"Evening session","2026-03-17 21:22:26",01:37:49,,,"Lever Seated Reverse Fly",,,79.000,8,,,,NORMAL_SET,,
"Evening session","2026-03-17 21:22:26",01:37:49,,,"Lever Seated Reverse Fly",,,79.000,8,,,,NORMAL_SET,,
"Evening session","2026-03-17 21:22:26",01:37:49,,,"Cable Lateral Pulldown with V-bar",,,86.000,6,,,,NORMAL_SET,,
"Evening session","2026-03-17 21:22:26",01:37:49,,,"Cable Lateral Pulldown with V-bar",,,93.000,6,,,,NORMAL_SET,"1,1","1,2"
"Evening session","2026-03-17 21:22:26",01:37:49,,,"Cable Hammer Curl",,,27.000,8,,,,NORMAL_SET,,
"Evening session","2026-03-17 21:22:26",01:37:49,,,"Cable Hammer Curl",,,27.000,8,,,,NORMAL_SET,,
"Evening session","2026-03-17 21:22:26",01:37:49,,,"Incline Twisting Sit-up",,,69.000,10,,,,NORMAL_SET,,
"Evening session","2026-03-17 21:22:26",01:37:49,,,"Incline Twisting Sit-up",,,69.000,10,,,,NORMAL_SET,,
"Evening session","2026-03-15 13:24:56",01:59:01,,,"Bench Press",,,80.000,6,,,,NORMAL_SET,,
"Evening session","2026-03-15 13:24:56",01:59:01,,,"Bench Press",,,90.000,6,,,,NORMAL_SET,,
"Evening session","2026-03-15 13:24:56",01:59:01,,,"Dumbbell Incline Bench Press",,,32.000,8,,,,NORMAL_SET,,
"Evening session","2026-03-15 13:24:56",01:59:01,,,"Lever Seated Fly",,,100.000,8,,,,NORMAL_SET,,
"Evening session","2026-03-15 13:24:56",01:59:01,,,"Lever Seated Fly",,,113.000,8,,,,NORMAL_SET,,
"Evening session","2026-03-15 13:24:56",01:59:01,,,"Lever Seated Fly",,,120.000,8,,,,NORMAL_SET,,
"Evening session","2026-03-15 13:24:56",01:59:01,,,"Triceps Pushdown",,,41.000,6,,,,NORMAL_SET,,
"Evening session","2026-03-15 13:24:56",01:59:01,,,"Triceps Pushdown",,,41.000,6,,,,NORMAL_SET,,
"Evening session","2026-03-15 13:24:56",01:59:01,,,"Triceps Pushdown",,,45.500,5,,,,NORMAL_SET,,
"Evening session","2026-03-15 13:24:56",01:59:01,,,"Overhead Triceps Extension",,,25.000,8,,,,NORMAL_SET,"1,1,1","1,2,3"
"Evening session","2026-03-15 13:24:56",01:59:01,,,"Overhead Triceps Extension",,,25.000,6,,,,NORMAL_SET,"2,2,2","1,2,3"
"Evening session","2026-03-15 13:24:56",01:59:01,,,"Cable One Arm Lateral Raise",,,7.000,8,,,,NORMAL_SET,,
"Evening session","2026-03-15 13:24:56",01:59:01,,,"Cable One Arm Lateral Raise",,,8.000,8,,,,NORMAL_SET,,
"Evening session","2026-03-15 13:24:56",01:59:01,,,"Lever Chest Press",,,113.000,5,,,,NORMAL_SET,,
"Evening session","2026-03-15 13:24:56",01:59:01,,,"Lever Chest Press",,,100.000,6,,,,NORMAL_SET,,
"Evening session","2026-03-15 13:24:56",01:59:01,,,"Cable One Arm Tricep Pushdown",,,14.000,8,,,,NORMAL_SET,,
"Evening session","2026-03-15 13:24:56",01:59:01,,,"Cable One Arm Tricep Pushdown",,,14.000,8,,,,NORMAL_SET,,
"Evening session","2026-03-15 13:24:56",01:59:01,,,"Dip on Floor with Chair",,,70.000,12,,,,NORMAL_SET,,
"Evening session","2026-03-15 13:24:56",01:59:01,,,"Dip on Floor with Chair",,,70.000,12,,,,NORMAL_SET,,
"Evening session","2026-03-15 13:24:56",01:59:01,,,"Incline Twisting Sit-up",,,69.000,10,,,,NORMAL_SET,"1,1,1,3","1,2,3,4"
"Evening session","2026-03-15 13:24:56",01:59:01,,,"Incline Twisting Sit-up",,,69.000,10,,,,NORMAL_SET,"2,2,2","1,2,3"
"Evening session","2026-03-15 13:24:56",01:59:01,,,"Incline Twisting Sit-up",,,69.000,10,,,,NORMAL_SET,"3,3,3","1,2,3"
"Evening session","2026-03-15 13:24:56",01:59:01,,,"Lever Seated Crunch",,,60.000,12,,,,NORMAL_SET,"3,3,3,3","1,2,3,4"
"Evening session","2026-03-15 13:24:56",01:59:01,,,"Lever Seated Crunch",,,60.000,12,,,,NORMAL_SET,,
"Evening session","2026-03-15 13:24:56",01:59:01,,,"Lever Seated Crunch",,,60.000,12,,,,NORMAL_SET,,
"Evening session","2026-03-14 22:02:54",01:20:43,,,"Full Squat",,,100.000,6,,,,NORMAL_SET,,
"Evening session","2026-03-14 22:02:54",01:20:43,,,"Full Squat",,,100.000,6,,,,NORMAL_SET,,
"Evening session","2026-03-14 22:02:54",01:20:43,,,"Full Squat",,,100.000,6,,,,NORMAL_SET,,
"Evening session","2026-03-14 22:02:54",01:20:43,,,"Lever Seated Leg Press",,,127.000,8,,,,NORMAL_SET,,
"Evening session","2026-03-14 22:02:54",01:20:43,,,"Lever Seated Leg Press",,,141.000,6,,,,NORMAL_SET,,
"Evening session","2026-03-14 22:02:54",01:20:43,,,"Lever Seated Leg Press",,,141.000,6,,,,NORMAL_SET,,
"Evening session","2026-03-14 22:02:54",01:20:43,,,"Lever Seated Calf Press",,,79.000,8,,,,NORMAL_SET,1,1
"Evening session","2026-03-14 22:02:54",01:20:43,,,"Lever Seated Calf Press",,,79.000,8,,,,NORMAL_SET,,
"Evening session","2026-03-11 14:22:58",01:58:46,,,"Cable Wide Neutral Grip PullDown",,,80.000,8,,,,NORMAL_SET,,
"Evening session","2026-03-11 14:22:58",01:58:46,,,"Cable Wide Neutral Grip PullDown",,,93.000,6,,,,NORMAL_SET,,
"Evening session","2026-03-11 14:22:58",01:58:46,,,"Cable Wide Neutral Grip PullDown",,,93.000,6,,,,NORMAL_SET,,
"Evening session","2026-03-11 14:22:58",01:58:46,,,"Cable Straight Back Seated Row",,,80.000,6,,,,NORMAL_SET,,
"Evening session","2026-03-11 14:22:58",01:58:46,,,"Cable Straight Back Seated Row",,,73.000,7,,,,NORMAL_SET,,
"Evening session","2026-03-11 14:22:58",01:58:46,,,"Cable Straight Back Seated Row",,,73.000,7,,,,NORMAL_SET,,
"Evening session","2026-03-11 14:22:58",01:58:46,,,"Cable One Arm Biceps Curl",,,15.000,7,,,,NORMAL_SET,,
"Evening session","2026-03-11 14:22:58",01:58:46,,,"Cable One Arm Biceps Curl",,,15.000,7,,,,NORMAL_SET,,
"Evening session","2026-03-11 14:22:58",01:58:46,,,"Cable One Arm Biceps Curl",,,15.000,7,,,,NORMAL_SET,,
"Evening session","2026-03-11 14:22:58",01:58:46,,,"Cable Curl",,,30.000,8,,,,NORMAL_SET,,
"Evening session","2026-03-11 14:22:58",01:58:46,,,"Cable Curl",,,30.000,8,,,,NORMAL_SET,,
"Evening session","2026-03-11 14:22:58",01:58:46,,,"Cable Curl",,,30.000,8,,,,NORMAL_SET,,
"Evening session","2026-03-11 14:22:58",01:58:46,,,"Lever Seated Reverse Fly",,,66.000,8,,,,NORMAL_SET,,
"Evening session","2026-03-11 14:22:58",01:58:46,,,"Lever Seated Reverse Fly",,,79.000,8,,,,NORMAL_SET,"3,3","1,2"
"Evening session","2026-03-11 14:22:58",01:58:46,,,Pull-up,,,0.000,8,,,,NORMAL_SET,,
"Evening session","2026-03-11 14:22:58",01:58:46,,,Pull-up,,,0.000,8,,,,NORMAL_SET,,
"Evening session","2026-03-11 14:22:58",01:58:46,,,Pull-up,,,0.000,8,,,,NORMAL_SET,,
"Evening session","2026-03-11 14:22:58",01:58:46,,,"Dumbbell Hammer Curls",,,20.000,8,,,,NORMAL_SET,,
"Evening session","2026-03-11 14:22:58",01:58:46,,,"Dumbbell Hammer Curls",,,22.000,6,,,,NORMAL_SET,"1,1","1,2"
"Evening session","2026-03-11 14:22:58",01:58:46,,,"Incline Twisting Sit-up",,,0.000,12,,,,NORMAL_SET,1,1
"Evening session","2026-03-11 14:22:58",01:58:46,,,"Incline Twisting Sit-up",,,0.000,12,,,,NORMAL_SET,,
"Evening session","2026-03-11 14:22:58",01:58:46,,,"Lever Seated Crunch",,,60.000,12,,,,NORMAL_SET,"1,1,1,1","1,2,3,4"
"Evening session","2026-03-11 14:22:58",01:58:46,,,"Lever Seated Crunch",,,60.000,12,,,,NORMAL_SET,"2,2,2,2","1,2,3,4"
"Morning session","2026-03-10 11:44:00",01:21:36,,,"Bench Press",,,90.000,5,,,,NORMAL_SET,,
"Morning session","2026-03-10 11:44:00",01:21:36,,,"Bench Press",,,80.000,6,,,,NORMAL_SET,,
"Morning session","2026-03-10 11:44:00",01:21:36,,,"Bench Press",,,90.000,5,,,,NORMAL_SET,,
"Morning session","2026-03-10 11:44:00",01:21:36,,,"Lever Chest Press",,,100.000,8,,,,NORMAL_SET,,
"Morning session","2026-03-10 11:44:00",01:21:36,,,"Lever Chest Press",,,100.000,6,,,,NORMAL_SET,,
"Morning session","2026-03-10 11:44:00",01:21:36,,,"Lever Chest Press",,,100.000,5,,,,NORMAL_SET,,
"Morning session","2026-03-10 11:44:00",01:21:36,,,"Cable Pushdown",,,25.000,8,,,,NORMAL_SET,,
"Morning session","2026-03-10 11:44:00",01:21:36,,,"Cable Pushdown",,,25.000,8,,,,NORMAL_SET,,
"Morning session","2026-03-10 11:44:00",01:21:36,,,"Cable Pushdown",,,25.000,8,,,,NORMAL_SET,,
"Morning session","2026-03-10 11:44:00",01:21:36,,,"Dips between Chairs",,,0.000,,,,,NORMAL_SET,,
"Morning session","2026-03-10 11:44:00",01:21:36,,,"Dips between Chairs",,,0.000,,,,,NORMAL_SET,,
"Morning session","2026-03-10 11:44:00",01:21:36,,,"Dips between Chairs",,,0.000,,,,,NORMAL_SET,,
"Morning session","2026-03-10 11:44:00",01:21:36,,,"Pseudo Planche Push-up",,,69.000,6,,,,NORMAL_SET,,
"Morning session","2026-03-10 11:44:00",01:21:36,,,"Pseudo Planche Push-up",,,69.000,6,,,,NORMAL_SET,,
"Morning session","2026-03-10 11:44:00",01:21:36,,,"Pseudo Planche Push-up",,,69.000,6,,,,NORMAL_SET,,
"Morning session","2026-03-10 11:44:00",01:21:36,,,"Dip on Floor with Chair",,,70.000,12,,,,NORMAL_SET,,
"Morning session","2026-03-10 11:44:00",01:21:36,,,"Dip on Floor with Chair",,,70.000,12,,,,NORMAL_SET,,
"Morning session","2026-03-10 11:44:00",01:21:36,,,"Dip on Floor with Chair",,,70.000,12,,,,NORMAL_SET,,
"Morning session","2026-03-10 11:44:00",01:21:36,,,"Standing Military Press",,,40.000,6,,,,NORMAL_SET,,
"Morning session","2026-03-10 11:44:00",01:21:36,,,"Standing Military Press",,,40.000,6,,,,NORMAL_SET,,
"Evening session","2026-03-08 18:41:43",00:51:06,,,"Full Squat",,,90.000,6,,,,NORMAL_SET,,
"Evening session","2026-03-08 18:41:43",00:51:06,,,"Full Squat",,,100.000,6,,,,NORMAL_SET,,
"Evening session","2026-03-08 18:41:43",00:51:06,,,"Full Squat",,,100.000,6,,,,NORMAL_SET,,
"Evening session","2026-03-08 18:41:43",00:51:06,,,"Sled Hack Squat",,,130.000,6,,,,NORMAL_SET,,
"Evening session","2026-03-08 18:41:43",00:51:06,,,"Sled Hack Squat",,,130.000,6,,,,NORMAL_SET,,
"Evening session","2026-03-08 18:41:43",00:51:06,,,"Sled Hack Squat",,,130.000,6,,,,NORMAL_SET,,
"Evening session","2026-03-08 18:41:43",00:51:06,,,"Lever Leg Extension",,,79.000,8,,,,NORMAL_SET,,
"Evening session","2026-03-08 18:41:43",00:51:06,,,"Lever Leg Extension",,,86.000,8,,,,NORMAL_SET,,
"Evening session","2026-03-08 18:41:43",00:51:06,,,"Lever Leg Extension",,,86.000,8,,,,NORMAL_SET,,
"Evening session","2026-03-08 18:41:43",00:51:06,,,"Lever Standing Calf Raise",,,60.000,8,,,,NORMAL_SET,,
"Evening session","2026-03-08 18:41:43",00:51:06,,,"Lever Standing Calf Raise",,,80.000,8,,,,NORMAL_SET,"3,3,3","1,2,3"
"Evening session","2026-03-04 16:53:09",01:34:40,,,"Cable Wide Neutral Grip PullDown",,,80.000,10,,,,NORMAL_SET,"1,1","3,4"
"Evening session","2026-03-04 16:53:09",01:34:40,,,"Cable Wide Neutral Grip PullDown",,,100.000,6,,,,NORMAL_SET,,
"Evening session","2026-03-04 16:53:09",01:34:40,,,"Cable Wide Neutral Grip PullDown",,,93.000,5,,,,NORMAL_SET,,
"Evening session","2026-03-04 16:53:09",01:34:40,,,Pull-up,,,0.000,8,,,,NORMAL_SET,,
"Evening session","2026-03-04 16:53:09",01:34:40,,,Pull-up,,,0.000,8,,,,NORMAL_SET,,
"Evening session","2026-03-04 16:53:09",01:34:40,,,Pull-up,,,0.000,8,,,,NORMAL_SET,,
"Evening session","2026-03-04 16:53:09",01:34:40,,,"Biceps Curl",,,20.000,8,,,,NORMAL_SET,,
"Evening session","2026-03-04 16:53:09",01:34:40,,,"Biceps Curl",,,18.000,8,,,,NORMAL_SET,,
"Evening session","2026-03-04 16:53:09",01:34:40,,,"Biceps Curl",,,18.000,8,,,,NORMAL_SET,,
"Evening session","2026-03-04 16:53:09",01:34:40,,,"Cable Hammer Curl",,,27.000,8,,,,NORMAL_SET,,
"Evening session","2026-03-04 16:53:09",01:34:40,,,"Cable Hammer Curl",,,27.000,8,,,,NORMAL_SET,,
"Evening session","2026-03-04 16:53:09",01:34:40,,,"Cable Hammer Curl",,,31.500,8,,,,NORMAL_SET,,
"Evening session","2026-03-04 16:53:09",01:34:40,,,"Lever Seated Row",,,40.000,8,,,,NORMAL_SET,,
"Evening session","2026-03-04 16:53:09",01:34:40,,,"Lever Seated Row",,,50.000,8,,,,NORMAL_SET,,
"Evening session","2026-03-04 16:53:09",01:34:40,,,"Lever Seated Row",,,50.000,8,,,,NORMAL_SET,,
"Evening session","2026-03-04 16:53:09",01:34:40,,,"Cable Standing Back Wrist Curl",,,34.000,8,,,,NORMAL_SET,,
"Evening session","2026-03-04 16:53:09",01:34:40,,,"Cable Standing Back Wrist Curl",,,45.000,8,,,,NORMAL_SET,,
"Evening session","2026-03-04 16:53:09",01:34:40,,,"Cable Standing Reverse Grip Curl",,,20.000,6,,,,NORMAL_SET,,
"Evening session","2026-03-04 16:53:09",01:34:40,,,"Cable Standing Reverse Grip Curl",,,18.000,8,,,,NORMAL_SET,3,3
"Evening session","2026-03-04 16:53:09",01:34:40,,,"Lever Preacher Curl",,,60.000,8,,,,DROP_SET,,
"Evening session","2026-03-04 16:53:09",01:34:40,,,"Lever Preacher Curl",,,60.000,8,,,,NORMAL_SET,,
"Evening session","2026-03-02 16:23:45",01:29:51,,,"Bench Press",,,80.000,8,,,,NORMAL_SET,,
"Evening session","2026-03-02 16:23:45",01:29:51,,,"Bench Press",,,100.000,3,,,,NORMAL_SET,,
"Evening session","2026-03-02 16:23:45",01:29:51,,,"Bench Press",,,80.000,6,,,,NORMAL_SET,,
"Evening session","2026-03-02 16:23:45",01:29:51,,,"Lever Seated Fly",,,86.000,8,,,,NORMAL_SET,,
"Evening session","2026-03-02 16:23:45",01:29:51,,,"Lever Seated Fly",,,113.000,8,,,,NORMAL_SET,,
"Evening session","2026-03-02 16:23:45",01:29:51,,,"Lever Seated Fly",,,120.000,8,,,,NORMAL_SET,,
"Evening session","2026-03-02 16:23:45",01:29:51,,,"Triceps Pushdown",,,36.000,8,,,,FAILURE_SET,,
"Evening session","2026-03-02 16:23:45",01:29:51,,,"Triceps Pushdown",,,41.000,8,,,,NORMAL_SET,,
"Evening session","2026-03-02 16:23:45",01:29:51,,,"Triceps Pushdown",,,41.000,8,,,,NORMAL_SET,,
"Evening session","2026-03-02 16:23:45",01:29:51,,,"Cable One Arm Tricep Pushdown",,,14.000,8,,,,NORMAL_SET,,
"Evening session","2026-03-02 16:23:45",01:29:51,,,"Cable One Arm Tricep Pushdown",,,14.000,8,,,,NORMAL_SET,,
"Evening session","2026-03-02 16:23:45",01:29:51,,,"Cable One Arm Tricep Pushdown",,,14.000,8,,,,NORMAL_SET,,
"Evening session","2026-03-02 16:23:45",01:29:51,,,"Archer Push up",,,66.000,8,,,,NORMAL_SET,,
"Evening session","2026-03-02 16:23:45",01:29:51,,,"Archer Push up",,,66.000,8,,,,NORMAL_SET,,
"Evening session","2026-03-02 16:23:45",01:29:51,,,"Dip on Floor with Chair",,,70.000,12,,,,NORMAL_SET,,
"Evening session","2026-03-02 16:23:45",01:29:51,,,"Dip on Floor with Chair",,,70.000,12,,,,NORMAL_SET,,
"Evening session","2026-03-02 16:23:45",01:29:51,,,"Dip on Floor with Chair",,,70.000,12,,,,NORMAL_SET,,
"Morning session","2026-03-01 11:42:35",00:55:12,,,"Full Squat","Able to do max 100kg 6 times 3",,90.000,6,,,,NORMAL_SET,,
"Morning session","2026-03-01 11:42:35",00:55:12,,,"Full Squat","Able to do max 100kg 6 times 3",,110.000,5,,,,NORMAL_SET,"3,3","1,2"
"Morning session","2026-03-01 11:42:35",00:55:12,,,"Full Squat","Able to do max 100kg 6 times 3",,100.000,6,,,,NORMAL_SET,,
"Morning session","2026-03-01 11:42:35",00:55:12,,,"Lever Seated Leg Press",,,127.000,6,,,,NORMAL_SET,,
"Morning session","2026-03-01 11:42:35",00:55:12,,,"Lever Seated Leg Press",,,127.000,6,,,,NORMAL_SET,,
"Morning session","2026-03-01 11:42:35",00:55:12,,,"Lever Seated Leg Press",,,127.000,6,,,,NORMAL_SET,,
"Morning session","2026-03-01 11:42:35",00:55:12,,,"Lever Seated Squat Calf Raise on Leg Press Machine",,,79.000,8,,,,NORMAL_SET,,
"Morning session","2026-03-01 11:42:35",00:55:12,,,"Lever Seated Squat Calf Raise on Leg Press Machine",,,79.000,10,,,,NORMAL_SET,1,4
"Morning session","2026-03-01 11:42:35",00:55:12,,,"Lever Seated Squat Calf Raise on Leg Press Machine",,,100.000,10,,,,NORMAL_SET,"1,1,1,2","1,2,3,4"
"Morning session","2026-03-01 11:42:35",00:55:12,,,"Lever Lying Leg Curl",,,36.000,6,,,,NORMAL_SET,,
"Morning session","2026-03-01 11:42:35",00:55:12,,,"Lever Lying Leg Curl",,,36.000,6,,,,NORMAL_SET,,
"Morning session","2026-03-01 11:42:35",00:55:12,,,"Standing Hamstrings and Back Stretch",,,,,,,,NORMAL_SET,,
"Morning session","2026-03-01 11:42:35",00:55:12,,,"Seated Single Leg Hamstring Stretch",,,,,,,,NORMAL_SET,,
"Morning session","2026-03-01 11:42:35",00:55:12,,,"Seated Groin Stretch",,,,,,,,NORMAL_SET,,
"Morning session","2026-03-01 11:42:35",00:55:12,,,"Standing Balance Quadriceps Stretch",,,,,,,,NORMAL_SET,,
"Evening session","2026-02-27 17:18:28",00:58:47,,,"Cable Wide-Grip Lat Pulldown",,,80.000,8,,,,NORMAL_SET,,
"Evening session","2026-02-27 17:18:28",00:58:47,,,"Cable Wide-Grip Lat Pulldown",,,86.000,8,,,,NORMAL_SET,,
"Evening session","2026-02-27 17:18:28",00:58:47,,,"Cable Wide-Grip Lat Pulldown",,,93.000,6,,,,NORMAL_SET,,
"Evening session","2026-02-27 17:18:28",00:58:47,,,"Cable Straight Back Seated Row",,,80.000,6,,,,NORMAL_SET,,
"Evening session","2026-02-27 17:18:28",00:58:47,,,"Cable Straight Back Seated Row",,,80.000,6,,,,NORMAL_SET,,
"Evening session","2026-02-27 17:18:28",00:58:47,,,"Cable Straight Back Seated Row",,,73.000,6,,,,NORMAL_SET,,
"Evening session","2026-02-27 17:18:28",00:58:47,,,"Cable Hammer Curl",,,25.000,8,,,,NORMAL_SET,,
"Evening session","2026-02-27 17:18:28",00:58:47,,,"Cable Hammer Curl",,,27.000,8,,,,NORMAL_SET,,
"Evening session","2026-02-27 17:18:28",00:58:47,,,"Cable Hammer Curl",,,27.000,8,,,,NORMAL_SET,,
"Evening session","2026-02-27 17:18:28",00:58:47,,,"Biceps Curl",,,18.000,6,,,,NORMAL_SET,,
"Evening session","2026-02-27 17:18:28",00:58:47,,,"Biceps Curl",,,18.000,6,,,,NORMAL_SET,,
"Evening session","2026-02-27 17:18:28",00:58:47,,,"Biceps Curl",,,18.000,6,,,,NORMAL_SET,,
"Evening session","2026-02-27 17:18:28",00:58:47,,,Chin-Up,,,0.000,8,,,,NORMAL_SET,,
"Evening session","2026-02-27 17:18:28",00:58:47,,,Chin-Up,,,0.000,8,,,,NORMAL_SET,,
"Evening session","2026-02-27 17:18:28",00:58:47,,,Pull-up,,,0.000,8,,,,NORMAL_SET,,
"Evening session","2026-02-27 17:18:28",00:58:47,,,Pull-up,,,0.000,8,,,,NORMAL_SET,,
"Evening session","2026-02-27 17:18:28",00:58:47,,,"Cable Curl",,,25.000,8,,,,NORMAL_SET,,
"Evening session","2026-02-27 17:18:28",00:58:47,,,"Cable Curl",,,30.000,8,,,,NORMAL_SET,,
"Evening session","2026-02-23 21:18:00",01:16:35,,,"Bench Press",,,80.000,8,,,,NORMAL_SET,,
"Evening session","2026-02-23 21:18:00",01:16:35,,,"Bench Press",,,90.000,6,,,,NORMAL_SET,,
"Evening session","2026-02-23 21:18:00",01:16:35,,,"Bench Press",,,80.000,7,,,,NORMAL_SET,,
"Evening session","2026-02-23 21:18:00",01:16:35,,,"Cable One Arm Tricep Pushdown",,,14.000,8,,,,NORMAL_SET,,
"Evening session","2026-02-23 21:18:00",01:16:35,,,"Cable One Arm Tricep Pushdown",,,14.000,8,,,,NORMAL_SET,,
"Evening session","2026-02-23 21:18:00",01:16:35,,,"Cable One Arm Tricep Pushdown",,,14.000,8,,,,NORMAL_SET,,
"Evening session","2026-02-23 21:18:00",01:16:35,,,"Incline Bench Press",,,30.000,6,,,,NORMAL_SET,,
"Evening session","2026-02-23 21:18:00",01:16:35,,,"Incline Bench Press",,,30.000,6,,,,NORMAL_SET,,
"Evening session","2026-02-23 21:18:00",01:16:35,,,"Incline Bench Press",,,30.000,5,,,,NORMAL_SET,,
"Evening session","2026-02-23 21:18:00",01:16:35,,,"Dips between Chairs",,,0.000,10,,,,NORMAL_SET,,
"Evening session","2026-02-23 21:18:00",01:16:35,,,"Dips between Chairs",,,0.000,10,,,,NORMAL_SET,,
"Evening session","2026-02-23 21:18:00",01:16:35,,,"Dips between Chairs",,,0.000,10,,,,NORMAL_SET,,
"Evening session","2026-02-23 21:18:00",01:16:35,,,"Dip on Floor with Chair",,,70.000,12,,,,NORMAL_SET,,
"Evening session","2026-02-23 21:18:00",01:16:35,,,"Dip on Floor with Chair",,,70.000,12,,,,NORMAL_SET,,
"Evening session","2026-02-23 21:18:00",01:16:35,,,"Dip on Floor with Chair",,,70.000,12,,,,NORMAL_SET,,
"Evening session","2026-02-23 21:18:00",01:16:35,,,"Pseudo Planche Push-up",,,69.000,6,,,,NORMAL_SET,,
"Evening session","2026-02-23 21:18:00",01:16:35,,,"Pseudo Planche Push-up",,,69.000,6,,,,NORMAL_SET,,
"Evening session","2026-02-23 21:18:00",01:16:35,,,"Pseudo Planche Push-up",,,69.000,6,,,,NORMAL_SET,,
"Evening session","2026-02-22 18:37:12",01:02:03,,,"Lever Seated Leg Press",,,100.000,6,,,,NORMAL_SET,,
"Evening session","2026-02-22 18:37:12",01:02:03,,,"Lever Seated Leg Press",,,127.000,8,,,,NORMAL_SET,,
"Evening session","2026-02-22 18:37:12",01:02:03,,,"Lever Seated Leg Press",,,127.000,6,,,,NORMAL_SET,,
"Evening session","2026-02-22 18:37:12",01:02:03,,,"Full Squat",,,90.000,6,,,,NORMAL_SET,,
"Evening session","2026-02-22 18:37:12",01:02:03,,,"Full Squat",,,95.000,6,,,,NORMAL_SET,,
"Evening session","2026-02-22 18:37:12",01:02:03,,,"Full Squat",,,100.000,6,,,,NORMAL_SET,,
"Evening session","2026-02-22 18:37:12",01:02:03,,,"Lever Leg Extension",,,79.000,8,,,,NORMAL_SET,,
"Evening session","2026-02-22 18:37:12",01:02:03,,,"Lever Leg Extension",,,79.000,8,,,,NORMAL_SET,,
"Evening session","2026-02-22 18:37:12",01:02:03,,,"Handstand Push-Up",,,0.000,4,,,,NORMAL_SET,,
"Evening session","2026-02-22 18:37:12",01:02:03,,,"Handstand Push-Up",,,0.000,4,,,,NORMAL_SET,,
"Evening session","2026-02-22 18:37:12",01:02:03,,,"Handstand Push-Up",,,0.000,3,,,,NORMAL_SET,,
"Evening session","2026-02-22 18:37:12",01:02:03,,,Chin-Up,,,0.000,8,,,,NORMAL_SET,,
"Evening session","2026-02-22 18:37:12",01:02:03,,,Chin-Up,,,0.000,8,,,,NORMAL_SET,,
"Evening session","2026-02-20 17:39:03",01:16:10,,,"Cable One Arm Biceps Curl",,,15.000,8,,,,NORMAL_SET,,
"Evening session","2026-02-20 17:39:03",01:16:10,,,"Cable One Arm Biceps Curl",,,15.000,8,,,,NORMAL_SET,,
"Evening session","2026-02-20 17:39:03",01:16:10,,,"Cable Hammer Curl",,,25.000,8,,,,NORMAL_SET,,
"Evening session","2026-02-20 17:39:03",01:16:10,,,"Cable Hammer Curl",,,27.000,8,,,,NORMAL_SET,,
"Evening session","2026-02-20 17:39:03",01:16:10,,,"Triceps Pushdown",,,36.000,8,,,,FAILURE_SET,,
"Evening session","2026-02-20 17:39:03",01:16:10,,,"Triceps Pushdown",,,41.000,8,,,,NORMAL_SET,,
"Evening session","2026-02-20 17:39:03",01:16:10,,,"High Pulley Overhead Tricep Extension",,,20.000,8,,,,NORMAL_SET,,
"Evening session","2026-02-20 17:39:03",01:16:10,,,"High Pulley Overhead Tricep Extension",,,25.000,8,,,,NORMAL_SET,,
"Evening session","2026-02-20 17:39:03",01:16:10,,,"Cable One Arm Lateral Raise",,,7.000,8,,,,NORMAL_SET,,
"Evening session","2026-02-20 17:39:03",01:16:10,,,"Cable One Arm Lateral Raise",,,7.000,8,,,,NORMAL_SET,,
"Evening session","2026-02-20 17:39:03",01:16:10,,,"Lever Seated Reverse Fly",,,66.000,8,,,,NORMAL_SET,,
"Evening session","2026-02-20 17:39:03",01:16:10,,,"Lever Seated Reverse Fly",,,66.000,8,,,,NORMAL_SET,,
"Evening session","2026-02-20 17:39:03",01:16:10,,,"Cable Curl",,,25.000,8,,,,NORMAL_SET,,
"Evening session","2026-02-20 17:39:03",01:16:10,,,"Cable Curl",,,31.500,8,,,,NORMAL_SET,,
"Evening session","2026-02-20 17:39:03",01:16:10,,,"Cable One Arm Tricep Pushdown",,,14.000,8,,,,NORMAL_SET,,
"Evening session","2026-02-20 17:39:03",01:16:10,,,"Cable One Arm Tricep Pushdown",,,14.000,8,,,,NORMAL_SET,,
"Evening session","2026-02-18 22:43:54",00:55:23,,,"Cable Curl",,,27.000,8,,,,NORMAL_SET,,
"Evening session","2026-02-18 22:43:54",00:55:23,,,"Cable Curl",,,31.500,8,,,,NORMAL_SET,,
"Evening session","2026-02-18 22:43:54",00:55:23,,,"Cable Curl",,,31.500,8,,,,NORMAL_SET,,
"Evening session","2026-02-18 22:43:54",00:55:23,,,"Concentration Curl",,,20.000,6,,,,NORMAL_SET,,
"Evening session","2026-02-18 22:43:54",00:55:23,,,"Concentration Curl",,,22.000,6,,,,NORMAL_SET,,
"Evening session","2026-02-18 22:43:54",00:55:23,,,"Concentration Curl",,,22.000,6,,,,NORMAL_SET,,
"Evening session","2026-02-18 22:43:54",00:55:23,,,"Lever Lateral Pulldown",,,80.000,7,,,,NORMAL_SET,1,1
"Evening session","2026-02-18 22:43:54",00:55:23,,,"Lever Lateral Pulldown",,,80.000,6,,,,NORMAL_SET,,
"Evening session","2026-02-18 22:43:54",00:55:23,,,"Lever Lateral Pulldown",,,80.000,6,,,,NORMAL_SET,,
"Evening session","2026-02-18 22:43:54",00:55:23,,,Chin-Up,,,0.000,8,,,,NORMAL_SET,,
"Evening session","2026-02-18 22:43:54",00:55:23,,,Chin-Up,,,0.000,8,,,,NORMAL_SET,,
"Evening session","2026-02-18 22:43:54",00:55:23,,,Chin-Up,,,0.000,8,,,,NORMAL_SET,,
"Evening session","2026-02-18 22:43:54",00:55:23,,,"Cable Hammer Curl",,,27.000,8,,,,NORMAL_SET,,
"Evening session","2026-02-18 22:43:54",00:55:23,,,"Cable Hammer Curl",,,27.000,8,,,,NORMAL_SET,,
"Evening session","2026-02-18 22:43:54",00:55:23,,,Pull-up,,,0.000,8,,,,NORMAL_SET,,
"Evening session","2026-02-18 22:43:54",00:55:23,,,Pull-up,,,0.000,8,,,,NORMAL_SET,,
"Morning session","2026-02-17 10:40:19",00:58:53,,,"Lever Seated Fly",,,86.000,8,,,,NORMAL_SET,,
"Morning session","2026-02-17 10:40:19",00:58:53,,,"Lever Seated Fly",,,100.000,10,,,,NORMAL_SET,"3,2","3,4"
"Morning session","2026-02-17 10:40:19",00:58:53,,,"Lever Seated Fly",,,120.000,8,,,,NORMAL_SET,,
"Morning session","2026-02-17 10:40:19",00:58:53,,,"Incline Bench Press",,,34.000,6,,,,NORMAL_SET,,
"Morning session","2026-02-17 10:40:19",00:58:53,,,"Incline Bench Press",,,34.000,6,,,,NORMAL_SET,,
"Morning session","2026-02-17 10:40:19",00:58:53,,,"Triceps Pushdown",,,36.000,8,,,,FAILURE_SET,,
"Morning session","2026-02-17 10:40:19",00:58:53,,,"Triceps Pushdown",,,36.000,8,,,,NORMAL_SET,,
"Morning session","2026-02-17 10:40:19",00:58:53,,,"Triceps Pushdown",,,36.000,8,,,,NORMAL_SET,,
"Morning session","2026-02-17 10:40:19",00:58:53,,,"High Pulley Overhead Tricep Extension",,,20.000,8,,,,NORMAL_SET,,
"Morning session","2026-02-17 10:40:19",00:58:53,,,"High Pulley Overhead Tricep Extension",,,20.000,8,,,,NORMAL_SET,,
"Morning session","2026-02-17 10:40:19",00:58:53,,,"Pseudo Planche Push-up",,,69.000,6,,,,NORMAL_SET,1,2
"Morning session","2026-02-17 10:40:19",00:58:53,,,"Pseudo Planche Push-up",,,69.000,6,,,,NORMAL_SET,2,2
"Morning session","2026-02-17 10:40:19",00:58:53,,,"Pseudo Planche Push-up",,,69.000,6,,,,NORMAL_SET,3,2
"Morning session","2026-02-17 10:40:19",00:58:53,,,"Dips between Chairs",,,0.000,10,,,,NORMAL_SET,,
"Morning session","2026-02-17 10:40:19",00:58:53,,,"Dips between Chairs",,,0.000,10,,,,NORMAL_SET,,
"Morning session","2026-02-17 10:40:19",00:58:53,,,"Dips between Chairs",,,0.000,10,,,,NORMAL_SET,,
"Morning session","2026-02-17 10:40:19",00:58:53,,,"Dip on Floor with Chair",,,70.000,12,,,,NORMAL_SET,,
"Morning session","2026-02-17 10:40:19",00:58:53,,,"Dip on Floor with Chair",,,70.000,12,,,,NORMAL_SET,,
"Evening session","2026-02-15 14:06:07",01:07:27,,,"Full Squat",,,80.000,8,,,,NORMAL_SET,,
"Evening session","2026-02-15 14:06:07",01:07:27,,,"Full Squat",,,100.000,6,,,,NORMAL_SET,,
"Evening session","2026-02-15 14:06:07",01:07:27,,,"Full Squat",,,110.000,6,,,,NORMAL_SET,"2,2","1,2"
"Evening session","2026-02-15 14:06:07",01:07:27,,,"Lever Seated Squat Calf Raise on Leg Press Machine",,,73.000,8,,,,NORMAL_SET,,
"Evening session","2026-02-15 14:06:07",01:07:27,,,"Lever Seated Squat Calf Raise on Leg Press Machine",,,79.000,8,,,,NORMAL_SET,"3,3,3","1,2,3"
"Evening session","2026-02-15 14:06:07",01:07:27,,,"Lever Seated Squat Calf Raise on Leg Press Machine",,,79.000,8,,,,NORMAL_SET,,
"Evening session","2026-02-15 14:06:07",01:07:27,,,"Lever Lying Leg Curl",,,36.000,8,,,,NORMAL_SET,,
"Evening session","2026-02-15 14:06:07",01:07:27,,,"Lever Lying Leg Curl",,,41.000,6,,,,NORMAL_SET,,
"Evening session","2026-02-15 14:06:07",01:07:27,,,"Lever Seated Calf Raise",,,40.000,8,,,,NORMAL_SET,,
"Evening session","2026-02-15 14:06:07",01:07:27,,,"Lever Seated Calf Raise",,,50.000,8,,,,NORMAL_SET,,
"Evening session","2026-02-15 14:06:07",01:07:27,,,"Lever Seated Calf Raise",,,50.000,8,,,,NORMAL_SET,,
"Evening session","2026-02-13 13:39:46",01:24:03,,,"Cable Curl",,,25.000,8,,,,WARMUP_SET,,
"Evening session","2026-02-13 13:39:46",01:24:03,,,"Cable Curl",,,27.000,11,,,,FAILURE_SET,1,4
"Evening session","2026-02-13 13:39:46",01:24:03,,,"Cable Curl",,,30.000,9,,,,FAILURE_SET,,
"Evening session","2026-02-13 13:39:46",01:24:03,,,"Triceps Pushdown",,,32.000,16,,,,FAILURE_SET,1,4
"Evening session","2026-02-13 13:39:46",01:24:03,,,"Triceps Pushdown",,,34.000,10,,,,FAILURE_SET,,
"Evening session","2026-02-13 13:39:46",01:24:03,,,"Triceps Pushdown",,,36.000,10,,,,FAILURE_SET,,
"Evening session","2026-02-13 13:39:46",01:24:03,,,"Cable One Arm Lateral Raise",,,7.000,8,,,,NORMAL_SET,,
"Evening session","2026-02-13 13:39:46",01:24:03,,,"Cable One Arm Lateral Raise",,,7.000,8,,,,NORMAL_SET,,
"Evening session","2026-02-13 13:39:46",01:24:03,,,"Cable One Arm Biceps Curl",,,15.000,8,,,,NORMAL_SET,,
"Evening session","2026-02-13 13:39:46",01:24:03,,,"Cable One Arm Biceps Curl",,,15.000,6,,,,NORMAL_SET,,
"Evening session","2026-02-13 13:39:46",01:24:03,,,"High Pulley Overhead Tricep Extension",,,25.000,8,,,,NORMAL_SET,,
"Evening session","2026-02-13 13:39:46",01:24:03,,,"High Pulley Overhead Tricep Extension",,,30.000,8,,,,NORMAL_SET,,
"Evening session","2026-02-13 13:39:46",01:24:03,,,"Lever Seated Reverse Fly",,,66.000,8,,,,NORMAL_SET,,
"Evening session","2026-02-13 13:39:46",01:24:03,,,"Lever Seated Reverse Fly",,,73.000,8,,,,NORMAL_SET,,
"Evening session","2026-02-13 13:39:46",01:24:03,,,"Cable Hammer Curl",,,25.000,8,,,,NORMAL_SET,,
"Evening session","2026-02-13 13:39:46",01:24:03,,,"Cable Hammer Curl",,,27.000,8,,,,NORMAL_SET,,
"Evening session","2026-02-13 13:39:46",01:24:03,,,"Cable One Arm Tricep Pushdown",,,13.000,8,,,,NORMAL_SET,,
"Evening session","2026-02-13 13:39:46",01:24:03,,,"Cable One Arm Tricep Pushdown",,,14.000,8,,,,NORMAL_SET,,
"Evening session","2026-02-12 20:29:43",01:33:54,,,"Cable One Arm Biceps Curl",,,15.000,8,,,,NORMAL_SET,1,1
"Evening session","2026-02-12 20:29:43",01:33:54,,,"Cable One Arm Biceps Curl",,,15.000,8,,,,NORMAL_SET,,
"Evening session","2026-02-12 20:29:43",01:33:54,,,"Cable One Arm Biceps Curl",,,15.000,8,,,,NORMAL_SET,,
"Evening session","2026-02-12 20:29:43",01:33:54,,,"Hammer Grip Pull-up on Dip Cage",,,0.000,10,,,,NORMAL_SET,3,4
"Evening session","2026-02-12 20:29:43",01:33:54,,,"Hammer Grip Pull-up on Dip Cage",,,0.000,10,,,,NORMAL_SET,,
"Evening session","2026-02-12 20:29:43",01:33:54,,,"Hammer Grip Pull-up on Dip Cage",,,0.000,10,,,,NORMAL_SET,,
"Evening session","2026-02-12 20:29:43",01:33:54,,,"Concentration Curl",,,20.000,8,,,,NORMAL_SET,,
"Evening session","2026-02-12 20:29:43",01:33:54,,,"Concentration Curl",,,20.000,8,,,,NORMAL_SET,,
"Evening session","2026-02-12 20:29:43",01:33:54,,,"Concentration Curl",,,20.000,6,,,,NORMAL_SET,,
"Evening session","2026-02-12 20:29:43",01:33:54,,,"Lever Seated Row",,,40.000,8,,,,NORMAL_SET,,
"Evening session","2026-02-12 20:29:43",01:33:54,,,"Lever Seated Row",,,66.000,6,,,,NORMAL_SET,,
"Evening session","2026-02-12 20:29:43",01:33:54,,,"Lever Seated Row",,,59.000,8,,,,NORMAL_SET,,
"Evening session","2026-02-12 20:29:43",01:33:54,,,"Cable Curl",,,30.000,8,,,,NORMAL_SET,,
"Evening session","2026-02-12 20:29:43",01:33:54,,,"Cable Curl",,,30.000,8,,,,NORMAL_SET,,
"Evening session","2026-02-12 20:29:43",01:33:54,,,"Cable Curl",,,30.000,8,,,,NORMAL_SET,,
"Evening session","2026-02-12 20:29:43",01:33:54,,,"Cable Wide Neutral Grip PullDown",,,86.000,7,,,,NORMAL_SET,,
"Evening session","2026-02-12 20:29:43",01:33:54,,,"Cable Wide Neutral Grip PullDown",,,80.000,7,,,,NORMAL_SET,,
"Evening session","2026-02-10 19:21:04",01:32:33,,,Pull-up,,,0.000,10,,,,NORMAL_SET,,
"Evening session","2026-02-10 19:21:04",01:32:33,,,Pull-up,,,0.000,10,,,,NORMAL_SET,,
"Evening session","2026-02-10 19:21:04",01:32:33,,,Pull-up,,,0.000,10,,,,NORMAL_SET,,
"Evening session","2026-02-10 19:21:04",01:32:33,,,"Biceps Curl",,,18.000,8,,,,NORMAL_SET,,
"Evening session","2026-02-10 19:21:04",01:32:33,,,"Biceps Curl",,,18.000,8,,,,NORMAL_SET,,
"Evening session","2026-02-10 19:21:04",01:32:33,,,"Biceps Curl",,,18.000,8,,,,NORMAL_SET,,
"Evening session","2026-02-10 19:21:04",01:32:33,,,"Cable Wide-Grip Lat Pulldown",,,80.000,8,,,,NORMAL_SET,,
"Evening session","2026-02-10 19:21:04",01:32:33,,,"Cable Wide-Grip Lat Pulldown",,,93.000,5,,,,NORMAL_SET,,
"Evening session","2026-02-10 19:21:04",01:32:33,,,"Cable Curl",,,30.000,8,,,,NORMAL_SET,,
"Evening session","2026-02-10 19:21:04",01:32:33,,,"Cable Curl",,,30.000,8,,,,NORMAL_SET,,
"Evening session","2026-02-10 19:21:04",01:32:33,,,"Lever Seated Row",,,60.000,8,,,,NORMAL_SET,,
"Evening session","2026-02-10 19:21:04",01:32:33,,,"Lever Seated Row",,,60.000,8,,,,NORMAL_SET,,
"Evening session","2026-02-10 19:21:04",01:32:33,,,"Lever Preacher Curl",,,54.000,7,,,,DROP_SET,,
"Evening session","2026-02-10 19:21:04",01:32:33,,,"Lever Preacher Curl",,,50.000,8,,,,NORMAL_SET,,
"Evening session","2026-02-10 19:21:04",01:32:33,,,"Cable Standing Back Wrist Curl",,,34.000,8,,,,NORMAL_SET,,
"Evening session","2026-02-10 19:21:04",01:32:33,,,"Cable Standing Back Wrist Curl",,,45.000,7,,,,NORMAL_SET,,
"Evening session","2026-02-10 19:21:04",01:32:33,,,"Cable Standing Back Wrist Curl",,,45.000,7,,,,NORMAL_SET,,
"Evening session","2026-02-10 19:21:04",01:32:33,,,"Cable Standing Reverse Grip Curl",,,16.000,8,,,,NORMAL_SET,,
"Evening session","2026-02-10 19:21:04",01:32:33,,,"Cable Standing Reverse Grip Curl",,,16.000,8,,,,NORMAL_SET,,
"Evening session","2026-02-09 19:59:51",01:37:01,,,"Lever Lying Chest Press",,,80.000,8,,,,NORMAL_SET,,
"Evening session","2026-02-09 19:59:51",01:37:01,,,"Lever Lying Chest Press",,,100.000,8,,,,NORMAL_SET,,
"Evening session","2026-02-09 19:59:51",01:37:01,,,"Lever Lying Chest Press",,,100.000,8,,,,NORMAL_SET,,
"Evening session","2026-02-09 19:59:51",01:37:01,,,Push-up,,,30.000,8,,,,NORMAL_SET,,
"Evening session","2026-02-09 19:59:51",01:37:01,,,Push-up,,,40.000,8,,,,NORMAL_SET,,
"Evening session","2026-02-09 19:59:51",01:37:01,,,"Cable Pushdown ",,,25.000,8,,,,NORMAL_SET,,
"Evening session","2026-02-09 19:59:51",01:37:01,,,"Cable Pushdown ",,,27.000,8,,,,NORMAL_SET,,
"Evening session","2026-02-09 19:59:51",01:37:01,,,"Bench Press",,,70.000,8,,,,NORMAL_SET,,
"Evening session","2026-02-09 19:59:51",01:37:01,,,"Bench Press",,,70.000,6,,,,NORMAL_SET,,
"Evening session","2026-02-09 19:59:51",01:37:01,,,"Dip on Floor with Chair",,,70.000,12,,,,NORMAL_SET,,
"Evening session","2026-02-09 19:59:51",01:37:01,,,"Dip on Floor with Chair",,,70.000,12,,,,NORMAL_SET,,
"Evening session","2026-02-09 19:59:51",01:37:01,,,"Dip on Floor with Chair",,,70.000,12,,,,NORMAL_SET,,
"Evening session","2026-02-09 19:59:51",01:37:01,,,"Archer Push up",,,66.000,8,,,,NORMAL_SET,,
"Evening session","2026-02-09 19:59:51",01:37:01,,,"Archer Push up",,,66.000,8,,,,NORMAL_SET,,
"Evening session","2026-02-09 19:59:51",01:37:01,,,"Cable Standing Reverse Grip Curl ",,,20.000,6,,,,NORMAL_SET,3,1
"Evening session","2026-02-09 19:59:51",01:37:01,,,"Cable Standing Reverse Grip Curl ",,,16.000,8,,,,NORMAL_SET,3,3
"Evening session","2026-02-09 19:59:51",01:37:01,,,"Cable Standing Reverse Grip Curl ",,,16.000,8,,,,NORMAL_SET,,
"Evening session","2026-02-08 16:59:08",01:05:15,,,"Full Squat",,,90.000,8,,,,NORMAL_SET,,
"Evening session","2026-02-08 16:59:08",01:05:15,,,"Full Squat",,,100.000,6,,,,NORMAL_SET,,
"Evening session","2026-02-08 16:59:08",01:05:15,,,"Full Squat",,,100.000,6,,,,NORMAL_SET,,
"Evening session","2026-02-08 16:59:08",01:05:15,,,"Lever Seated Calf Raise",,,40.000,8,,,,NORMAL_SET,,
"Evening session","2026-02-08 16:59:08",01:05:15,,,"Lever Seated Calf Raise",,,40.000,8,,,,NORMAL_SET,,
"Evening session","2026-02-08 16:59:08",01:05:15,,,"Lever Seated Calf Raise",,,40.000,8,,,,NORMAL_SET,,
"Evening session","2026-02-08 16:59:08",01:05:15,,,"Lever Lying Leg Curl ",,,41.000,8,,,,NORMAL_SET,,
"Evening session","2026-02-08 16:59:08",01:05:15,,,"Lever Lying Leg Curl ",,,41.000,8,,,,NORMAL_SET,,
"Evening session","2026-02-08 16:59:08",01:05:15,,,"Lever Lying Leg Curl ",,,36.000,8,,,,NORMAL_SET,,
"Evening session","2026-02-08 16:59:08",01:05:15,,,"Sit ",,,,,,,01:00,NORMAL_SET,,
"Evening session","2026-02-08 16:59:08",01:05:15,,,"Sit ",,,,,,,01:00,NORMAL_SET,,
"Evening session","2026-02-08 16:59:08",01:05:15,,,"Lever Seated Squat Calf Raise on Leg Press Machine",,,73.000,8,,,,NORMAL_SET,"3,3,3","1,2,3"
"Evening session","2026-02-08 16:59:08",01:05:15,,,"Lever Seated Squat Calf Raise on Leg Press Machine",,,73.000,8,,,,NORMAL_SET,,
"Evening session","2026-02-08 16:59:08",01:05:15,,,"Lever Seated Squat Calf Raise on Leg Press Machine",,,73.000,8,,,,NORMAL_SET,,
"Evening session","2026-02-05 22:05:33",01:14:03,,,"Lever Seated Fly",,,80.000,8,,,,NORMAL_SET,,
"Evening session","2026-02-05 22:05:33",01:14:03,,,"Lever Seated Fly",,,100.000,8,,,,NORMAL_SET,,
"Evening session","2026-02-05 22:05:33",01:14:03,,,"Lever Seated Fly",,,100.000,8,,,,NORMAL_SET,,
"Evening session","2026-02-05 22:05:33",01:14:03,,,"Triceps Pushdown",,,30.000,8,,,,NORMAL_SET,,
"Evening session","2026-02-05 22:05:33",01:14:03,,,"Triceps Pushdown",,,30.000,8,,,,NORMAL_SET,,
"Evening session","2026-02-05 22:05:33",01:14:03,,,"Triceps Pushdown",,,36.000,8,,,,NORMAL_SET,,
"Evening session","2026-02-05 22:05:33",01:14:03,,,"Hammer Grip Pull-up on Dip Cage",,,0.000,8,,,,NORMAL_SET,"3,3,3","1,2,4"
"Evening session","2026-02-05 22:05:33",01:14:03,,,"Hammer Grip Pull-up on Dip Cage",,,0.000,8,,,,NORMAL_SET,,
"Evening session","2026-02-05 22:05:33",01:14:03,,,"Hammer Grip Pull-up on Dip Cage",,,0.000,8,,,,NORMAL_SET,,
"Evening session","2026-02-05 22:05:33",01:14:03,,,"Dumbbell Incline Biceps Curl",,,16.000,8,,,,NORMAL_SET,,
"Evening session","2026-02-05 22:05:33",01:14:03,,,"Dumbbell Incline Biceps Curl",,,16.000,6,,,,NORMAL_SET,,
"Evening session","2026-02-05 22:05:33",01:14:03,,,"High Pulley Overhead Tricep Extension",,,25.000,8,,,,NORMAL_SET,,
"Evening session","2026-02-05 22:05:33",01:14:03,,,"High Pulley Overhead Tricep Extension",,,25.000,8,,,,NORMAL_SET,,
"Evening session","2026-02-05 22:05:33",01:14:03,,,"Lever Preacher Curl",,,50.000,8,,,,DROP_SET,,
"Evening session","2026-02-05 22:05:33",01:14:03,,,"Lever Preacher Curl",,,50.000,8,,,,NORMAL_SET,,
"Evening session","2026-02-05 13:46:14",02:32:23,,,"Bench Press",,,90.000,6,,,,NORMAL_SET,,
"Evening session","2026-02-05 13:46:14",02:32:23,,,"Bench Press",,,110.000,1,,,,NORMAL_SET,"3,3","1,2"
"Evening session","2026-02-05 13:46:14",02:32:23,,,Pull-up,,,0.000,10,,,,NORMAL_SET,,
"Evening session","2026-02-05 13:46:14",02:32:23,,,Pull-up,,,0.000,10,,,,NORMAL_SET,,
"Evening session","2026-02-05 13:46:14",02:32:23,,,Pull-up,,,0.000,10,,,,NORMAL_SET,,
"Evening session","2026-02-05 13:46:14",02:32:23,,,"Lever Chest Press",,,80.000,8,,,,NORMAL_SET,,
"Evening session","2026-02-05 13:46:14",02:32:23,,,"Lever Chest Press",,,100.000,8,,,,NORMAL_SET,,
"Evening session","2026-02-05 13:46:14",02:32:23,,,"Lever Chest Press",,,100.000,8,,,,NORMAL_SET,,
"Evening session","2026-02-05 13:46:14",02:32:23,,,"Lever Seated Row",,,40.000,8,,,,NORMAL_SET,,
"Evening session","2026-02-05 13:46:14",02:32:23,,,"Lever Seated Row",,,60.000,8,,,,NORMAL_SET,,
"Evening session","2026-02-05 13:46:14",02:32:23,,,"Cable Curl",,,25.000,8,,,,NORMAL_SET,,
"Evening session","2026-02-05 13:46:14",02:32:23,,,"Cable Curl",,,30.000,8,,,,NORMAL_SET,,
"Evening session","2026-02-05 13:46:14",02:32:23,,,"Cable Curl",,,32.000,8,,,,NORMAL_SET,,
"Evening session","2026-02-05 13:46:14",02:32:23,,,"Dips between Chairs",,,0.000,12,,,,NORMAL_SET,3,4
"Evening session","2026-02-05 13:46:14",02:32:23,,,"Dips between Chairs",,,0.000,10,,,,NORMAL_SET,,
"Evening session","2026-02-05 13:46:14",02:32:23,,,"Dips between Chairs",,,0.000,10,,,,NORMAL_SET,,
"Evening session","2026-02-05 13:46:14",02:32:23,,,"Lever Preacher Curl",,,50.000,8,,,,DROP_SET,,
"Evening session","2026-02-05 13:46:14",02:32:23,,,"Standing Military Press",,,40.000,8,,,,NORMAL_SET,,
"Evening session","2026-02-05 13:46:14",02:32:23,,,"Standing Military Press",,,40.000,8,,,,NORMAL_SET,,
"Evening session","2026-02-03 19:11:10",01:43:44,,,Pull-up,,,0.000,10,,,,NORMAL_SET,,
"Evening session","2026-02-03 19:11:10",01:43:44,,,Pull-up,,,0.000,10,,,,NORMAL_SET,,
"Evening session","2026-02-03 19:11:10",01:43:44,,,Pull-up,,,0.000,10,,,,NORMAL_SET,,
"Evening session","2026-02-03 19:11:10",01:43:44,,,"Cable Wide Neutral Grip PullDown",,,80.000,8,,,,NORMAL_SET,,
"Evening session","2026-02-03 19:11:10",01:43:44,,,"Cable Wide Neutral Grip PullDown",,,80.000,8,,,,NORMAL_SET,,
"Evening session","2026-02-03 19:11:10",01:43:44,,,"Cable Wide Neutral Grip PullDown",,,80.000,6,,,,NORMAL_SET,,
"Evening session","2026-02-03 19:11:10",01:43:44,,,"Dumbbell Hammer Curls ",,,20.000,8,,,,NORMAL_SET,1,1
"Evening session","2026-02-03 19:11:10",01:43:44,,,"Dumbbell Hammer Curls ",,,20.000,8,,,,NORMAL_SET,,
"Evening session","2026-02-03 19:11:10",01:43:44,,,"Dumbbell Hammer Curls ",,,20.000,8,,,,NORMAL_SET,,
"Evening session","2026-02-03 19:11:10",01:43:44,,,"Lever Seated Row ",,,40.000,8,,,,NORMAL_SET,,
"Evening session","2026-02-03 19:11:10",01:43:44,,,"Lever Seated Row ",,,50.000,8,,,,NORMAL_SET,,
"Evening session","2026-02-03 19:11:10",01:43:44,,,"Cable Curl",,,30.000,8,,,,NORMAL_SET,,
"Evening session","2026-02-03 19:11:10",01:43:44,,,"Cable Curl",,,30.000,8,,,,NORMAL_SET,,
"Evening session","2026-02-03 19:11:10",01:43:44,,,"Cable Curl",,,30.000,8,,,,NORMAL_SET,,
"Evening session","2026-02-03 19:11:10",01:43:44,,,"Cable Standing Reverse Grip Curl ",,,16.000,8,,,,NORMAL_SET,3,1
"Evening session","2026-02-03 19:11:10",01:43:44,,,"Cable Standing Reverse Grip Curl ",,,20.000,8,,,,NORMAL_SET,"1,3,1","1,2,3"
"Evening session","2026-02-03 19:11:10",01:43:44,,,"Cable Standing Reverse Grip Curl ",,,20.000,8,,,,NORMAL_SET,"2,2","1,3"
"Evening session","2026-02-03 19:11:10",01:43:44,,,"Cable Standing Back Wrist Curl",,,30.000,12,,,,NORMAL_SET,1,4
"Evening session","2026-02-03 19:11:10",01:43:44,,,"Cable Standing Back Wrist Curl",,,34.000,12,,,,NORMAL_SET,"1,2","3,4"
"Evening session","2026-02-03 19:11:10",01:43:44,,,"Cable Standing Back Wrist Curl",,,34.000,12,,,,NORMAL_SET,"2,3","3,4"
"Evening session","2026-02-03 19:11:10",01:43:44,,,"Concentration Curl",,,20.000,6,,,,NORMAL_SET,,
"Evening session","2026-02-03 19:11:10",01:43:44,,,"Concentration Curl",,,20.000,6,,,,NORMAL_SET,,
"Evening session","2026-02-03 19:11:10",01:43:44,,,"Concentration Curl",,,20.000,6,,,,NORMAL_SET,,
"Evening session","2026-02-03 19:11:10",01:43:44,,,"One arm Wrist Curl",,,16.000,6,,,,NORMAL_SET,1,1
"Evening session","2026-02-03 19:11:10",01:43:44,,,"One arm Wrist Curl",,,16.000,6,,,,NORMAL_SET,,
"Evening session","2026-02-02 20:26:21",01:18:55,,,"Incline Bench Press",,,28.000,8,,,,NORMAL_SET,,
"Evening session","2026-02-02 20:26:21",01:18:55,,,"Incline Bench Press",,,28.000,8,,,,NORMAL_SET,,
"Evening session","2026-02-02 20:26:21",01:18:55,,,"Lever Chest Press",,,80.000,8,,,,NORMAL_SET,,
"Evening session","2026-02-02 20:26:21",01:18:55,,,"Lever Chest Press",,,90.000,8,,,,NORMAL_SET,,
"Evening session","2026-02-02 20:26:21",01:18:55,,,"Lever Chest Press",,,90.000,8,,,,NORMAL_SET,,
"Evening session","2026-02-02 20:26:21",01:18:55,,,"Cable One Arm Tricep Pushdown",,,13.000,8,,,,NORMAL_SET,,
"Evening session","2026-02-02 20:26:21",01:18:55,,,"Cable One Arm Tricep Pushdown",,,13.000,8,,,,NORMAL_SET,,
"Evening session","2026-02-02 20:26:21",01:18:55,,,"Cable One Arm Tricep Pushdown",,,16.000,8,,,,NORMAL_SET,1,3
"Evening session","2026-02-02 20:26:21",01:18:55,,,"Cable Pushdown ",,,25.000,8,,,,NORMAL_SET,,
"Evening session","2026-02-02 20:26:21",01:18:55,,,"Cable Pushdown ",,,25.000,8,,,,NORMAL_SET,,
"Evening session","2026-02-02 20:26:21",01:18:55,,,"Cable Pushdown ",,,25.000,8,,,,NORMAL_SET,,
"Evening session","2026-02-02 20:26:21",01:18:55,,,"Archer Push up",,,66.000,8,,,,NORMAL_SET,,
"Evening session","2026-02-02 20:26:21",01:18:55,,,"Archer Push up",,,66.000,7,,,,NORMAL_SET,,
"Evening session","2026-02-02 20:26:21",01:18:55,,,"Dip on Floor with Chair",,,70.000,12,,,,NORMAL_SET,,
"Evening session","2026-02-02 20:26:21",01:18:55,,,"Dip on Floor with Chair",,,70.000,12,,,,NORMAL_SET,,
"Evening session","2026-02-02 20:26:21",01:18:55,,,"Dip on Floor with Chair",,,70.000,12,,,,NORMAL_SET,,
"Evening session","2026-02-01 15:40:15",01:10:37,,,"Full Squat",,,80.000,8,,,,NORMAL_SET,,
"Evening session","2026-02-01 15:40:15",01:10:37,,,"Full Squat",,,80.000,8,,,,NORMAL_SET,,
"Evening session","2026-02-01 15:40:15",01:10:37,,,"Full Squat",,,100.000,6,,,,NORMAL_SET,,
"Evening session","2026-02-01 15:40:15",01:10:37,,,"Lever Seated Calf Raise",,,40.000,8,,,,NORMAL_SET,,
"Evening session","2026-02-01 15:40:15",01:10:37,,,"Lever Seated Calf Raise",,,40.000,8,,,,NORMAL_SET,,
"Evening session","2026-02-01 15:40:15",01:10:37,,,"Lever Seated Calf Raise",,,40.000,8,,,,NORMAL_SET,,
"Evening session","2026-02-01 15:40:15",01:10:37,,,"Lever Lying Leg Curl ",,,41.000,8,,,,NORMAL_SET,,
"Evening session","2026-02-01 15:40:15",01:10:37,,,"Lever Lying Leg Curl ",,,41.000,8,,,,NORMAL_SET,,
"Evening session","2026-02-01 15:40:15",01:10:37,,,"Lever Seated Squat Calf Raise on Leg Press Machine",,,60.000,8,,,,NORMAL_SET,,
"Evening session","2026-02-01 15:40:15",01:10:37,,,"Lever Seated Squat Calf Raise on Leg Press Machine",,,79.000,8,,,,NORMAL_SET,"1,1,1","1,2,3"
"Evening session","2026-02-01 15:40:15",01:10:37,,,"Lever Seated Squat Calf Raise on Leg Press Machine",,,79.000,8,,,,NORMAL_SET,"2,2,2","1,2,3"
"Evening session","2026-02-01 15:40:15",01:10:37,,,"Lever Seated Hip Abduction",,,40.000,8,,,,NORMAL_SET,,
"Evening session","2026-02-01 15:40:15",01:10:37,,,"Lever Seated Hip Abduction",,,45.000,8,,,,NORMAL_SET,,
"Evening session","2026-02-01 15:40:15",01:10:37,,,"Lever Leg Extension",,,73.000,8,,,,NORMAL_SET,,
"Evening session","2026-02-01 15:40:15",01:10:37,,,"Lever Leg Extension",,,79.000,8,,,,NORMAL_SET,,
"Evening session","2026-01-30 15:23:26",01:00:42,,,"Lever Seated Fly",,,80.000,8,,,,NORMAL_SET,,
"Evening session","2026-01-30 15:23:26",01:00:42,,,"Lever Seated Fly",,,100.000,8,,,,NORMAL_SET,,
"Evening session","2026-01-30 15:23:26",01:00:42,,,"Lever Seated Fly",,,113.000,8,,,,NORMAL_SET,,
"Evening session","2026-01-30 15:23:26",01:00:42,,,"Chest Dip on Straight Bar",,,0.000,12,,,,NORMAL_SET,1,1
"Evening session","2026-01-30 15:23:26",01:00:42,,,"Chest Dip on Straight Bar",,,0.000,12,,,,NORMAL_SET,,
"Evening session","2026-01-30 15:23:26",01:00:42,,,"Chest Dip on Straight Bar",,,0.000,12,,,,NORMAL_SET,,
"Evening session","2026-01-30 15:23:26",01:00:42,,,"Dip on Floor with Chair",,,70.000,12,,,,NORMAL_SET,"3,3,3","1,3,4"
"Evening session","2026-01-30 15:23:26",01:00:42,,,"Dip on Floor with Chair",,,70.000,12,,,,NORMAL_SET,,
"Evening session","2026-01-30 15:23:26",01:00:42,,,"Dip on Floor with Chair",,,70.000,12,,,,NORMAL_SET,,
"Evening session","2026-01-30 15:23:26",01:00:42,,,"Cable Pushdown ",,,25.000,8,,,,NORMAL_SET,,
"Evening session","2026-01-30 15:23:26",01:00:42,,,"Cable Pushdown ",,,25.000,8,,,,NORMAL_SET,,
"Evening session","2026-01-30 15:23:26",01:00:42,,,"Cable Pushdown ",,,25.000,8,,,,NORMAL_SET,,
"Evening session","2026-01-30 15:23:26",01:00:42,,,"Lever Chest Press",,,80.000,8,,,,NORMAL_SET,,
"Evening session","2026-01-30 15:23:26",01:00:42,,,"Lever Chest Press",,,100.000,6,,,,NORMAL_SET,,
"Evening session","2026-01-30 15:23:26",01:00:42,,,"Pseudo Planche Push-up",,,66.000,6,,,,NORMAL_SET,,
"Evening session","2026-01-30 15:23:26",01:00:42,,,"Pseudo Planche Push-up",,,66.000,6,,,,NORMAL_SET,,
"Evening session","2026-01-29 19:53:58",01:32:02,,,Pull-up,,,0.000,10,,,,NORMAL_SET,,
"Evening session","2026-01-29 19:53:58",01:32:02,,,Pull-up,,,0.000,10,,,,NORMAL_SET,,
"Evening session","2026-01-29 19:53:58",01:32:02,,,Pull-up,,,0.000,10,,,,NORMAL_SET,,
"Evening session","2026-01-29 19:53:58",01:32:02,,,"Lever Seated Row",,,40.000,8,,,,NORMAL_SET,,
"Evening session","2026-01-29 19:53:58",01:32:02,,,"Lever Seated Row",,,60.000,8,,,,NORMAL_SET,,
"Evening session","2026-01-29 19:53:58",01:32:02,,,"Lever Seated Row",,,60.000,8,,,,NORMAL_SET,,
"Evening session","2026-01-29 19:53:58",01:32:02,,,"Barbell Curl",,,30.000,8,,,,NORMAL_SET,,
"Evening session","2026-01-29 19:53:58",01:32:02,,,"Barbell Curl",,,30.000,8,,,,NORMAL_SET,,
"Evening session","2026-01-29 19:53:58",01:32:02,,,"Barbell Curl",,,30.000,8,,,,NORMAL_SET,,
"Evening session","2026-01-29 19:53:58",01:32:02,,,"Cable Wide Neutral Grip PullDown",,,80.000,8,,,,NORMAL_SET,3,3
"Evening session","2026-01-29 19:53:58",01:32:02,,,"Cable Wide Neutral Grip PullDown",,,80.000,8,,,,NORMAL_SET,,
"Evening session","2026-01-29 19:53:58",01:32:02,,,"Cable Wide Neutral Grip PullDown",,,80.000,8,,,,NORMAL_SET,,
"Evening session","2026-01-29 19:53:58",01:32:02,,,"Cable Hammer Curl ",,,25.000,8,,,,NORMAL_SET,,
"Evening session","2026-01-29 19:53:58",01:32:02,,,"Cable Hammer Curl ",,,27.000,8,,,,NORMAL_SET,,
"Evening session","2026-01-29 19:53:58",01:32:02,,,"Lever Preacher Curl",,,50.000,8,,,,NORMAL_SET,,
"Evening session","2026-01-29 19:53:58",01:32:02,,,"Lever Preacher Curl",,,40.000,8,,,,NORMAL_SET,,
"Evening session","2026-01-29 19:53:58",01:32:02,,,"Cable Standing Back Wrist Curl",,,30.000,8,,,,NORMAL_SET,,
"Evening session","2026-01-29 19:53:58",01:32:02,,,"Cable Standing Back Wrist Curl",,,30.000,8,,,,NORMAL_SET,,
"Evening session","2026-01-29 19:53:58",01:32:02,,,"Cable Standing Back Wrist Curl",,,32.000,8,,,,NORMAL_SET,,
"Evening session","2026-01-29 19:53:58",01:32:02,,,Chin-Up,,,0.000,8,,,,NORMAL_SET,,
"Evening session","2026-01-29 19:53:58",01:32:02,,,Chin-Up,,,0.000,8,,,,NORMAL_SET,,
"Evening session","2026-01-26 15:55:44",01:38:30,,,"Seated Side-to-Side Leg Raise Crunch on Floor",,,0.000,30,,,,NORMAL_SET,1,1
"Evening session","2026-01-24 15:21:31",01:03:49,,,"Full Squat",,,80.000,8,,,,NORMAL_SET,,
"Evening session","2026-01-24 15:21:31",01:03:49,,,"Full Squat",,,100.000,6,,,,NORMAL_SET,,
"Evening session","2026-01-24 15:21:31",01:03:49,,,"Lever Seated Calf Raise",,,40.000,8,,,,NORMAL_SET,,
"Evening session","2026-01-24 15:21:31",01:03:49,,,"Lever Seated Calf Raise",,,40.000,8,,,,NORMAL_SET,,
"Evening session","2026-01-24 15:21:31",01:03:49,,,"Lever Seated Calf Raise",,,40.000,8,,,,NORMAL_SET,,
"Evening session","2026-01-24 15:21:31",01:03:49,,,"Lever Lying Leg Curl ",,,45.000,8,,,,NORMAL_SET,,
"Evening session","2026-01-24 15:21:31",01:03:49,,,"Lever Lying Leg Curl ",,,45.000,8,,,,NORMAL_SET,,
"Evening session","2026-01-24 15:21:31",01:03:49,,,"Lever Lying Leg Curl ",,,45.000,8,,,,NORMAL_SET,,
"Evening session","2026-01-24 15:21:31",01:03:49,,,"Lever Seated Squat Calf Raise on Leg Press Machine",,,60.000,8,,,,NORMAL_SET,1,1
"Evening session","2026-01-24 15:21:31",01:03:49,,,"Lever Seated Squat Calf Raise on Leg Press Machine",,,60.000,8,,,,NORMAL_SET,,
"Evening session","2026-01-24 15:21:31",01:03:49,,,"Lever Seated Squat Calf Raise on Leg Press Machine",,,60.000,8,,,,NORMAL_SET,,
"Evening session","2026-01-24 15:21:31",01:03:49,,,"Lever Leg Extension",,,66.000,8,,,,NORMAL_SET,,
"Evening session","2026-01-24 15:21:31",01:03:49,,,"Lever Leg Extension",,,79.000,8,,,,NORMAL_SET,,
"Evening session","2026-01-22 22:02:49",01:42:55,,,Pull-up,,,0.000,10,,,,NORMAL_SET,,
"Evening session","2026-01-22 22:02:49",01:42:55,,,Pull-up,,,0.000,10,,,,NORMAL_SET,,
"Evening session","2026-01-22 22:02:49",01:42:55,,,Pull-up,,,0.000,10,,,,NORMAL_SET,,
"Evening session","2026-01-22 22:02:49",01:42:55,,,"Lever Seated Fly",,,80.000,8,,,,NORMAL_SET,,
"Evening session","2026-01-22 22:02:49",01:42:55,,,"Lever Seated Fly",,,100.000,8,,,,NORMAL_SET,,
"Evening session","2026-01-22 22:02:49",01:42:55,,,"Lever Seated Fly",,,100.000,8,,,,NORMAL_SET,,
"Evening session","2026-01-22 22:02:49",01:42:55,,,"Triceps Pushdown",,,30.000,8,,,,NORMAL_SET,,
"Evening session","2026-01-22 22:02:49",01:42:55,,,"Triceps Pushdown",,,30.000,8,,,,NORMAL_SET,,
"Evening session","2026-01-22 22:02:49",01:42:55,,,"Triceps Pushdown",,,36.000,8,,,,NORMAL_SET,,
"Evening session","2026-01-22 22:02:49",01:42:55,,,"Biceps Curl",,,18.000,8,,,,NORMAL_SET,,
"Evening session","2026-01-22 22:02:49",01:42:55,,,"Biceps Curl",,,18.000,8,,,,NORMAL_SET,,
"Evening session","2026-01-22 22:02:49",01:42:55,,,"Biceps Curl",,,18.000,8,,,,NORMAL_SET,,
"Evening session","2026-01-22 22:02:49",01:42:55,,,"Lever Seated Row ",,,40.000,8,,,,NORMAL_SET,,
"Evening session","2026-01-22 22:02:49",01:42:55,,,"Lever Seated Row ",,,50.000,8,,,,NORMAL_SET,,
"Evening session","2026-01-22 22:02:49",01:42:55,,,"Lever Seated Row ",,,50.000,8,,,,NORMAL_SET,,
"Evening session","2026-01-22 22:02:49",01:42:55,,,"Lever Chest Press",,,80.000,8,,,,NORMAL_SET,,
"Evening session","2026-01-22 22:02:49",01:42:55,,,"Lever Chest Press",,,100.000,8,,,,NORMAL_SET,,
"Evening session","2026-01-22 22:02:49",01:42:55,,,"Cable One Arm Lateral Raise",,,9.000,6,,,,NORMAL_SET,,
"Evening session","2026-01-22 22:02:49",01:42:55,,,"Cable One Arm Lateral Raise",,,9.000,8,,,,NORMAL_SET,,
"Evening session","2026-01-22 22:02:49",01:42:55,,,"Cable Hammer Curl ",,,30.000,8,,,,NORMAL_SET,,
"Evening session","2026-01-22 22:02:49",01:42:55,,,"Cable Hammer Curl ",,,30.000,8,,,,NORMAL_SET,,
"Evening session","2026-01-22 22:02:49",01:42:55,,,"High Pulley Overhead Tricep Extension",,,25.000,8,,,,NORMAL_SET,,
"Evening session","2026-01-22 22:02:49",01:42:55,,,"High Pulley Overhead Tricep Extension",,,25.000,8,,,,NORMAL_SET,,
"Morning session","2026-01-16 09:49:46",00:58:15,,,Pull-up,,,0.000,10,,,,NORMAL_SET,,
"Morning session","2026-01-16 09:49:46",00:58:15,,,Pull-up,,,0.000,10,,,,NORMAL_SET,,
"Morning session","2026-01-16 09:49:46",00:58:15,,,Pull-up,,,0.000,10,,,,NORMAL_SET,,
"Morning session","2026-01-16 09:49:46",00:58:15,,,"Concentration Curl",,,22.000,6,,,,NORMAL_SET,,
"Morning session","2026-01-16 09:49:46",00:58:15,,,"Concentration Curl",,,22.000,6,,,,NORMAL_SET,,
"Morning session","2026-01-16 09:49:46",00:58:15,,,"Concentration Curl",,,22.000,6,,,,NORMAL_SET,,
"Morning session","2026-01-16 09:49:46",00:58:15,,,"Cable Wide Neutral Grip PullDown",,,100.000,6,,,,NORMAL_SET,,
"Morning session","2026-01-16 09:49:46",00:58:15,,,"Cable Wide Neutral Grip PullDown",,,100.000,6,,,,NORMAL_SET,,
"Morning session","2026-01-16 09:49:46",00:58:15,,,"Preacher Curl",,,25.000,8,,,,NORMAL_SET,"3,3,2,2","1,2,3,4"
"Morning session","2026-01-16 09:49:46",00:58:15,,,"Preacher Curl",,,25.000,6,,,,NORMAL_SET,,
"Morning session","2026-01-16 09:49:46",00:58:15,,,Chin-Up,,,0.000,8,,,,NORMAL_SET,,
"Morning session","2026-01-16 09:49:46",00:58:15,,,Chin-Up,,,0.000,12,,,,NORMAL_SET,1,4
"Evening session","2026-01-15 20:29:48",01:07:55,,,"Bench Press",,,100.000,3,,,,NORMAL_SET,,
"Evening session","2026-01-15 20:29:48",01:07:55,,,"Bench Press",,,100.000,2,,,,NORMAL_SET,,
"Evening session","2026-01-15 20:29:48",01:07:55,,,"Cable Pushdown ",,,27.000,8,,,,NORMAL_SET,,
"Evening session","2026-01-15 20:29:48",01:07:55,,,"Cable Pushdown ",,,27.000,8,,,,NORMAL_SET,,
"Evening session","2026-01-15 20:29:48",01:07:55,,,"Cable Pushdown ",,,27.000,8,,,,NORMAL_SET,,
"Evening session","2026-01-15 20:29:48",01:07:55,,,"Pseudo Planche Push-up",,,66.000,6,,,,NORMAL_SET,,
"Evening session","2026-01-15 20:29:48",01:07:55,,,"Pseudo Planche Push-up",,,66.000,6,,,,NORMAL_SET,,
"Evening session","2026-01-15 20:29:48",01:07:55,,,"Pseudo Planche Push-up",,,66.000,6,,,,NORMAL_SET,,
"Evening session","2026-01-15 20:29:48",01:07:55,,,"Archer Push up",,,66.000,6,,,,NORMAL_SET,,
"Evening session","2026-01-15 20:29:48",01:07:55,,,"Archer Push up",,,66.000,6,,,,NORMAL_SET,,
"Evening session","2026-01-15 20:29:48",01:07:55,,,"Archer Push up",,,66.000,6,,,,NORMAL_SET,,
"Evening session","2026-01-15 20:29:48",01:07:55,,,"Dip on Floor with Chair",,,70.000,10,,,,NORMAL_SET,"3,1,3","1,2,3"
"Evening session","2026-01-15 20:29:48",01:07:55,,,"Dip on Floor with Chair",,,70.000,10,,,,NORMAL_SET,2,2
"Evening session","2026-01-15 20:29:48",01:07:55,,,"Dip on Floor with Chair",,,70.000,10,,,,NORMAL_SET,3,2
"Morning session","2026-01-11 11:42:17",00:46:13,,,"Cable Wide-Grip Lat Pulldown ",,,80.000,8,,,,NORMAL_SET,,
"Morning session","2026-01-11 11:42:17",00:46:13,,,"Cable Wide-Grip Lat Pulldown ",,,80.000,6,,,,NORMAL_SET,,
"Morning session","2026-01-11 11:42:17",00:46:13,,,"Cable Wide-Grip Lat Pulldown ",,,80.000,6,,,,NORMAL_SET,,
"Morning session","2026-01-11 11:42:17",00:46:13,,,"Dumbbell Incline Biceps Curl",,,20.000,6,,,,NORMAL_SET,,
"Morning session","2026-01-11 11:42:17",00:46:13,,,"Dumbbell Incline Biceps Curl",,,20.000,6,,,,NORMAL_SET,,
"Evening session","2026-01-06 20:05:22",01:07:36,,,"Bench Press",,,100.000,5,,,,NORMAL_SET,1,1
"Evening session","2026-01-06 20:05:22",01:07:36,,,"Bench Press",,,100.000,3,,,,NORMAL_SET,,
"Evening session","2026-01-06 20:05:22",01:07:36,,,"Push Up ",,,70.000,30,,,,NORMAL_SET,1,1
"Evening session","2026-01-06 20:05:22",01:07:36,,,"Push Up ",,,70.000,20,,,,NORMAL_SET,,
"Evening session","2026-01-06 20:05:22",01:07:36,,,"Push Up ",,,70.000,20,,,,NORMAL_SET,,
"Evening session","2026-01-06 20:05:22",01:07:36,,,"Dips between Chairs",,,0.000,10,,,,NORMAL_SET,,
"Evening session","2026-01-06 20:05:22",01:07:36,,,"Dips between Chairs",,,0.000,15,,,,NORMAL_SET,,
"Evening session","2026-01-06 20:05:22",01:07:36,,,"Dips between Chairs",,,0.000,10,,,,NORMAL_SET,,
"Evening session","2026-01-06 20:05:22",01:07:36,,,"Dips between Chairs",,,0.000,20,,,,NORMAL_SET,1,4
"Evening session","2026-01-06 20:05:22",01:07:36,,,"Dips between Chairs",,,0.000,10,,,,NORMAL_SET,,
"Evening session","2026-01-06 20:05:22",01:07:36,,,"Incline Push-up",,,70.000,15,,,,NORMAL_SET,,
"Evening session","2026-01-06 20:05:22",01:07:36,,,"Incline Push-up",,,70.000,18,,,,NORMAL_SET,1,1
"Evening session","2026-01-06 20:05:22",01:07:36,,,"Incline Push-up",,,70.000,15,,,,NORMAL_SET,,
"Evening session","2026-01-04 19:02:53",01:12:53,,,"Sled Hack Squat ",,,130.000,6,,,,NORMAL_SET,,
"Evening session","2026-01-04 19:02:53",01:12:53,,,"Sled Hack Squat ",,,150.000,5,,,,NORMAL_SET,"3,3","1,2"
"Evening session","2026-01-04 19:02:53",01:12:53,,,"Sled Hack Squat ",,,130.000,6,,,,NORMAL_SET,,
"Evening session","2026-01-04 19:02:53",01:12:53,,,"Lever Lying Leg Curl ",,,45.000,8,,,,NORMAL_SET,,
"Evening session","2026-01-04 19:02:53",01:12:53,,,"Lever Lying Leg Curl ",,,54.000,5,,,,NORMAL_SET,"3,3","1,2"
"Evening session","2026-01-04 19:02:53",01:12:53,,,"Lever Lying Leg Curl ",,,45.000,6,,,,NORMAL_SET,,
"Evening session","2026-01-04 19:02:53",01:12:53,,,"Full Squat",,,80.000,6,,,,NORMAL_SET,,
"Evening session","2026-01-04 19:02:53",01:12:53,,,"Full Squat",,,90.000,6,,,,NORMAL_SET,,
"Evening session","2026-01-04 19:02:53",01:12:53,,,"Cable Hammer Curl ",,,27.000,8,,,,NORMAL_SET,,
"Evening session","2026-01-04 19:02:53",01:12:53,,,"Cable Hammer Curl ",,,30.000,8,,,,NORMAL_SET,,
"Evening session","2026-01-04 19:02:53",01:12:53,,,"Cable Hammer Curl ",,,30.000,8,,,,NORMAL_SET,,
"Evening session","2026-01-04 19:02:53",01:12:53,,,"Cable Pushdown ",,,25.000,8,,,,NORMAL_SET,,
"Evening session","2026-01-04 19:02:53",01:12:53,,,"Cable Pushdown ",,,27.000,8,,,,NORMAL_SET,,
"Evening session","2026-01-04 19:02:53",01:12:53,,,"Cable Pushdown ",,,30.000,8,,,,NORMAL_SET,,
"Evening session","2026-01-04 19:02:53",01:12:53,,,"Handstand Push-Up",,,0.000,3,,,,NORMAL_SET,,
"Evening session","2026-01-04 19:02:53",01:12:53,,,"Handstand Push-Up",,,0.000,6,,,,NORMAL_SET,1,4
"Evening session","2026-01-04 19:02:53",01:12:53,,,"Pseudo Planche Push-up",,,66.000,6,,,,NORMAL_SET,,
"Evening session","2026-01-04 19:02:53",01:12:53,,,"Pseudo Planche Push-up",,,66.000,6,,,,NORMAL_SET,,
"Evening session","2026-01-01 19:45:11",00:43:27,,,"Bench Press",,,90.000,4,,,,NORMAL_SET,,
"Evening session","2026-01-01 19:45:11",00:43:27,,,"Bench Press",,,100.000,3,,,,NORMAL_SET,,
"Evening session","2026-01-01 19:45:11",00:43:27,,,"Archer Pull up",,,0.000,4,,,,NORMAL_SET,,
"Evening session","2026-01-01 19:45:11",00:43:27,,,"Archer Pull up",,,0.000,4,,,,NORMAL_SET,,
"Evening session","2026-01-01 19:45:11",00:43:27,,,"Archer Pull up",,,0.000,4,,,,NORMAL_SET,,
"Evening session","2026-01-01 19:45:11",00:43:27,,,"Dip on Floor with Chair",,,40.000,8,,,,NORMAL_SET,,
"Evening session","2026-01-01 19:45:11",00:43:27,,,"Dip on Floor with Chair",,,40.000,8,,,,NORMAL_SET,,
"Evening session","2026-01-01 19:45:11",00:43:27,,,"Dip on Floor with Chair",,,40.000,8,,,,NORMAL_SET,,
"Evening session","2026-01-01 19:45:11",00:43:27,,,Chin-Up,,,0.000,8,,,,NORMAL_SET,,
"Evening session","2026-01-01 19:45:11",00:43:27,,,Chin-Up,,,0.000,8,,,,NORMAL_SET,,
"Evening session","2026-01-01 19:45:11",00:43:27,,,Chin-Up,,,0.000,8,,,,NORMAL_SET,,
"Evening session","2026-01-01 19:45:11",00:43:27,,,"Archer Push up",,,66.000,8,,,,NORMAL_SET,,
"Evening session","2026-01-01 19:45:11",00:43:27,,,"Archer Push up",,,66.000,8,,,,NORMAL_SET,,
"Evening session","2025-12-30 12:30:57",01:18:05,,,"Lever Chest Press",,,80.000,6,,,,NORMAL_SET,,
"Evening session","2025-12-30 12:30:57",01:18:05,,,"Lever Chest Press",,,113.000,6,,,,NORMAL_SET,,
"Evening session","2025-12-30 12:30:57",01:18:05,,,"Lever Chest Press",,,113.000,4,,,,NORMAL_SET,,
"Evening session","2025-12-30 12:30:57",01:18:05,,,"Triceps Pushdown",,,36.000,6,,,,NORMAL_SET,,
"Evening session","2025-12-30 12:30:57",01:18:05,,,"Triceps Pushdown",,,38.000,6,,,,NORMAL_SET,,
"Evening session","2025-12-30 12:30:57",01:18:05,,,"Triceps Pushdown",,,41.000,5,,,,NORMAL_SET,,
"Evening session","2025-12-30 12:30:57",01:18:05,,,"Lever Seated Fly",,,113.000,8,,,,NORMAL_SET,,
"Evening session","2025-12-30 12:30:57",01:18:05,,,"Lever Seated Fly",,,134.000,6,,,,NORMAL_SET,,
"Evening session","2025-12-30 12:30:57",01:18:05,,,"Lever Seated Fly",,,134.000,6,,,,NORMAL_SET,,
"Evening session","2025-12-30 12:30:57",01:18:05,,,"Dips between Chairs",,,0.000,8,,,,NORMAL_SET,,
"Evening session","2025-12-30 12:30:57",01:18:05,,,"Dips between Chairs",,,0.000,8,,,,NORMAL_SET,,
"Evening session","2025-12-30 12:30:57",01:18:05,,,"Dips between Chairs",,,0.000,8,,,,NORMAL_SET,,
"Evening session","2025-12-30 12:30:57",01:18:05,,,"Cable One Arm Tricep Pushdown",,,11.000,8,,,,NORMAL_SET,,
"Evening session","2025-12-30 12:30:57",01:18:05,,,"Cable One Arm Tricep Pushdown",,,13.000,8,,,,NORMAL_SET,,
"Evening session","2025-12-30 12:30:57",01:18:05,,,"Cable One Arm Tricep Pushdown",,,13.000,6,,,,NORMAL_SET,,
"Evening session","2025-12-30 12:30:57",01:18:05,,,"Handstand Push-Up",,,0.000,5,,,,NORMAL_SET,,
"Evening session","2025-12-30 12:30:57",01:18:05,,,"Handstand Push-Up",,,0.000,5,,,,NORMAL_SET,,
"Evening session","2025-12-30 12:30:57",01:18:05,,,"Sled Hack Squat ",,,100.000,8,,,,NORMAL_SET,,
"Evening session","2025-12-30 12:30:57",01:18:05,,,"Sled Hack Squat ",,,130.000,6,,,,NORMAL_SET,,
"Evening session","2025-12-30 12:30:57",01:18:05,,,"Sled Hack Squat ",,,130.000,6,,,,NORMAL_SET,,
"Evening session","2025-12-30 12:30:57",01:18:05,,,"Lever Leg Extension",,,79.000,8,,,,NORMAL_SET,,
"Evening session","2025-12-30 12:30:57",01:18:05,,,"Lever Leg Extension",,,79.000,8,,,,NORMAL_SET,,
"Evening session","2025-12-25 20:53:30",01:47:16,,,"Bench Press",,,100.000,4,,,,NORMAL_SET,3,1
"Evening session","2025-12-25 20:53:30",01:47:16,,,"Bench Press",,,90.000,6,,,,NORMAL_SET,,
"Evening session","2025-12-25 20:53:30",01:47:16,,,"Cable Wide Neutral Grip PullDown",,,100.000,6,,,,NORMAL_SET,,
"Evening session","2025-12-25 20:53:30",01:47:16,,,"Cable Wide Neutral Grip PullDown",,,107.000,6,,,,NORMAL_SET,"1,3,2","1,2,3"
"Evening session","2025-12-25 20:53:30",01:47:16,,,"Cable One Arm Lateral Raise",,,9.000,6,,,,NORMAL_SET,,
"Evening session","2025-12-25 20:53:30",01:47:16,,,"Cable One Arm Lateral Raise",,,9.000,6,,,,NORMAL_SET,,
"Evening session","2025-12-25 20:53:30",01:47:16,,,"Lever Seated Reverse Fly",,,66.000,8,,,,NORMAL_SET,,
"Evening session","2025-12-25 20:53:30",01:47:16,,,"Lever Seated Reverse Fly",,,73.000,8,,,,NORMAL_SET,,
"Evening session","2025-12-25 20:53:30",01:47:16,,,"Lever Seated Reverse Fly",,,73.000,8,,,,NORMAL_SET,,
"Evening session","2025-12-25 20:53:30",01:47:16,,,"Lever Seated Fly",,,113.000,8,,,,NORMAL_SET,,
"Evening session","2025-12-25 20:53:30",01:47:16,,,"Lever Seated Fly",,,134.000,8,,,,NORMAL_SET,"2,2","1,3"
"Evening session","2025-12-24 21:01:19",01:17:16,,,"Bench Press",,,100.000,3,,,,NORMAL_SET,,
"Evening session","2025-12-24 21:01:19",01:17:16,,,"Bench Press",,,90.000,5,,,,NORMAL_SET,,
"Evening session","2025-12-24 21:01:19",01:17:16,,,"Cable Pushdown ",,,25.000,8,,,,DROP_SET,,
"Evening session","2025-12-24 21:01:19",01:17:16,,,"Cable Pushdown ",,,25.000,8,,,,NORMAL_SET,,
"Evening session","2025-12-24 21:01:19",01:17:16,,,"Cable Pushdown ",,,25.000,8,,,,NORMAL_SET,,
"Evening session","2025-12-24 21:01:19",01:17:16,,,"Incline Bench Press",,,32.000,6,,,,NORMAL_SET,,
"Evening session","2025-12-24 21:01:19",01:17:16,,,"Incline Bench Press",,,34.000,6,,,,NORMAL_SET,,
"Evening session","2025-12-24 21:01:19",01:17:16,,,"Cable Standing High Cross Triceps Extension",,,4.500,8,,,,NORMAL_SET,,
"Evening session","2025-12-24 21:01:19",01:17:16,,,"Cable Standing High Cross Triceps Extension",,,6.800,8,,,,NORMAL_SET,1,1
"Evening session","2025-12-24 21:01:19",01:17:16,,,"One arm Revers Wrist Curl",,,6.000,8,,,,NORMAL_SET,1,1
"Evening session","2025-12-24 21:01:19",01:17:16,,,"One arm Revers Wrist Curl",,,6.000,8,,,,NORMAL_SET,,
"Morning session","2025-12-22 11:22:47",00:55:28,,,"Sled 45° Leg Wide Press",,,120.000,8,,,,NORMAL_SET,,
"Morning session","2025-12-22 11:22:47",00:55:28,,,"Sled 45° Leg Wide Press",,,160.000,8,,,,NORMAL_SET,3,3
"Morning session","2025-12-22 11:22:47",00:55:28,,,"Sled 45° Leg Wide Press",,,200.000,4,,,,NORMAL_SET,,
"Morning session","2025-12-22 11:22:47",00:55:28,,,"Lever Lying Leg Curl ",,,45.000,8,,,,NORMAL_SET,,
"Morning session","2025-12-22 11:22:47",00:55:28,,,"Lever Lying Leg Curl ",,,54.000,6,,,,NORMAL_SET,"2,2","1,2"
"Morning session","2025-12-22 11:22:47",00:55:28,,,"Lever Seated Calf Raise",,,60.000,8,,,,NORMAL_SET,,
"Morning session","2025-12-22 11:22:47",00:55:28,,,"Lever Seated Calf Raise",,,60.000,6,,,,NORMAL_SET,,
"Morning session","2025-12-22 11:22:47",00:55:28,,,"Lever Seated Calf Raise",,,60.000,6,,,,NORMAL_SET,,
"Morning session","2025-12-22 11:22:47",00:55:28,,,"Lever Leg Extension",,,79.000,8,,,,NORMAL_SET,,
"Morning session","2025-12-22 11:22:47",00:55:28,,,"Lever Leg Extension",,,79.000,8,,,,NORMAL_SET,,
"Morning session","2025-12-22 11:22:47",00:55:28,,,"Lever Seated Hip Abduction",,,45.000,8,,,,NORMAL_SET,,
"Morning session","2025-12-22 11:22:47",00:55:28,,,"Lever Seated Hip Abduction",,,45.000,8,,,,NORMAL_SET,,
"Evening session","2025-12-18 22:22:19",01:11:25,,,"Bench Press",,,90.000,6,,,,NORMAL_SET,,
"Evening session","2025-12-18 22:22:19",01:11:25,,,"Bench Press",,,95.000,5,,,,NORMAL_SET,3,1
"Evening session","2025-12-18 22:22:19",01:11:25,,,"Bench Press",,,90.000,6,,,,NORMAL_SET,,
"Evening session","2025-12-18 22:22:19",01:11:25,,,"Lever Seated Reverse Fly",,,66.000,8,,,,NORMAL_SET,,
"Evening session","2025-12-18 22:22:19",01:11:25,,,"Lever Seated Reverse Fly",,,73.000,8,,,,NORMAL_SET,,
"Evening session","2025-12-18 22:22:19",01:11:25,,,"Lever Seated Reverse Fly",,,73.000,8,,,,NORMAL_SET,,
"Evening session","2025-12-18 22:22:19",01:11:25,,,"Diamond Push-up",,,40.000,6,,,,NORMAL_SET,,
"Evening session","2025-12-18 22:22:19",01:11:25,,,"Diamond Push-up",,,40.000,8,,,,NORMAL_SET,,
"Evening session","2025-12-18 22:22:19",01:11:25,,,"Incline Bench Press",,,34.000,6,,,,NORMAL_SET,,
"Evening session","2025-12-18 22:22:19",01:11:25,,,"Incline Bench Press",,,34.000,6,,,,NORMAL_SET,,
"Evening session","2025-12-17 22:43:27",00:46:10,,,"Cable Standing Back Wrist Curl",,,30.000,8,,,,NORMAL_SET,,
"Evening session","2025-12-17 22:43:27",00:46:10,,,"Cable Standing Back Wrist Curl",,,41.000,8,,,,NORMAL_SET,,
"Evening session","2025-12-17 22:43:27",00:46:10,,,"Cable Standing Back Wrist Curl",,,41.000,8,,,,NORMAL_SET,,
"Evening session","2025-12-17 22:43:27",00:46:10,,,"Revers Wrist Curl",,,7.000,8,,,,NORMAL_SET,1,1
"Evening session","2025-12-17 22:43:27",00:46:10,,,"Revers Wrist Curl",,,7.000,8,,,,NORMAL_SET,,
"Evening session","2025-12-17 22:43:27",00:46:10,,,"Triceps Pushdown",,,64.000,8,,,,NORMAL_SET,,
"Evening session","2025-12-17 22:43:27",00:46:10,,,"Triceps Pushdown",,,68.000,8,,,,NORMAL_SET,,
"Evening session","2025-12-17 22:43:27",00:46:10,,,"High Pulley Overhead Tricep Extension",,,27.000,8,,,,NORMAL_SET,,
"Evening session","2025-12-17 22:43:27",00:46:10,,,"High Pulley Overhead Tricep Extension",,,30.000,8,,,,NORMAL_SET,,
"Evening session","2025-12-17 22:43:27",00:46:10,,,"Cable Standing Reverse Grip Curl ",,,16.000,6,,,,NORMAL_SET,,
"Evening session","2025-12-17 22:43:27",00:46:10,,,"Cable Standing Reverse Grip Curl ",,,20.000,6,,,,NORMAL_SET,"1,1,1","1,2,3"
"Evening session","2025-12-17 22:43:27",00:46:10,,,"Cable Standing Reverse Grip Curl ",,,20.000,6,,,,NORMAL_SET,"2,2,2","1,2,3"
"Evening session","2025-12-16 22:23:15",00:57:07,,,"Muscle-up ",,,0.000,8,,,,NORMAL_SET,,
"Evening session","2025-12-16 22:23:15",00:57:07,,,"Muscle-up ",,,0.000,8,,,,NORMAL_SET,,
"Evening session","2025-12-16 22:23:15",00:57:07,,,"Dumbbell Incline Biceps Curl",,,22.000,6,,,,NORMAL_SET,,
"Evening session","2025-12-16 22:23:15",00:57:07,,,"Dumbbell Incline Biceps Curl",,,22.000,5,,,,NORMAL_SET,,
"Evening session","2025-12-16 22:23:15",00:57:07,,,"Cable Wide Neutral Grip PullDown",,,100.000,6,,,,NORMAL_SET,,
"Evening session","2025-12-16 22:23:15",00:57:07,,,"Cable Wide Neutral Grip PullDown",,,100.000,5,,,,NORMAL_SET,,
"Evening session","2025-12-16 22:23:15",00:57:07,,,"Cable Hammer Curl ",,,30.000,8,,,,NORMAL_SET,,
"Evening session","2025-12-16 22:23:15",00:57:07,,,"Cable Hammer Curl ",,,27.000,8,,,,NORMAL_SET,,
"Evening session","2025-12-16 22:23:15",00:57:07,,,"Archer Pull up",,,0.000,3,,,,NORMAL_SET,,
"Evening session","2025-12-16 22:23:15",00:57:07,,,"Archer Pull up",,,0.000,3,,,,NORMAL_SET,,
"Evening session","2025-12-16 22:23:15",00:57:07,,,"Concentration Curl",,,22.000,6,,,,NORMAL_SET,,
"Evening session","2025-12-16 22:23:15",00:57:07,,,"Concentration Curl",,,22.000,6,,,,NORMAL_SET,,
"Evening session","2025-12-16 22:23:15",00:57:07,,,"Sled 45° Leg Wide Press",,,200.000,6,,,,NORMAL_SET,"3,3,3","1,2,3"
"Evening session","2025-12-16 22:23:15",00:57:07,,,"Sled 45° Leg Wide Press",,,160.000,8,,,,NORMAL_SET,2,3
"Evening session","2025-12-16 22:23:15",00:57:07,,,"Lever Seated Leg Press",,,127.000,6,,,,NORMAL_SET,,
"Evening session","2025-12-16 22:23:15",00:57:07,,,"Lever Seated Leg Press",,,127.000,6,,,,NORMAL_SET,,
"Evening session","2025-12-11 22:57:42",01:00:51,,,"Bench Press",,,100.000,3,,,,NORMAL_SET,,
"Evening session","2025-12-11 22:57:42",01:00:51,,,"Bench Press",,,110.000,1,,,,NORMAL_SET,"2,2","1,2"
"Evening session","2025-12-11 22:57:42",01:00:51,,,"Triceps Pushdown",,,64.000,8,,,,NORMAL_SET,,
"Evening session","2025-12-11 22:57:42",01:00:51,,,"Triceps Pushdown",,,64.000,8,,,,NORMAL_SET,,
"Evening session","2025-12-11 22:57:42",01:00:51,,,"Cable Standing Fly",,,26.000,8,,,,NORMAL_SET,"1,1,1","1,2,3"
"Evening session","2025-12-11 22:57:42",01:00:51,,,"Cable Standing Fly",,,26.000,8,,,,NORMAL_SET,"2,2,2","1,2,3"
"Evening session","2025-12-11 22:57:42",01:00:51,,,"Cable Low Fly",,,18.000,8,,,,NORMAL_SET,,
"Evening session","2025-12-11 22:57:42",01:00:51,,,"Cable Low Fly",,,22.000,6,,,,NORMAL_SET,"1,1","1,2"
"Evening session","2025-12-11 22:57:42",01:00:51,,,"Cable One Arm Tricep Pushdown",,,11.000,8,,,,NORMAL_SET,,
"Evening session","2025-12-11 22:57:42",01:00:51,,,"Cable One Arm Tricep Pushdown",,,11.000,8,,,,NORMAL_SET,,
"Evening session","2025-12-11 22:57:42",01:00:51,,,"Cable One Arm Tricep Pushdown",,,13.000,6,,,,NORMAL_SET,,
"Evening session","2025-12-08 20:43:42",01:03:38,,,"Cable Wide Neutral Grip PullDown",,,100.000,6,,,,NORMAL_SET,,
"Evening session","2025-12-08 20:43:42",01:03:38,,,"Cable Wide Neutral Grip PullDown",,,107.000,4,,,,NORMAL_SET,"3,2","1,2"
"Evening session","2025-12-08 20:43:42",01:03:38,,,"Lever Seated Row",,,30.000,8,,,,NORMAL_SET,,
"Evening session","2025-12-08 20:43:42",01:03:38,,,"Lever Seated Row",,,40.000,6,,,,NORMAL_SET,,
"Evening session","2025-12-08 20:43:42",01:03:38,,,"Cable Hammer Curl ",,,30.000,8,,,,NORMAL_SET,,
"Evening session","2025-12-08 20:43:42",01:03:38,,,"Cable Hammer Curl ",,,25.000,8,,,,NORMAL_SET,,
"Evening session","2025-12-08 20:43:42",01:03:38,,,"Cable Hammer Curl ",,,25.000,8,,,,NORMAL_SET,,
"Evening session","2025-12-08 20:43:42",01:03:38,,,"Cable Straight Back Seated Row",,,80.000,6,,,,NORMAL_SET,"3,3","1,2"
"Evening session","2025-12-08 20:43:42",01:03:38,,,"Cable Straight Back Seated Row",,,80.000,6,,,,NORMAL_SET,,
"Evening session","2025-12-08 20:43:42",01:03:38,,,"Cable Straight Back Seated Row",,,73.000,6,,,,NORMAL_SET,,
"Evening session","2025-12-08 20:43:42",01:03:38,,,"Concentration Curl",,,24.000,6,,,,NORMAL_SET,,
"Evening session","2025-12-08 20:43:42",01:03:38,,,"Concentration Curl",,,24.000,6,,,,NORMAL_SET,,
"Evening session","2025-12-08 20:43:42",01:03:38,,,"Lever Preacher Curl",,,59.000,6,,,,NORMAL_SET,,
"Evening session","2025-12-08 20:43:42",01:03:38,,,"Lever Preacher Curl",,,64.000,6,,,,NORMAL_SET,,
"Evening session","2025-12-08 20:43:42",01:03:38,,,"Lever Preacher Curl",,,64.000,5,,,,NORMAL_SET,,
"Evening session","2025-12-08 20:43:42",01:03:38,,,"Cable Standing Back Wrist Curl",,,30.000,8,,,,NORMAL_SET,,
"Evening session","2025-12-08 20:43:42",01:03:38,,,"Cable Standing Back Wrist Curl",,,30.000,8,,,,NORMAL_SET,,
"Evening session","2025-12-06 14:35:04",01:29:12,,,"Sled 45° Leg Wide Press",,,140.000,8,,,,WARMUP_SET,3,3
"Evening session","2025-12-06 14:35:04",01:29:12,,,"Sled 45° Leg Wide Press",,,200.000,6,,,,NORMAL_SET,"2,2,2","1,2,3"
"Evening session","2025-12-06 14:35:04",01:29:12,,,"Sled Hack Squat ",,,130.000,6,,,,NORMAL_SET,,
"Evening session","2025-12-06 14:35:04",01:29:12,,,"Lever Seated Fly",,,134.000,6,,,,NORMAL_SET,,
"Evening session","2025-12-06 14:35:04",01:29:12,,,"Lever Seated Fly",,,134.000,8,,,,NORMAL_SET,"1,1","1,3"
"Evening session","2025-12-06 14:35:04",01:29:12,,,"Lever Seated Fly",,,134.000,6,,,,NORMAL_SET,,
"Evening session","2025-12-06 14:35:04",01:29:12,,,"Lever Lying Leg Curl ",,,45.000,8,,,,NORMAL_SET,,
"Evening session","2025-12-06 14:35:04",01:29:12,,,"Lever Lying Leg Curl ",,,50.000,6,,,,NORMAL_SET,"2,2","1,2"
"Evening session","2025-12-06 14:35:04",01:29:12,,,"Lever Lying Leg Curl ",,,54.000,6,,,,NORMAL_SET,"1,1","1,2"
"Evening session","2025-12-06 14:35:04",01:29:12,,,"Lever Seated Calf Raise",,,80.000,8,,,,NORMAL_SET,,
"Evening session","2025-12-06 14:35:04",01:29:12,,,"Lever Seated Calf Raise",,,80.000,8,,,,NORMAL_SET,,
"Evening session","2025-12-06 14:35:04",01:29:12,,,"Lever Seated Calf Raise",,,80.000,8,,,,NORMAL_SET,,
"Evening session","2025-12-06 14:35:04",01:29:12,,,"Lever Leg Extension",,,79.000,8,,,,NORMAL_SET,,
"Evening session","2025-12-06 14:35:04",01:29:12,,,"Lever Leg Extension",,,86.000,8,,,,NORMAL_SET,,
"Evening session","2025-12-06 14:35:04",01:29:12,,,Pull-up,,,20.000,8,,,,NORMAL_SET,,
"Evening session","2025-12-06 14:35:04",01:29:12,,,Pull-up,,,0.000,8,,,,NORMAL_SET,,
"Morning session","2025-12-05 10:19:30",00:58:30,,,"Lever Chest Press",,,80.000,6,,,,WARMUP_SET,,
"Morning session","2025-12-05 10:19:30",00:58:30,,,"Lever Chest Press",,,113.000,6,,,,NORMAL_SET,,
"Morning session","2025-12-05 10:19:30",00:58:30,,,"Lever Chest Press",,,113.000,6,,,,NORMAL_SET,,
"Morning session","2025-12-05 10:19:30",00:58:30,,,"Lever Chest Press",,,113.000,6,,,,NORMAL_SET,,
"Morning session","2025-12-05 10:19:30",00:58:30,,,"Cable Pushdown ",,,60.000,8,,,,DROP_SET,,
"Morning session","2025-12-05 10:19:30",00:58:30,,,"Cable Pushdown ",,,60.000,8,,,,NORMAL_SET,,
"Morning session","2025-12-05 10:19:30",00:58:30,,,"Cable Pushdown ",,,60.000,6,,,,NORMAL_SET,,
"Morning session","2025-12-05 10:19:30",00:58:30,,,"Incline Bench Press",,,34.000,6,,,,NORMAL_SET,,
"Morning session","2025-12-05 10:19:30",00:58:30,,,"Incline Bench Press",,,34.000,6,,,,NORMAL_SET,,
"Morning session","2025-12-05 10:19:30",00:58:30,,,"Incline Bench Press",,,34.000,6,,,,NORMAL_SET,,
"Morning session","2025-12-05 10:19:30",00:58:30,,,"Cable One Arm Tricep Pushdown",,,14.000,8,,,,NORMAL_SET,3,3
"Morning session","2025-12-05 10:19:30",00:58:30,,,"Cable One Arm Tricep Pushdown",,,14.000,8,,,,NORMAL_SET,,
"Morning session","2025-12-05 10:19:30",00:58:30,,,"Dips between Chairs",,,0.000,8,,,,NORMAL_SET,,
"Morning session","2025-12-05 10:19:30",00:58:30,,,"Dips between Chairs",,,0.000,8,,,,NORMAL_SET,,
"Morning session","2025-12-05 10:19:30",00:58:30,,,"Dips between Chairs",,,0.000,8,,,,NORMAL_SET,,
"Morning session","2025-12-05 10:19:30",00:58:30,,,"Pseudo Planche Push-up",,,66.000,6,,,,NORMAL_SET,,
"Morning session","2025-12-05 10:19:30",00:58:30,,,"Pseudo Planche Push-up",,,66.000,6,,,,NORMAL_SET,,
"Morning session","2025-12-05 10:19:30",00:58:30,,,"Pseudo Planche Push-up",,,66.000,6,,,,NORMAL_SET,,
"Evening session","2025-12-01 18:56:43",02:20:36,,,"Lever Seated Row",,,30.000,8,,,,NORMAL_SET,,
"Evening session","2025-12-01 18:56:43",02:20:36,,,"Lever Seated Row",,,40.000,8,,,,NORMAL_SET,,
"Evening session","2025-12-01 18:56:43",02:20:36,,,"Lever Seated Row",,,43.000,8,,,,NORMAL_SET,,
"Evening session","2025-12-01 18:56:43",02:20:36,,,"Preacher Curl",,,25.000,8,,,,NORMAL_SET,,
"Evening session","2025-12-01 18:56:43",02:20:36,,,"Preacher Curl",,,30.000,6,,,,NORMAL_SET,1,1
"Evening session","2025-12-01 18:56:43",02:20:36,,,"Preacher Curl",,,30.000,6,,,,NORMAL_SET,,
"Evening session","2025-12-01 18:56:43",02:20:36,,,"Cable Wide-Grip Lat Pulldown ",,,80.000,8,,,,NORMAL_SET,,
"Evening session","2025-12-01 18:56:43",02:20:36,,,"Cable Wide-Grip Lat Pulldown ",,,100.000,6,,,,NORMAL_SET,2,1
"Evening session","2025-12-01 18:56:43",02:20:36,,,"Cable Wide-Grip Lat Pulldown ",,,100.000,6,,,,NORMAL_SET,3,1
"Evening session","2025-12-01 18:56:43",02:20:36,,,"Dumbbell Incline Biceps Curl",,,20.000,6,,,,NORMAL_SET,,
"Evening session","2025-12-01 18:56:43",02:20:36,,,"Dumbbell Incline Biceps Curl",,,22.000,4,,,,NORMAL_SET,,
"Evening session","2025-12-01 18:56:43",02:20:36,,,Pull-up,,,20.000,8,,,,NORMAL_SET,,
"Evening session","2025-12-01 18:56:43",02:20:36,,,Pull-up,,,20.000,6,,,,NORMAL_SET,,
"Evening session","2025-12-01 18:56:43",02:20:36,,,"Cable Hammer Curl ",,,30.000,8,,,,NORMAL_SET,,
"Evening session","2025-12-01 18:56:43",02:20:36,,,"Cable Hammer Curl ",,,32.000,6,,,,NORMAL_SET,,
"Evening session","2025-12-01 18:56:43",02:20:36,,,"Cable Hammer Curl ",,,32.000,6,,,,NORMAL_SET,,
"Evening session","2025-12-01 18:56:43",02:20:36,,,"Cable Standing Back Wrist Curl",,,25.000,8,,,,NORMAL_SET,,
"Evening session","2025-12-01 18:56:43",02:20:36,,,"Cable Standing Reverse Grip Curl ",,,13.000,6,,,,NORMAL_SET,"1,1","1,2"
"Evening session","2025-12-01 18:56:43",02:20:36,,,"Cable Standing Reverse Grip Curl ",,,13.000,6,,,,NORMAL_SET,"2,2,2","1,2,3"
"Evening session","2025-12-01 18:56:43",02:20:36,,,"Cable Standing Reverse Grip Curl ",,,13.000,8,,,,NORMAL_SET,"3,3,1","1,2,3"
"Evening session","2025-11-30 15:45:13",01:23:28,,,"Lever Chest Press",,,70.000,8,,,,NORMAL_SET,3,1
"Evening session","2025-11-30 15:45:13",01:23:28,,,"Lever Chest Press",,,120.000,5,,,,NORMAL_SET,"1,2,3","1,2,3"
"Evening session","2025-11-30 15:45:13",01:23:28,,,"Lever Chest Press",,,100.000,6,,,,NORMAL_SET,2,1
"Evening session","2025-11-30 15:45:13",01:23:28,,,"Bench Press",,,90.000,6,,,,NORMAL_SET,,
"Evening session","2025-11-30 15:45:13",01:23:28,,,"Bench Press",,,90.000,5,,,,NORMAL_SET,,
"Evening session","2025-11-30 15:45:13",01:23:28,,,"Cable Pushdown ",,,64.000,8,,,,DROP_SET,,
"Evening session","2025-11-30 15:45:13",01:23:28,,,"Cable Pushdown ",,,60.000,8,,,,NORMAL_SET,,
"Evening session","2025-11-30 15:45:13",01:23:28,,,"Triceps Pushdown",,,64.000,8,,,,NORMAL_SET,,
"Evening session","2025-11-30 15:45:13",01:23:28,,,"Triceps Pushdown",,,64.000,8,,,,NORMAL_SET,,
"Evening session","2025-11-30 15:45:13",01:23:28,,,"Incline Bench Press",,,34.000,6,,,,NORMAL_SET,,
"Evening session","2025-11-30 15:45:13",01:23:28,,,"Incline Bench Press",,,34.000,6,,,,NORMAL_SET,,
"Evening session","2025-11-26 22:46:27",00:49:04,,,"Sled 45° Leg Wide Press",,,140.000,8,,,,WARMUP_SET,"3,3,2","1,2,3"
"Evening session","2025-11-26 22:46:27",00:49:04,,,"Sled 45° Leg Wide Press",,,225.000,6,,,,NORMAL_SET,,
"Evening session","2025-11-26 22:46:27",00:49:04,,,"Sled 45° Leg Wide Press",,,245.000,8,,,,NORMAL_SET,"1,1,1","1,2,3"
"Evening session","2025-11-26 22:46:27",00:49:04,,,"Lever Seated Calf Raise",,,80.000,8,,,,NORMAL_SET,,
"Evening session","2025-11-26 22:46:27",00:49:04,,,"Lever Seated Calf Raise",,,80.000,8,,,,NORMAL_SET,,
"Evening session","2025-11-26 22:46:27",00:49:04,,,"Lever Seated Calf Raise",,,80.000,8,,,,NORMAL_SET,,
"Evening session","2025-11-26 22:46:27",00:49:04,,,"Lever Seated Hip Abduction",,,32.000,8,,,,WARMUP_SET,,
"Evening session","2025-11-26 22:46:27",00:49:04,,,"Lever Seated Hip Abduction",,,45.000,8,,,,NORMAL_SET,,
"Evening session","2025-11-26 22:46:27",00:49:04,,,"Lever Seated Hip Abduction",,,39.000,8,,,,NORMAL_SET,,
"Evening session","2025-11-26 22:46:27",00:49:04,,,"Lever Seated Hip Abduction",,,39.000,8,,,,NORMAL_SET,,
"Evening session","2025-11-26 22:46:27",00:49:04,,,"Lever Lying Leg Curl ",,,45.000,8,,,,NORMAL_SET,"3,3,3","1,2,3"
"Evening session","2025-11-26 22:46:27",00:49:04,,,"Lever Lying Leg Curl ",,,50.000,8,,,,NORMAL_SET,"1,1,1","1,2,3"
"Evening session","2025-11-25 21:26:18",01:06:35,,,"Lever Seated Fly",,,113.000,8,,,,NORMAL_SET,,
"Evening session","2025-11-25 21:26:18",01:06:35,,,"Lever Seated Fly",,,120.000,8,,,,NORMAL_SET,,
"Evening session","2025-11-25 21:26:18",01:06:35,,,"Lever Seated Fly",,,127.000,8,,,,NORMAL_SET,1,3
"Evening session","2025-11-25 21:26:18",01:06:35,,,"Cable Pushdown ",,,30.000,8,,,,NORMAL_SET,,
"Evening session","2025-11-25 21:26:18",01:06:35,,,"Cable Pushdown ",,,32.000,8,,,,NORMAL_SET,,
"Evening session","2025-11-25 21:26:18",01:06:35,,,"Cable Pushdown ",,,32.000,8,,,,NORMAL_SET,,
"Evening session","2025-11-25 21:26:18",01:06:35,,,"Lever Chest Press",,,100.000,6,,,,NORMAL_SET,"1,3,2","1,2,3"
"Evening session","2025-11-25 21:26:18",01:06:35,,,"Lever Chest Press",,,100.000,4,,,,NORMAL_SET,2,1
"Evening session","2025-11-25 21:26:18",01:06:35,,,"High Pulley Overhead Tricep Extension",,,27.000,8,,,,NORMAL_SET,,
"Evening session","2025-11-25 21:26:18",01:06:35,,,"High Pulley Overhead Tricep Extension",,,30.000,8,,,,NORMAL_SET,,
"Evening session","2025-11-25 21:26:18",01:06:35,,,"High Pulley Overhead Tricep Extension",,,30.000,8,,,,NORMAL_SET,,
"Evening session","2025-11-25 21:26:18",01:06:35,,,"Diamond Push-up",,,40.000,8,,,,NORMAL_SET,,
"Evening session","2025-11-25 21:26:18",01:06:35,,,"Diamond Push-up",,,40.000,8,,,,NORMAL_SET,,
"Evening session","2025-11-25 21:26:18",01:06:35,,,"Lever Seated Dip",,,91.000,8,,,,NORMAL_SET,,
"Evening session","2025-11-25 21:26:18",01:06:35,,,"Lever Seated Dip",,,91.000,8,,,,NORMAL_SET,,
"Evening session","2025-11-25 21:26:18",01:06:35,,,"Lever Seated Dip",,,91.000,8,,,,NORMAL_SET,,
"Evening session","2025-11-24 22:02:07",00:50:13,,,"Cable Hammer Curl ",,,36.000,8,,,,NORMAL_SET,,
"Evening session","2025-11-24 22:02:07",00:50:13,,,"Cable Hammer Curl ",,,38.000,6,,,,NORMAL_SET,,
"Evening session","2025-11-24 22:02:07",00:50:13,,,"Cable Hammer Curl ",,,36.000,5,,,,NORMAL_SET,,
"Evening session","2025-11-24 22:02:07",00:50:13,,,"Cable Wide Neutral Grip PullDown",,,100.000,6,,,,NORMAL_SET,,
"Evening session","2025-11-24 22:02:07",00:50:13,,,"Cable Wide Neutral Grip PullDown",,,107.000,5,,,,NORMAL_SET,1,1
"Evening session","2025-11-24 22:02:07",00:50:13,,,"Cable Wide Neutral Grip PullDown",,,113.000,3,,,,NORMAL_SET,"2,1","1,2"
"Evening session","2025-11-24 22:02:07",00:50:13,,,"Dumbbell Incline Biceps Curl",,,20.000,6,,,,NORMAL_SET,,
"Evening session","2025-11-24 22:02:07",00:50:13,,,"Dumbbell Incline Biceps Curl",,,22.000,4,,,,NORMAL_SET,,
"Evening session","2025-11-24 22:02:07",00:50:13,,,Pull-up,,,40.000,4,,,,NORMAL_SET,,
"Evening session","2025-11-24 22:02:07",00:50:13,,,Pull-up,,,40.000,4,,,,NORMAL_SET,,
"Evening session","2025-11-24 22:02:07",00:50:13,,,"Lever Preacher Curl",,,59.000,6,,,,NORMAL_SET,,
"Evening session","2025-11-24 22:02:07",00:50:13,,,"Lever Preacher Curl",,,59.000,6,,,,NORMAL_SET,,
"Evening session","2025-11-23 17:26:01",02:16:22,,,"Muscle-up ",,,0.000,8,,,,NORMAL_SET,,
"Evening session","2025-11-23 17:26:01",02:16:22,,,"Muscle-up ",,,0.000,8,,,,NORMAL_SET,,
"Evening session","2025-11-23 17:26:01",02:16:22,,,"Lever Preacher Curl",,,59.000,8,,,,NORMAL_SET,,
"Evening session","2025-11-23 17:26:01",02:16:22,,,"Lever Preacher Curl",,,59.000,8,,,,NORMAL_SET,,
"Evening session","2025-11-23 17:26:01",02:16:22,,,"Lever Preacher Curl",,,59.000,7,,,,NORMAL_SET,,
"Evening session","2025-11-23 17:26:01",02:16:22,,,"Front Plank",,,,,,,01:00,NORMAL_SET,,
"Evening session","2025-11-23 17:26:01",02:16:22,,,"Front Plank",,,,,,,01:00,NORMAL_SET,,
"Evening session","2025-11-23 17:26:01",02:16:22,,,"Dead Bug with Stability Ball",,,0.000,,,,,NORMAL_SET,1,1
"Evening session","2025-11-23 17:26:01",02:16:22,,,"Bench Reverse Crunch Circle",,,0.000,20,,,,NORMAL_SET,3,4
"Evening session","2025-11-20 15:01:31",01:37:45,,,"Sled 45° Leg Wide Press",,,80.000,8,,,,WARMUP_SET,2,4
"Evening session","2025-11-20 15:01:31",01:37:45,,,"Sled 45° Leg Wide Press",,,140.000,8,,,,NORMAL_SET,"1,3","3,4"
"Evening session","2025-11-20 15:01:31",01:37:45,,,"Sled 45° Leg Wide Press",,,160.000,6,,,,NORMAL_SET,"2,2,2","1,2,3"
"Evening session","2025-11-20 15:01:31",01:37:45,,,"Lever Leg Extension",,,79.000,8,,,,NORMAL_SET,,
"Evening session","2025-11-20 15:01:31",01:37:45,,,"Lever Leg Extension",,,79.000,8,,,,NORMAL_SET,,
"Evening session","2025-11-20 15:01:31",01:37:45,,,"Lever Seated Calf Raise",,,80.000,8,,,,NORMAL_SET,"2,2,2","1,2,3"
"Evening session","2025-11-20 15:01:31",01:37:45,,,"Lever Seated Calf Raise",,,80.000,8,,,,NORMAL_SET,"3,3,3","1,2,3"
"Evening session","2025-11-20 15:01:31",01:37:45,,,"Lever Seated Hip Abduction",,,32.000,8,,,,NORMAL_SET,,
"Evening session","2025-11-20 15:01:31",01:37:45,,,"Lever Seated Hip Abduction",,,39.000,8,,,,NORMAL_SET,,
"Evening session","2025-11-20 15:01:31",01:37:45,,,"Lever Seated Hip Abduction",,,39.000,8,,,,NORMAL_SET,,
"Evening session","2025-11-20 15:01:31",01:37:45,,,"Reverse Wrist Curl",,,11.000,8,,,,NORMAL_SET,"1,1,1","1,2,3"
"Evening session","2025-11-20 15:01:31",01:37:45,,,"Reverse Wrist Curl",,,11.000,8,,,,NORMAL_SET,"2,2,2","1,2,3"
"Evening session","2025-11-20 15:01:31",01:37:45,,,"Reverse Wrist Curl",,,9.000,8,,,,NORMAL_SET,"3,3,3","1,2,3"
"Evening session","2025-11-20 15:01:31",01:37:45,,,"Cable Standing Back Wrist Curl",,,25.000,8,,,,NORMAL_SET,,
"Evening session","2025-11-20 15:01:31",01:37:45,,,"Cable Standing Back Wrist Curl",,,45.000,8,,,,NORMAL_SET,"3,3,3","1,2,3"
"Evening session","2025-11-20 15:01:31",01:37:45,,,"Cable Standing Back Wrist Curl",,,45.000,8,,,,NORMAL_SET,,
"Evening session","2025-11-19 20:48:05",01:00:33,,,"Sled Hack Squat ",,,130.000,8,,,,NORMAL_SET,3,3
"Evening session","2025-11-19 20:48:05",01:00:33,,,"Sled Hack Squat ",,,130.000,8,,,,NORMAL_SET,,
"Evening session","2025-11-19 20:48:05",01:00:33,,,"Lever Lying Leg Curl ",,,41.000,8,,,,NORMAL_SET,"3,3,3","1,2,3"
"Evening session","2025-11-19 20:48:05",01:00:33,,,"Lever Lying Leg Curl ",,,45.000,8,,,,NORMAL_SET,"1,1,1","1,2,3"
"Evening session","2025-11-19 20:48:05",01:00:33,,,"Lever Lying Leg Curl ",,,45.000,8,,,,NORMAL_SET,"2,2,2","1,2,3"
"Evening session","2025-11-19 20:48:05",01:00:33,,,Pull-up,,,16.000,8,,,,NORMAL_SET,,
"Evening session","2025-11-19 20:48:05",01:00:33,,,Pull-up,,,24.000,8,,,,NORMAL_SET,,
"Evening session","2025-11-19 20:48:05",01:00:33,,,Pull-up,,,24.000,8,,,,NORMAL_SET,,
"Evening session","2025-11-18 18:51:41",02:17:53,,,"Lever Chest Press",,,100.000,6,,,,NORMAL_SET,,
"Evening session","2025-11-18 18:51:41",02:17:53,,,"Lever Chest Press",,,113.000,6,,,,NORMAL_SET,,
"Evening session","2025-11-18 18:51:41",02:17:53,,,"Lever Chest Press",,,113.000,6,,,,NORMAL_SET,,
"Evening session","2025-11-18 18:51:41",02:17:53,,,"Triceps Pushdown",,,70.000,8,,,,NORMAL_SET,3,2
"Evening session","2025-11-18 18:51:41",02:17:53,,,"Triceps Pushdown",,,82.000,6,,,,NORMAL_SET,"3,2","1,2"
"Evening session","2025-11-18 18:51:41",02:17:53,,,"Triceps Pushdown",,,90.000,6,,,,NORMAL_SET,"1,1","1,2"
"Evening session","2025-11-18 18:51:41",02:17:53,,,"Lever Seated Dip",,,91.000,8,,,,NORMAL_SET,,
"Evening session","2025-11-18 18:51:41",02:17:53,,,"Lever Seated Dip",,,91.000,8,,,,NORMAL_SET,,
"Evening session","2025-11-18 18:51:41",02:17:53,,,"Lever Seated Dip",,,91.000,8,,,,NORMAL_SET,,
"Evening session","2025-11-18 18:51:41",02:17:53,,,Push-up,,,40.000,8,,,,NORMAL_SET,,
"Evening session","2025-11-18 18:51:41",02:17:53,,,Push-up,,,60.000,4,,,,NORMAL_SET,,
"Evening session","2025-11-18 18:51:41",02:17:53,,,Push-up,,,50.000,5,,,,NORMAL_SET,,
"Evening session","2025-11-18 18:51:41",02:17:53,,,"Lever Seated Fly",,,113.000,8,,,,NORMAL_SET,,
"Evening session","2025-11-18 18:51:41",02:17:53,,,"Lever Seated Fly",,,120.000,7,,,,NORMAL_SET,,
"Evening session","2025-11-18 18:51:41",02:17:53,,,"Lever Seated Fly",,,120.000,6,,,,NORMAL_SET,,
"Evening session","2025-11-18 18:51:41",02:17:53,,,Shrug,,,60.000,8,,,,NORMAL_SET,,
"Evening session","2025-11-18 18:51:41",02:17:53,,,Shrug,,,80.000,8,,,,NORMAL_SET,1,1
"Evening session","2025-11-18 18:51:41",02:17:53,,,Shrug,,,80.000,8,,,,NORMAL_SET,,
"Evening session","2025-11-17 14:34:02",02:25:55,,,"Cable Hammer Curl ",,,36.000,8,,,,NORMAL_SET,,
"Evening session","2025-11-17 14:34:02",02:25:55,,,"Cable Hammer Curl ",,,38.000,8,,,,NORMAL_SET,,
"Evening session","2025-11-17 14:34:02",02:25:55,,,"Cable Hammer Curl ",,,41.000,5,,,,NORMAL_SET,,
"Evening session","2025-11-17 14:34:02",02:25:55,,,"Cable Wide-Grip Lat Pulldown ",,,80.000,8,,,,NORMAL_SET,,
"Evening session","2025-11-17 14:34:02",02:25:55,,,"Cable Wide-Grip Lat Pulldown ",,,100.000,8,,,,NORMAL_SET,"1,1","1,3"
"Evening session","2025-11-17 14:34:02",02:25:55,,,"Cable Wide-Grip Lat Pulldown ",,,93.000,6,,,,NORMAL_SET,,
"Evening session","2025-11-17 14:34:02",02:25:55,,,"Dumbbell Incline Biceps Curl",,,20.000,6,,,,NORMAL_SET,,
"Evening session","2025-11-17 14:34:02",02:25:55,,,"Dumbbell Incline Biceps Curl",,,20.000,6,,,,NORMAL_SET,,
"Evening session","2025-11-17 14:34:02",02:25:55,,,"Dumbbell Incline Biceps Curl",,,20.000,6,,,,NORMAL_SET,,
"Evening session","2025-11-17 14:34:02",02:25:55,,,"Cable Straight Back Seated Row",,,80.000,6,,,,NORMAL_SET,"2,2","1,2"
"Evening session","2025-11-17 14:34:02",02:25:55,,,"Cable Straight Back Seated Row",,,73.000,6,,,,NORMAL_SET,"3,3","1,2"
"Evening session","2025-11-17 14:34:02",02:25:55,,,"Cable Straight Back Seated Row",,,73.000,6,,,,NORMAL_SET,,
"Evening session","2025-11-17 14:34:02",02:25:55,,,"Preacher Curl",,,20.000,8,,,,NORMAL_SET,,
"Evening session","2025-11-17 14:34:02",02:25:55,,,"Preacher Curl",,,25.000,8,,,,NORMAL_SET,,
"Evening session","2025-11-17 14:34:02",02:25:55,,,"Preacher Curl",,,30.000,8,,,,NORMAL_SET,,
"Evening session","2025-11-17 14:34:02",02:25:55,,,"Reverse Wrist Curl",,,4.500,8,,,,NORMAL_SET,"3,3,3","1,2,3"
"Evening session","2025-11-17 14:34:02",02:25:55,,,"Reverse Wrist Curl",,,4.500,8,,,,NORMAL_SET,,
"Evening session","2025-11-17 14:34:02",02:25:55,,,"Reverse Wrist Curl",,,9.000,8,,,,NORMAL_SET,"2,2,2","1,2,3"
"Evening session","2025-11-17 14:34:02",02:25:55,,,"finger curls",,,9.000,8,,,,NORMAL_SET,1,1
"Evening session","2025-11-17 14:34:02",02:25:55,,,"finger curls",,,9.000,8,,,,NORMAL_SET,,
"Evening session","2025-11-17 14:34:02",02:25:55,,,"finger curls",,,9.000,8,,,,NORMAL_SET,,
"Evening session","2025-11-17 14:34:02",02:25:55,,,"Bench Reverse Crunch Circle",,,0.000,20,,,,NORMAL_SET,1,4
"Evening session","2025-11-17 14:34:02",02:25:55,,,"Bench Reverse Crunch Circle",,,0.000,20,,,,NORMAL_SET,2,4
"Evening session","2025-11-16 18:38:17",01:18:08,,,"Seated Groin Stretch",,,,,,,,NORMAL_SET,,
"Evening session","2025-11-16 18:38:17",01:18:08,,,"Standing Hamstrings and Back Stretch",,,,,,,,NORMAL_SET,,
"Evening session","2025-11-16 18:38:17",01:18:08,,,"Standing Balance Quadriceps Stretch",,,,,,,,NORMAL_SET,,
"Evening session","2025-11-16 18:38:17",01:18:08,,,"Plyo Side Lunge Stretch",,,0.000,,,,,NORMAL_SET,1,1
"Evening session","2025-11-16 18:38:17",01:18:08,,,"Handstand Push-Up",,,0.000,5,,,,NORMAL_SET,,
"Evening session","2025-11-16 18:38:17",01:18:08,,,"Handstand Push-Up",,,0.000,5,,,,NORMAL_SET,,
"Evening session","2025-11-16 18:38:17",01:18:08,,,"Cable Pushdown ",,,25.000,8,,,,NORMAL_SET,,
"Evening session","2025-11-16 18:38:17",01:18:08,,,"Cable Pushdown ",,,32.000,6,,,,NORMAL_SET,,
"Evening session","2025-11-16 18:38:17",01:18:08,,,"Cable Hammer Curl ",,,36.000,8,,,,NORMAL_SET,,
"Evening session","2025-11-16 18:38:17",01:18:08,,,"Cable Hammer Curl ",,,36.000,8,,,,NORMAL_SET,,
"Evening session","2025-11-16 18:38:17",01:18:08,,,"Standing Military Press",,,50.000,6,,,,NORMAL_SET,,
"Evening session","2025-11-16 18:38:17",01:18:08,,,"Standing Military Press",,,50.000,6,,,,NORMAL_SET,,
"Evening session","2025-11-13 20:41:32",01:44:15,,,"Sled Hack Squat ",,,130.000,6,,,,NORMAL_SET,,
"Evening session","2025-11-13 20:41:32",01:44:15,,,"Sled Hack Squat ",,,110.000,6,,,,NORMAL_SET,,
"Evening session","2025-11-13 20:41:32",01:44:15,,,"Sled Hack Squat ",,,150.000,6,,,,NORMAL_SET,"2,2,3","1,2,3"
"Evening session","2025-11-13 20:41:32",01:44:15,,,"Lever Lying Leg Curl ",,,36.000,8,,,,NORMAL_SET,,
"Evening session","2025-11-13 20:41:32",01:44:15,,,"Lever Lying Leg Curl ",,,41.000,8,,,,NORMAL_SET,"1,1,1","1,2,3"
"Evening session","2025-11-13 20:41:32",01:44:15,,,"Lever Lying Leg Curl ",,,41.000,8,,,,NORMAL_SET,"2,2,2","1,2,3"
"Evening session","2025-11-13 20:41:32",01:44:15,,,"Lever Seated Hip Abduction",,,45.000,8,,,,NORMAL_SET,,
"Evening session","2025-11-13 20:41:32",01:44:15,,,"Lever Seated Hip Abduction",,,45.000,8,,,,NORMAL_SET,,
"Evening session","2025-11-13 20:41:32",01:44:15,,,"Lever Seated Hip Abduction",,,45.000,8,,,,NORMAL_SET,,
"Evening session","2025-11-13 20:41:32",01:44:15,,,"Lever Standing Calf Raise",,,60.000,8,,,,NORMAL_SET,"3,3,3","1,2,3"
"Evening session","2025-11-13 20:41:32",01:44:15,,,"Lever Standing Calf Raise",,,100.000,8,,,,NORMAL_SET,"1,1,1","1,2,3"
"Evening session","2025-11-13 20:41:32",01:44:15,,,"Lever Standing Calf Raise",,,100.000,8,,,,NORMAL_SET,"2,2,2","1,2,3"
"Evening session","2025-11-13 20:41:32",01:44:15,,,"Bench Reverse Crunch Circle",,,0.000,,,,,NORMAL_SET,1,1
"Evening session","2025-11-13 20:41:32",01:44:15,,,"Bench Reverse Crunch Circle",,,0.000,,,,,NORMAL_SET,,
"Evening session","2025-11-13 20:41:32",01:44:15,,,"Bench Reverse Crunch Circle",,,0.000,,,,,NORMAL_SET,,
"Evening session","2025-11-11 19:28:25",01:58:25,,,"Lever Chest Press",,,113.000,6,,,,NORMAL_SET,,
"Evening session","2025-11-11 19:28:25",01:58:25,,,"Lever Chest Press",,,113.000,6,,,,NORMAL_SET,,
"Evening session","2025-11-11 19:28:25",01:58:25,,,"Triceps Pushdown",,,45.000,6,,,,NORMAL_SET,,
"Evening session","2025-11-11 19:28:25",01:58:25,,,"Triceps Pushdown",,,45.000,6,,,,NORMAL_SET,,
"Evening session","2025-11-11 19:28:25",01:58:25,,,"Bench Press",,,90.000,5,,,,NORMAL_SET,,
"Evening session","2025-11-11 19:28:25",01:58:25,,,"Bench Press",,,100.000,2,,,,NORMAL_SET,,
"Evening session","2025-11-11 19:28:25",01:58:25,,,"Cable One Arm Tricep Pushdown",,,18.000,6,,,,NORMAL_SET,,
"Evening session","2025-11-11 19:28:25",01:58:25,,,"Cable One Arm Tricep Pushdown",,,20.000,6,,,,NORMAL_SET,"1,1,2","1,2,3"
"Evening session","2025-11-11 19:28:25",01:58:25,,,"Lever Seated Fly",,,134.000,6,,,,NORMAL_SET,,
"Evening session","2025-11-11 19:28:25",01:58:25,,,"Lever Seated Fly",,,134.000,6,,,,NORMAL_SET,,
"Evening session","2025-11-11 19:28:25",01:58:25,,,"Dips between Chairs",,,34.000,8,,,,NORMAL_SET,,
"Evening session","2025-11-11 19:28:25",01:58:25,,,"Dips between Chairs",,,34.000,8,,,,NORMAL_SET,,
"Evening session","2025-11-10 18:32:20",00:57:20,,,"Cable Curl",,,25.000,8,,,,WARMUP_SET,,
"Evening session","2025-11-10 18:32:20",00:57:20,,,"Cable Curl",,,34.000,6,,,,NORMAL_SET,,
"Evening session","2025-11-10 18:32:20",00:57:20,,,"Lever Seated Row ",,,40.000,6,,,,NORMAL_SET,,
"Evening session","2025-11-10 18:32:20",00:57:20,,,"Lever Seated Row ",,,50.000,4,,,,NORMAL_SET,,
"Evening session","2025-11-10 18:32:20",00:57:20,,,"Cable Hammer Curl ",,,36.000,6,,,,NORMAL_SET,,
"Evening session","2025-11-10 18:32:20",00:57:20,,,"Cable Hammer Curl ",,,36.000,6,,,,NORMAL_SET,,
"Evening session","2025-11-10 18:32:20",00:57:20,,,Pull-up,,,20.000,8,,,,NORMAL_SET,,
"Evening session","2025-11-10 18:32:20",00:57:20,,,Pull-up,,,20.000,8,,,,NORMAL_SET,,
"Evening session","2025-11-10 18:32:20",00:57:20,,,"Lever Preacher Curl",,,68.000,6,,,,NORMAL_SET,,
"Evening session","2025-11-10 18:32:20",00:57:20,,,"Lever Preacher Curl",,,77.000,4,,,,NORMAL_SET,"3,3","1,2"
"Evening session","2025-11-10 18:32:20",00:57:20,,,"Cable Wide Neutral Grip PullDown",,,100.000,6,,,,NORMAL_SET,"3,3","1,2"
"Evening session","2025-11-10 18:32:20",00:57:20,,,"Cable Wide Neutral Grip PullDown",,,100.000,6,,,,NORMAL_SET,,
"Evening session","2025-11-06 22:40:52",01:03:34,,,"Sled 45° Leg Wide Press",,,80.000,8,,,,NORMAL_SET,,
"Evening session","2025-11-06 22:40:52",01:03:34,,,"Sled 45° Leg Wide Press",,,140.000,6,,,,NORMAL_SET,,
"Evening session","2025-11-06 22:40:52",01:03:34,,,"Sled 45° Leg Wide Press",,,180.000,6,,,,NORMAL_SET,1,1
"Evening session","2025-11-06 22:40:52",01:03:34,,,"Lever Lying Leg Curl ",,,36.000,8,,,,NORMAL_SET,"2,2,2","1,2,3"
"Evening session","2025-11-06 22:40:52",01:03:34,,,"Lever Lying Leg Curl ",,,36.000,8,,,,NORMAL_SET,"3,3,3","1,2,3"
"Evening session","2025-11-06 22:40:52",01:03:34,,,"Lever Seated Hip Abduction",,,52.000,6,,,,NORMAL_SET,"1,1","1,2"
"Evening session","2025-11-06 22:40:52",01:03:34,,,"Lever Seated Hip Abduction",,,52.000,6,,,,NORMAL_SET,"2,2","1,2"
"Evening session","2025-11-06 22:40:52",01:03:34,,,"Lever Seated Calf Raise",,,30.000,8,,,,NORMAL_SET,,
"Evening session","2025-11-06 22:40:52",01:03:34,,,"Lever Seated Calf Raise",,,50.000,8,,,,NORMAL_SET,,
"Evening session","2025-11-06 22:40:52",01:03:34,,,"Lever Seated Crunch",,,50.000,8,,,,NORMAL_SET,"1,1,1","1,2,3"
"Evening session","2025-11-06 22:40:52",01:03:34,,,"Lever Seated Crunch",,,50.000,8,,,,NORMAL_SET,"2,2,2","1,2,3"
"Evening session","2025-11-05 21:11:42",01:02:28,,,"Bench Press",,,50.000,8,,,,WARMUP_SET,,
"Evening session","2025-11-05 21:11:42",01:02:28,,,"Bench Press",,,100.000,4,,,,NORMAL_SET,,
"Evening session","2025-11-05 21:11:42",01:02:28,,,"Bench Press",,,110.000,1,,,,NORMAL_SET,"1,1","1,2"
"Evening session","2025-11-05 21:11:42",01:02:28,,,"Triceps Pushdown",,,45.000,6,,,,NORMAL_SET,,
"Evening session","2025-11-05 21:11:42",01:02:28,,,"Triceps Pushdown",,,45.000,6,,,,NORMAL_SET,,
"Evening session","2025-11-05 21:11:42",01:02:28,,,"Lever Seated Fly",,,134.000,6,,,,NORMAL_SET,"2,2","1,2"
"Evening session","2025-11-05 21:11:42",01:02:28,,,"Lever Seated Fly",,,134.000,6,,,,NORMAL_SET,"3,3","1,2"
"Evening session","2025-11-05 21:11:42",01:02:28,,,"High Pulley Overhead Tricep Extension",,,24.000,8,,,,NORMAL_SET,,
"Evening session","2025-11-05 21:11:42",01:02:28,,,"High Pulley Overhead Tricep Extension",,,30.000,8,,,,NORMAL_SET,,
"Evening session","2025-11-05 21:11:42",01:02:28,,,"Lever Chest Press",,,113.000,6,,,,NORMAL_SET,,
"Evening session","2025-11-05 21:11:42",01:02:28,,,"Lever Chest Press",,,113.000,6,,,,NORMAL_SET,,
"Evening session","2025-11-05 21:11:42",01:02:28,,,"Cable One Arm Tricep Pushdown",,,18.000,6,,,,NORMAL_SET,"2,2,3","1,2,3"
"Evening session","2025-11-05 21:11:42",01:02:28,,,"Cable One Arm Tricep Pushdown",,,18.000,6,,,,NORMAL_SET,"3,3","1,2"
"Evening session","2025-11-03 20:14:26",01:18:31,,,"Lever Front Pulldown",,,80.000,8,,,,NORMAL_SET,2,3
"Evening session","2025-11-03 20:14:26",01:18:31,,,"Lever Front Pulldown",,,100.000,6,,,,NORMAL_SET,"1,2","1,2"
"Evening session","2025-11-03 20:14:26",01:18:31,,,"Lever Front Pulldown",,,100.000,6,,,,NORMAL_SET,"2,3","1,2"
"Evening session","2025-11-03 20:14:26",01:18:31,,,"Biceps Curl",,,22.000,6,,,,NORMAL_SET,,
"Evening session","2025-11-03 20:14:26",01:18:31,,,"Biceps Curl",,,22.000,6,,,,NORMAL_SET,,
"Evening session","2025-11-03 20:14:26",01:18:31,,,Pull-up,,,20.000,8,,,,NORMAL_SET,,
"Evening session","2025-11-03 20:14:26",01:18:31,,,Pull-up,,,30.000,8,,,,NORMAL_SET,,
"Evening session","2025-11-03 20:14:26",01:18:31,,,"Lever Preacher Curl",,,68.000,6,,,,NORMAL_SET,,
"Evening session","2025-11-03 20:14:26",01:18:31,,,"Lever Preacher Curl",,,82.000,4,,,,NORMAL_SET,"2,2","1,2"
"Evening session","2025-11-03 20:14:26",01:18:31,,,"Cable Straight Back Seated Row",,,52.000,6,,,,NORMAL_SET,,
"Evening session","2025-11-03 20:14:26",01:18:31,,,"Cable Straight Back Seated Row",,,66.000,6,,,,NORMAL_SET,,
"Evening session","2025-11-03 20:14:26",01:18:31,,,"Cable Hammer Curl ",,,32.000,6,,,,NORMAL_SET,,
"Evening session","2025-11-03 20:14:26",01:18:31,,,"Cable Hammer Curl ",,,35.000,6,,,,NORMAL_SET,,
"Morning session","2025-11-03 11:38:47",00:34:32,,,Walking,,,,,,0.8,10:00,NORMAL_SET,,
"Morning session","2025-11-03 11:38:47",00:34:32,,,Run,,,,,,,,NORMAL_SET,,
"Morning session","2025-11-03 11:38:47",00:34:32,,,"Dumbbell Incline Biceps Curl",,,20.000,8,,,,NORMAL_SET,,
"Morning session","2025-11-03 11:38:47",00:34:32,,,"Dumbbell Incline Biceps Curl",,,20.000,7,,,,NORMAL_SET,,
"Morning session","2025-11-03 11:38:47",00:34:32,,,"Dumbbell Incline Biceps Curl",,,20.000,6,,,,NORMAL_SET,,
"Morning session","2025-11-03 11:38:47",00:34:32,,,"Triceps Pushdown",,,35.000,8,,,,NORMAL_SET,,
"Morning session","2025-11-03 11:38:47",00:34:32,,,"Triceps Pushdown",,,38.000,8,,,,NORMAL_SET,,
"Morning session","2025-11-03 11:38:47",00:34:32,,,"Triceps Pushdown",,,41.000,8,,,,NORMAL_SET,,
"Evening session","2025-11-02 18:41:50",00:54:45,,,"Lever Chest Press",,,80.000,8,,,,WARMUP_SET,,
"Evening session","2025-11-02 18:41:50",00:54:45,,,"Lever Chest Press",,,113.000,6,,,,NORMAL_SET,,
"Evening session","2025-11-02 18:41:50",00:54:45,,,"Lever Chest Press",,,113.000,6,,,,NORMAL_SET,,
"Evening session","2025-11-02 18:41:50",00:54:45,,,"Cable Wide-Grip Lat Pulldown ",,,73.000,6,,,,NORMAL_SET,,
"Evening session","2025-11-02 18:41:50",00:54:45,,,"Cable Wide-Grip Lat Pulldown ",,,100.000,5,,,,NORMAL_SET,3,1
"Evening session","2025-11-02 18:41:50",00:54:45,,,"Cable Wide-Grip Lat Pulldown ",,,100.000,5,,,,NORMAL_SET,,
"Evening session","2025-11-02 18:41:50",00:54:45,,,"Incline Bench Press",,,34.000,6,,,,NORMAL_SET,,
"Evening session","2025-11-02 18:41:50",00:54:45,,,"Incline Bench Press",,,34.000,6,,,,NORMAL_SET,,
"Evening session","2025-11-02 18:41:50",00:54:45,,,"Incline Bench Press",,,34.000,6,,,,NORMAL_SET,,
"Evening session","2025-11-02 18:41:50",00:54:45,,,"Lever Seated Row ",,,30.000,6,,,,NORMAL_SET,,
"Evening session","2025-11-02 18:41:50",00:54:45,,,"Lever Seated Row ",,,40.000,6,,,,NORMAL_SET,,
"Evening session","2025-11-02 18:41:50",00:54:45,,,"Lever Seated Row ",,,40.000,6,,,,NORMAL_SET,,
"Evening session","2025-10-30 21:09:06",00:42:30,,,"Archer Pull up",,,0.000,4,,,,NORMAL_SET,3,4
"Evening session","2025-10-30 21:09:06",00:42:30,,,"Archer Pull up",,,0.000,4,,,,NORMAL_SET,,
"Evening session","2025-10-30 21:09:06",00:42:30,,,"Cable Wide Neutral Grip PullDown",,,100.000,6,,,,NORMAL_SET,"1,1","1,2"
"Evening session","2025-10-30 21:09:06",00:42:30,,,"Cable Wide Neutral Grip PullDown",,,100.000,6,,,,NORMAL_SET,"2,2","1,2"
"Evening session","2025-10-30 21:09:06",00:42:30,,,"Triceps Pushdown",,,77.000,8,,,,NORMAL_SET,1,1
"Evening session","2025-10-30 21:09:06",00:42:30,,,"Triceps Pushdown",,,82.000,6,,,,NORMAL_SET,"2,1","1,2"
"Evening session","2025-10-30 21:09:06",00:42:30,,,"Biceps Curl",,,24.000,5,,,,NORMAL_SET,,
"Evening session","2025-10-30 21:09:06",00:42:30,,,"Biceps Curl",,,24.000,4,,,,NORMAL_SET,,
"Evening session","2025-10-30 21:09:06",00:42:30,,,"Lever Chest Press",,,113.000,6,,,,NORMAL_SET,,
"Evening session","2025-10-30 21:09:06",00:42:30,,,"Lever Chest Press",,,113.000,6,,,,NORMAL_SET,,
"Evening session","2025-10-29 20:08:59",01:31:50,,,"Lever Chest Press",,,52.000,8,,,,WARMUP_SET,,
"Evening session","2025-10-29 20:08:59",01:31:50,,,"Lever Chest Press",,,100.000,6,,,,NORMAL_SET,,
"Evening session","2025-10-29 20:08:59",01:31:50,,,"Lever Chest Press",,,113.000,5,,,,NORMAL_SET,,
"Evening session","2025-10-29 20:08:59",01:31:50,,,"Cable One Arm Tricep Pushdown",,,18.000,6,,,,NORMAL_SET,"1,1,2","1,2,3"
"Evening session","2025-10-29 20:08:59",01:31:50,,,"Cable One Arm Tricep Pushdown",,,14.000,6,,,,NORMAL_SET,"2,2","1,2"
"Evening session","2025-10-29 20:08:59",01:31:50,,,"Cable One Arm Tricep Pushdown",,,14.000,6,,,,NORMAL_SET,"3,3","1,2"
"Evening session","2025-10-29 20:08:59",01:31:50,,,"Lever Seated Shoulder Press",,,41.000,8,,,,NORMAL_SET,,
"Evening session","2025-10-29 20:08:59",01:31:50,,,"Lever Seated Shoulder Press",,,50.000,6,,,,NORMAL_SET,"3,3","1,2"
"Evening session","2025-10-29 20:08:59",01:31:50,,,"Lever Seated Shoulder Press",,,45.000,6,,,,NORMAL_SET,,
"Evening session","2025-10-29 20:08:59",01:31:50,,,"Dips between Chairs",,,0.000,8,,,,NORMAL_SET,,
"Evening session","2025-10-29 20:08:59",01:31:50,,,"Dips between Chairs",,,32.000,6,,,,NORMAL_SET,,
"Evening session","2025-10-29 20:08:59",01:31:50,,,"Dips between Chairs",,,32.000,8,,,,NORMAL_SET,,
"Evening session","2025-10-29 20:08:59",01:31:50,,,"Incline Bench Press",,,34.000,6,,,,NORMAL_SET,,
"Evening session","2025-10-29 20:08:59",01:31:50,,,"Incline Bench Press",,,34.000,5,,,,NORMAL_SET,,
"Evening session","2025-10-29 20:08:59",01:31:50,,,"High Pulley Overhead Tricep Extension",,,22.500,8,,,,NORMAL_SET,,
"Evening session","2025-10-29 20:08:59",01:31:50,,,"High Pulley Overhead Tricep Extension",,,24.000,8,,,,NORMAL_SET,,
"Evening session","2025-10-29 20:08:59",01:31:50,,,"Close-Grip Push-up ",,,20.000,6,,,,NORMAL_SET,,
"Evening session","2025-10-29 20:08:59",01:31:50,,,"Close-Grip Push-up ",,,40.000,4,,,,NORMAL_SET,,
"Evening session","2025-10-27 19:31:05",00:57:37,,,"Preacher Curl",,,30.000,8,,,,NORMAL_SET,,
"Evening session","2025-10-27 19:31:05",00:57:37,,,"Preacher Curl",,,30.000,8,,,,NORMAL_SET,,
"Evening session","2025-10-27 19:31:05",00:57:37,,,"Cable Wide-Grip Lat Pulldown ",,,100.000,5,,,,NORMAL_SET,2,1
"Evening session","2025-10-27 19:31:05",00:57:37,,,"Cable Wide-Grip Lat Pulldown ",,,86.000,6,,,,NORMAL_SET,,
"Evening session","2025-10-27 19:31:05",00:57:37,,,"Concentration Curl",,,24.000,6,,,,NORMAL_SET,"3,3","1,2"
"Evening session","2025-10-27 19:31:05",00:57:37,,,"Concentration Curl",,,24.000,6,,,,NORMAL_SET,,
"Evening session","2025-10-27 19:31:05",00:57:37,,,"Lever Seated Row",,,80.000,8,,,,NORMAL_SET,"3,3","1,2"
"Evening session","2025-10-27 19:31:05",00:57:37,,,"Lever Seated Row",,,80.000,8,,,,NORMAL_SET,,
"Evening session","2025-10-27 19:31:05",00:57:37,,,Pull-up,,,69.000,6,,,,NORMAL_SET,,
"Evening session","2025-10-27 19:31:05",00:57:37,,,Pull-up,,,79.000,6,,,,NORMAL_SET,"1,1","1,2"
"Evening session","2025-10-27 19:31:05",00:57:37,,,"Dips between Chairs",,,20.000,6,,,,NORMAL_SET,,
"Evening session","2025-10-27 19:31:05",00:57:37,,,"Dips between Chairs",,,30.000,6,,,,NORMAL_SET,,
"Morning session","2025-10-27 09:59:43",01:38:53,,,"Cable Pushdown ",,,32.000,6,,,,NORMAL_SET,,
"Morning session","2025-10-27 09:59:43",01:38:53,,,"Cable Pushdown ",,,30.000,6,,,,NORMAL_SET,,
"Morning session","2025-10-27 09:59:43",01:38:53,,,"Cable Pushdown ",,,32.000,8,,,,NORMAL_SET,,
"Morning session","2025-10-27 09:59:43",01:38:53,,,"Cable Curl",,,25.000,8,,,,WARMUP_SET,,
"Morning session","2025-10-27 09:59:43",01:38:53,,,"Cable Curl",,,32.000,6,,,,NORMAL_SET,,
"Morning session","2025-10-27 09:59:43",01:38:53,,,"Cable Curl",,,34.000,6,,,,NORMAL_SET,,
"Morning session","2025-10-27 09:59:43",01:38:53,,,"Run ",,,,,,1.4,08:30,NORMAL_SET,,
"Morning session","2025-10-27 09:59:43",01:38:53,,,"Run ",,,,,,1,05:50,NORMAL_SET,,
"Morning session","2025-10-27 09:59:43",01:38:53,,,"Biceps Curl",,,24.000,4,,,,NORMAL_SET,1,2
"Morning session","2025-10-27 09:59:43",01:38:53,,,"Biceps Curl",,,24.000,4,,,,NORMAL_SET,2,2
"Morning session","2025-10-27 09:59:43",01:38:53,,,"Biceps Curl",,,24.000,4,,,,NORMAL_SET,3,2
"Morning session","2025-10-27 09:59:43",01:38:53,,,"Jump Rope",,,,,,,01:30,NORMAL_SET,,
"Morning session","2025-10-27 09:59:43",01:38:53,,,"Jump Rope",,,,,,,01:30,NORMAL_SET,,
"Morning session","2025-10-27 09:59:43",01:38:53,,,"Jump Rope",,,,,,,01:30,NORMAL_SET,,
"Morning session","2025-10-27 09:59:43",01:38:53,,,"Archer Pull up",,,0.000,4,,,,NORMAL_SET,1,4
"Morning session","2025-10-27 09:59:43",01:38:53,,,"Archer Pull up",,,0.000,4,,,,NORMAL_SET,2,4
"Evening session","2025-10-25 13:33:19",01:32:54,,,"Full Squat",,,80.000,8,,,,NORMAL_SET,,
"Evening session","2025-10-25 13:33:19",01:32:54,,,"Full Squat",,,90.000,8,,,,NORMAL_SET,,
"Evening session","2025-10-25 13:33:19",01:32:54,,,"Full Squat",,,80.000,8,,,,NORMAL_SET,,
"Evening session","2025-10-25 13:33:19",01:32:54,,,"Lever Seated Leg Curl",,,45.000,8,,,,NORMAL_SET,,
"Evening session","2025-10-25 13:33:19",01:32:54,,,"Lever Seated Leg Curl",,,45.000,8,,,,NORMAL_SET,,
"Evening session","2025-10-25 13:33:19",01:32:54,,,"Lever Seated Leg Curl",,,45.000,8,,,,NORMAL_SET,,
"Evening session","2025-10-25 13:33:19",01:32:54,,,"Lever Seated Calf Raise",,,30.000,8,,,,NORMAL_SET,,
"Evening session","2025-10-25 13:33:19",01:32:54,,,"Lever Seated Calf Raise",,,80.000,8,,,,NORMAL_SET,"1,1,1","1,2,3"
"Evening session","2025-10-25 13:33:19",01:32:54,,,"Lever Seated Calf Raise",,,60.000,8,,,,NORMAL_SET,,
"Evening session","2025-10-25 13:33:19",01:32:54,,,"Standing Military Press",,,40.000,8,,,,NORMAL_SET,,
"Evening session","2025-10-25 13:33:19",01:32:54,,,"Standing Military Press",,,50.000,8,,,,NORMAL_SET,"3,3","1,3"
"Evening session","2025-10-25 13:33:19",01:32:54,,,"Standing Military Press",,,55.000,4,,,,NORMAL_SET,1,2
"Evening session","2025-10-25 13:33:19",01:32:54,,,"Cable One Arm Lateral Raise",,,7.000,6,,,,NORMAL_SET,,
"Evening session","2025-10-25 13:33:19",01:32:54,,,"Cable One Arm Lateral Raise",,,7.000,6,,,,NORMAL_SET,,
"Evening session","2025-10-25 13:33:19",01:32:54,,,"Cable One Arm Lateral Raise",,,7.000,6,,,,NORMAL_SET,,
"Evening session","2025-10-23 20:38:42",01:05:23,,,"Cable Hammer Curl ",,,40.000,7,,,,NORMAL_SET,,
"Evening session","2025-10-23 20:38:42",01:05:23,,,"Cable Hammer Curl ",,,40.000,6,,,,NORMAL_SET,,
"Evening session","2025-10-23 20:38:42",01:05:23,,,"Cable Straight Back Seated Row",,,79.000,6,,,,NORMAL_SET,,
"Evening session","2025-10-23 20:38:42",01:05:23,,,"Cable Straight Back Seated Row",,,93.000,6,,,,NORMAL_SET,"1,1,1","1,2,3"
"Evening session","2025-10-23 20:38:42",01:05:23,,,Pull-up,,,69.000,8,,,,NORMAL_SET,,
"Evening session","2025-10-23 20:38:42",01:05:23,,,Pull-up,,,69.000,8,,,,NORMAL_SET,,
"Evening session","2025-10-23 20:38:42",01:05:23,,,"Concentration Curl",,,24.000,6,,,,NORMAL_SET,"1,1","1,2"
"Evening session","2025-10-23 20:38:42",01:05:23,,,"Concentration Curl",,,24.000,6,,,,NORMAL_SET,"2,2","1,2"
"Evening session","2025-10-23 20:38:42",01:05:23,,,"Lever Preacher Curl",,,64.000,6,,,,NORMAL_SET,,
"Evening session","2025-10-23 20:38:42",01:05:23,,,"Lever Preacher Curl",,,82.000,6,,,,NORMAL_SET,"1,1","1,2"
"Evening session","2025-10-21 20:25:17",01:21:18,,,"Lever Lying Chest Press",,,100.000,8,,,,NORMAL_SET,,
"Evening session","2025-10-21 20:25:17",01:21:18,,,"Lever Lying Chest Press",,,120.000,8,,,,NORMAL_SET,3,3
"Evening session","2025-10-21 20:25:17",01:21:18,,,"Lever Lying Chest Press",,,120.000,6,,,,NORMAL_SET,,
"Evening session","2025-10-21 20:25:17",01:21:18,,,"Diamond Push-up",,,10.000,8,,,,NORMAL_SET,,
"Evening session","2025-10-21 20:25:17",01:21:18,,,"Diamond Push-up",,,20.000,8,,,,NORMAL_SET,,
"Evening session","2025-10-21 20:25:17",01:21:18,,,"Diamond Push-up",,,30.000,8,,,,NORMAL_SET,,
"Evening session","2025-10-21 20:25:17",01:21:18,,,"Incline Bench Press",,,34.000,5,,,,NORMAL_SET,,
"Evening session","2025-10-21 20:25:17",01:21:18,,,"Incline Bench Press",,,34.000,5,,,,NORMAL_SET,,
"Evening session","2025-10-21 20:25:17",01:21:18,,,"Lever Seated Fly",,,120.000,6,,,,NORMAL_SET,,
"Evening session","2025-10-21 20:25:17",01:21:18,,,"Lever Seated Fly",,,120.000,6,,,,NORMAL_SET,,
"Evening session","2025-10-21 20:25:17",01:21:18,,,"Triceps Pushdown",,,35.000,6,,,,NORMAL_SET,,
"Evening session","2025-10-21 20:25:17",01:21:18,,,"Triceps Pushdown",,,35.000,6,,,,NORMAL_SET,,
"Evening session","2025-10-21 20:25:17",01:21:18,,,"Dips between Chairs",,,20.000,6,,,,NORMAL_SET,,
"Evening session","2025-10-21 20:25:17",01:21:18,,,"Dips between Chairs",,,24.000,6,,,,NORMAL_SET,,
"Evening session","2025-10-19 17:11:29",00:55:31,,,"Full Squat",,,80.000,8,,,,NORMAL_SET,,
"Evening session","2025-10-19 17:11:29",00:55:31,,,"Full Squat",,,100.000,6,,,,NORMAL_SET,,
"Evening session","2025-10-19 17:11:29",00:55:31,,,"Full Squat",,,100.000,6,,,,NORMAL_SET,,
"Evening session","2025-10-19 17:11:29",00:55:31,,,"Lever Lying Leg Curl ",,,32.000,8,,,,NORMAL_SET,,
"Evening session","2025-10-19 17:11:29",00:55:31,,,"Lever Lying Leg Curl ",,,36.000,8,,,,NORMAL_SET,1,1
"Evening session","2025-10-19 17:11:29",00:55:31,,,"Lever Lying Leg Curl ",,,32.000,8,,,,NORMAL_SET,,
"Evening session","2025-10-19 17:11:29",00:55:31,,,"Lever Seated Calf Raise",,,40.000,8,,,,NORMAL_SET,,
"Evening session","2025-10-19 17:11:29",00:55:31,,,"Lever Seated Calf Raise",,,60.000,8,,,,NORMAL_SET,,
"Evening session","2025-10-19 17:11:29",00:55:31,,,"Lever Seated Calf Raise",,,60.000,8,,,,NORMAL_SET,,
"Evening session","2025-10-19 17:11:29",00:55:31,,,"Lever Seated Hip Abduction",,,32.000,8,,,,NORMAL_SET,,
"Evening session","2025-10-19 17:11:29",00:55:31,,,"Lever Seated Hip Abduction",,,39.000,8,,,,NORMAL_SET,,
"Evening session","2025-10-19 17:11:29",00:55:31,,,"Lever Seated Hip Abduction",,,45.000,8,,,,NORMAL_SET,,
"Evening session","2025-10-16 20:22:12",01:15:06,,,Pull-up,,,69.000,8,,,,NORMAL_SET,,
"Evening session","2025-10-16 20:22:12",01:15:06,,,Pull-up,,,69.000,8,,,,NORMAL_SET,,
"Evening session","2025-10-16 20:22:12",01:15:06,,,Pull-up,,,69.000,8,,,,NORMAL_SET,,
"Evening session","2025-10-16 20:22:12",01:15:06,,,"Dumbbell Incline Biceps Curl",,,18.000,8,,,,NORMAL_SET,,
"Evening session","2025-10-16 20:22:12",01:15:06,,,"Dumbbell Incline Biceps Curl",,,18.000,8,,,,NORMAL_SET,,
"Evening session","2025-10-16 20:22:12",01:15:06,,,"Dumbbell Incline Biceps Curl",,,18.000,8,,,,NORMAL_SET,,
"Evening session","2025-10-16 20:22:12",01:15:06,,,"Cable Wide Neutral Grip PullDown",,,79.000,8,,,,NORMAL_SET,,
"Evening session","2025-10-16 20:22:12",01:15:06,,,"Cable Wide Neutral Grip PullDown",,,79.000,8,,,,NORMAL_SET,,
"Evening session","2025-10-16 20:22:12",01:15:06,,,"Cable Wide Neutral Grip PullDown",,,79.000,8,,,,NORMAL_SET,,
"Evening session","2025-10-16 20:22:12",01:15:06,,,"Cable Curl",,,20.000,8,,,,WARMUP_SET,,
"Evening session","2025-10-16 20:22:12",01:15:06,,,"Cable Curl",,,30.000,8,,,,NORMAL_SET,,
"Evening session","2025-10-16 20:22:12",01:15:06,,,"Cable Curl",,,30.000,8,,,,NORMAL_SET,,
"Evening session","2025-10-16 20:22:12",01:15:06,,,"Lever Preacher Curl",,,50.000,8,,,,NORMAL_SET,,
"Evening session","2025-10-16 20:22:12",01:15:06,,,"Lever Preacher Curl",,,50.000,8,,,,NORMAL_SET,,
"Evening session","2025-10-16 20:22:12",01:15:06,,,"Lever Seated Row ",,,40.000,8,,,,NORMAL_SET,,
"Evening session","2025-10-16 20:22:12",01:15:06,,,"Lever Seated Row ",,,45.000,8,,,,NORMAL_SET,,
"Evening session","2025-10-16 20:22:12",01:15:06,,,"Lever Seated Row ",,,43.000,8,,,,NORMAL_SET,,
"Evening session","2025-10-13 21:51:54",01:37:14,,,"Lever Lying Chest Press",,,100.000,8,,,,NORMAL_SET,,
"Evening session","2025-10-13 21:51:54",01:37:14,,,"Lever Lying Chest Press",,,140.000,6,,,,NORMAL_SET,"2,2,3","1,2,3"
"Evening session","2025-10-13 21:51:54",01:37:14,,,"Lever Lying Chest Press",,,140.000,6,,,,NORMAL_SET,"3,3","1,2"
"Evening session","2025-10-13 21:51:54",01:37:14,,,"Cable One Arm Tricep Pushdown",,,11.000,8,,,,NORMAL_SET,,
"Evening session","2025-10-13 21:51:54",01:37:14,,,"Cable One Arm Tricep Pushdown",,,13.500,8,,,,NORMAL_SET,,
"Evening session","2025-10-13 21:51:54",01:37:14,,,"Cable One Arm Tricep Pushdown",,,15.800,8,,,,NORMAL_SET,"1,1,1","1,2,3"
"Evening session","2025-10-13 21:51:54",01:37:14,,,"Lever Seated Fly",,,120.000,6,,,,NORMAL_SET,,
"Evening session","2025-10-13 21:51:54",01:37:14,,,"Lever Seated Fly",,,120.000,6,,,,NORMAL_SET,,
"Evening session","2025-10-13 21:51:54",01:37:14,,,"Lever Seated Fly",,,134.000,6,,,,NORMAL_SET,"1,1","1,2"
"Evening session","2025-10-13 21:51:54",01:37:14,,,"Dip on Floor with Chair",,,40.000,8,,,,NORMAL_SET,,
"Evening session","2025-10-13 21:51:54",01:37:14,,,"Dip on Floor with Chair",,,40.000,8,,,,NORMAL_SET,,
"Evening session","2025-10-13 21:51:54",01:37:14,,,"Dip on Floor with Chair",,,40.000,8,,,,NORMAL_SET,,
"Evening session","2025-10-13 21:51:54",01:37:14,,,Pullover,,,18.000,8,,,,NORMAL_SET,1,1
"Evening session","2025-10-13 21:51:54",01:37:14,,,"Decline Bench Press",,,40.000,8,,,,NORMAL_SET,,
"Evening session","2025-10-13 21:51:54",01:37:14,,,"Decline Bench Press",,,60.000,8,,,,NORMAL_SET,1,1
"Evening session","2025-10-13 21:51:54",01:37:14,,,"Decline Bench Press",,,60.000,8,,,,NORMAL_SET,,
"Evening session","2025-10-12 22:00:46",01:15:10,,,"Sled Hack Squat ",,,90.000,8,,,,NORMAL_SET,,
"Evening session","2025-10-12 22:00:46",01:15:10,,,"Sled Hack Squat ",,,150.000,8,,,,NORMAL_SET,"1,1,1","1,2,3"
"Evening session","2025-10-12 22:00:46",01:15:10,,,"Sled Hack Squat ",,,130.000,8,,,,NORMAL_SET,"3,3,2","1,2,3"
"Evening session","2025-10-12 22:00:46",01:15:10,,,"Lever Seated Hip Abduction",,,32.000,8,,,,NORMAL_SET,,
"Evening session","2025-10-12 22:00:46",01:15:10,,,"Lever Seated Hip Abduction",,,45.000,8,,,,NORMAL_SET,,
"Evening session","2025-10-12 22:00:46",01:15:10,,,"Lever Seated Hip Abduction",,,45.000,8,,,,NORMAL_SET,,
"Evening session","2025-10-12 22:00:46",01:15:10,,,"Lever Seated Leg Curl",,,52.000,8,,,,NORMAL_SET,1,1
"Evening session","2025-10-12 22:00:46",01:15:10,,,"Lever Seated Leg Curl",,,52.000,8,,,,NORMAL_SET,,
"Evening session","2025-10-12 22:00:46",01:15:10,,,"Lever Seated Leg Curl",,,52.000,8,,,,NORMAL_SET,,
"Evening session","2025-10-08 20:18:52",01:16:10,,,"Lever Seated Row",,,33.000,8,,,,NORMAL_SET,,
"Evening session","2025-10-08 20:18:52",01:16:10,,,"Lever Seated Row",,,50.000,8,,,,NORMAL_SET,,
"Evening session","2025-10-08 20:18:52",01:16:10,,,"Lever Seated Row",,,33.000,8,,,,NORMAL_SET,,
"Evening session","2025-10-08 20:18:52",01:16:10,,,"Cable Straight Back Seated Row",,,52.000,8,,,,NORMAL_SET,,
"Evening session","2025-10-08 20:18:52",01:16:10,,,"Cable Straight Back Seated Row",,,59.000,8,,,,NORMAL_SET,,
"Evening session","2025-10-08 20:18:52",01:16:10,,,"Cable Straight Back Seated Row",,,59.000,8,,,,NORMAL_SET,,
"Evening session","2025-10-08 20:18:52",01:16:10,,,"Cable Curl",,,25.000,8,,,,WARMUP_SET,,
"Evening session","2025-10-08 20:18:52",01:16:10,,,"Cable Curl",,,30.000,8,,,,NORMAL_SET,,
"Evening session","2025-10-08 20:18:52",01:16:10,,,"Cable Curl",,,30.000,8,,,,NORMAL_SET,,
"Evening session","2025-10-08 20:18:52",01:16:10,,,"Cable Wide-Grip Lat Pulldown ",,,73.000,8,,,,NORMAL_SET,,
"Evening session","2025-10-08 20:18:52",01:16:10,,,"Cable Wide-Grip Lat Pulldown ",,,79.000,8,,,,NORMAL_SET,,
"Evening session","2025-10-08 20:18:52",01:16:10,,,"Cable Wide-Grip Lat Pulldown ",,,79.000,6,,,,NORMAL_SET,,
"Evening session","2025-10-08 20:18:52",01:16:10,,,"Dumbbell Incline Biceps Curl",,,20.000,8,,,,NORMAL_SET,,
"Evening session","2025-10-08 20:18:52",01:16:10,,,"Dumbbell Incline Biceps Curl",,,20.000,8,,,,NORMAL_SET,,
"Evening session","2025-10-06 19:55:13",01:27:36,,,"Bench Press",,,80.000,8,,,,NORMAL_SET,,
"Evening session","2025-10-06 19:55:13",01:27:36,,,"Bench Press",,,80.000,8,,,,NORMAL_SET,,
"Evening session","2025-10-06 19:55:13",01:27:36,,,"Bench Press",,,80.000,8,,,,NORMAL_SET,,
"Evening session","2025-10-06 19:55:13",01:27:36,,,"Triceps Pushdown",,,30.000,8,,,,NORMAL_SET,,
"Evening session","2025-10-06 19:55:13",01:27:36,,,"Triceps Pushdown",,,32.000,8,,,,NORMAL_SET,,
"Evening session","2025-10-06 19:55:13",01:27:36,,,"Triceps Pushdown",,,32.000,8,,,,NORMAL_SET,,
"Evening session","2025-10-06 19:55:13",01:27:36,,,"Lever Chest Press",,,86.000,8,,,,NORMAL_SET,,
"Evening session","2025-10-06 19:55:13",01:27:36,,,"Lever Chest Press",,,100.000,7,,,,NORMAL_SET,,
"Evening session","2025-10-06 19:55:13",01:27:36,,,"Lever Chest Press",,,100.000,7,,,,NORMAL_SET,,
"Evening session","2025-10-06 19:55:13",01:27:36,,,"Cable One Arm Tricep Pushdown",,,9.000,8,,,,NORMAL_SET,,
"Evening session","2025-10-06 19:55:13",01:27:36,,,"Cable One Arm Tricep Pushdown",,,11.000,8,,,,NORMAL_SET,"3,3,3","1,2,3"
"Evening session","2025-10-06 19:55:13",01:27:36,,,"Cable One Arm Tricep Pushdown",,,11.000,8,,,,NORMAL_SET,,
"Evening session","2025-10-06 19:55:13",01:27:36,,,"Lever Seated Fly",,,100.000,8,,,,NORMAL_SET,,
"Evening session","2025-10-06 19:55:13",01:27:36,,,"Lever Seated Fly",,,100.000,8,,,,NORMAL_SET,,
"Evening session","2025-10-06 19:55:13",01:27:36,,,"Lever Seated Fly",,,100.000,8,,,,NORMAL_SET,,
"Evening session","2025-10-06 19:55:13",01:27:36,,,"Lever Seated Dip",,,91.000,8,,,,NORMAL_SET,,
"Evening session","2025-10-06 19:55:13",01:27:36,,,"Lever Seated Dip",,,91.000,8,,,,NORMAL_SET,,
"Evening session","2025-10-06 19:55:13",01:27:36,,,"Lever Seated Dip",,,91.000,8,,,,NORMAL_SET,,
"Evening session","2025-10-05 23:09:52",00:57:54,,,"Sled Hack Squat ",,,90.000,8,,,,NORMAL_SET,,
"Evening session","2025-10-05 23:09:52",00:57:54,,,"Sled Hack Squat ",,,110.000,8,,,,NORMAL_SET,,
"Evening session","2025-10-05 23:09:52",00:57:54,,,"Sled Hack Squat ",,,110.000,8,,,,NORMAL_SET,,
"Evening session","2025-10-05 23:09:52",00:57:54,,,"Lever Leg Extension",,,66.000,8,,,,NORMAL_SET,,
"Evening session","2025-10-05 23:09:52",00:57:54,,,"Lever Leg Extension",,,73.000,8,,,,NORMAL_SET,,
"Evening session","2025-10-05 23:09:52",00:57:54,,,"Lever Leg Extension",,,82.000,8,,,,NORMAL_SET,,
"Evening session","2025-10-05 23:09:52",00:57:54,,,"Reverse Wrist Curl",,,4.500,8,,,,NORMAL_SET,,
"Evening session","2025-10-05 23:09:52",00:57:54,,,"Reverse Wrist Curl",,,4.500,8,,,,NORMAL_SET,,
"Evening session","2025-10-05 23:09:52",00:57:54,,,"Reverse Wrist Curl",,,9.000,8,,,,NORMAL_SET,1,1
"Evening session","2025-10-05 23:09:52",00:57:54,,,"Lever Seated Calf Raise",,,40.000,8,,,,NORMAL_SET,,
"Evening session","2025-10-05 23:09:52",00:57:54,,,"Lever Seated Calf Raise",,,60.000,8,,,,NORMAL_SET,,
"Evening session","2025-10-05 23:09:52",00:57:54,,,"Lever Seated Calf Raise",,,60.000,8,,,,NORMAL_SET,,
"Evening session","2025-10-05 23:09:52",00:57:54,,,"Cable Standing Back Wrist Curl",,,41.000,8,,,,NORMAL_SET,,
"Evening session","2025-10-05 23:09:52",00:57:54,,,"Cable Standing Back Wrist Curl",,,45.000,8,,,,NORMAL_SET,1,1
"Evening session","2025-10-05 23:09:52",00:57:54,,,"Cable Standing Back Wrist Curl",,,45.000,8,,,,NORMAL_SET,,
"Evening session","2025-10-01 20:02:21",00:59:30,,,"Cable Wide-Grip Lat Pulldown ",,,66.000,8,,,,NORMAL_SET,,
"Evening session","2025-10-01 20:02:21",00:59:30,,,"Cable Wide-Grip Lat Pulldown ",,,79.000,8,,,,NORMAL_SET,,
"Evening session","2025-10-01 20:02:21",00:59:30,,,"Cable Wide-Grip Lat Pulldown ",,,79.000,7,,,,NORMAL_SET,,
"Evening session","2025-10-01 20:02:21",00:59:30,,,"Cable Curl",,,25.000,8,,,,WARMUP_SET,,
"Evening session","2025-10-01 20:02:21",00:59:30,,,"Cable Curl",,,30.000,8,,,,NORMAL_SET,,
"Evening session","2025-10-01 20:02:21",00:59:30,,,"Cable Curl",,,30.000,8,,,,NORMAL_SET,,
"Evening session","2025-10-01 20:02:21",00:59:30,,,"Lever Back Extension ",,,66.000,8,,,,NORMAL_SET,,
"Evening session","2025-10-01 20:02:21",00:59:30,,,"Lever Back Extension ",,,79.000,8,,,,NORMAL_SET,1,1
"Evening session","2025-10-01 20:02:21",00:59:30,,,"Lever Back Extension ",,,73.000,8,,,,NORMAL_SET,,
"Evening session","2025-10-01 20:02:21",00:59:30,,,"Preacher Curl",,,30.000,8,,,,NORMAL_SET,"3,3,3","1,2,3"
"Evening session","2025-10-01 20:02:21",00:59:30,,,"Preacher Curl",,,30.000,8,,,,NORMAL_SET,,
"Evening session","2025-10-01 20:02:21",00:59:30,,,"Preacher Curl",,,30.000,8,,,,NORMAL_SET,,
"Evening session","2025-10-01 20:02:21",00:59:30,,,"Lever Front Pulldown",,,66.000,8,,,,NORMAL_SET,,
"Evening session","2025-10-01 20:02:21",00:59:30,,,"Lever Front Pulldown",,,66.000,8,,,,NORMAL_SET,,
"Evening session","2025-10-01 20:02:21",00:59:30,,,"Lever Front Pulldown",,,66.000,8,,,,NORMAL_SET,,
"Evening session","2025-10-01 20:02:21",00:59:30,,,"Cable Standing Reverse Grip Curl ",,,0.000,8,,,,NORMAL_SET,1,1
"Evening session","2025-10-01 20:02:21",00:59:30,,,"Cable Standing Reverse Grip Curl ",,,0.000,8,,,,NORMAL_SET,,
"Evening session","2025-10-01 20:02:21",00:59:30,,,"Cable Standing Reverse Grip Curl ",,,0.000,8,,,,NORMAL_SET,,
"Evening session","2025-09-29 21:31:12",01:29:20,,,"Bench Press",,,60.000,8,,,,NORMAL_SET,,
"Evening session","2025-09-29 21:31:12",01:29:20,,,"Bench Press",,,80.000,8,,,,NORMAL_SET,,
"Evening session","2025-09-29 21:31:12",01:29:20,,,"Bench Press",,,80.000,8,,,,NORMAL_SET,,
"Evening session","2025-09-29 21:31:12",01:29:20,,,"Lever Seated Dip",,,91.000,8,,,,NORMAL_SET,,
"Evening session","2025-09-29 21:31:12",01:29:20,,,"Lever Seated Dip",,,91.000,8,,,,NORMAL_SET,,
"Evening session","2025-09-29 21:31:12",01:29:20,,,"Lever Seated Dip",,,91.000,8,,,,NORMAL_SET,,
"Evening session","2025-09-29 21:31:12",01:29:20,,,"Lever Chest Press",,,60.000,8,,,,NORMAL_SET,3,1
"Evening session","2025-09-29 21:31:12",01:29:20,,,"Lever Chest Press",,,60.000,8,,,,NORMAL_SET,,
"Evening session","2025-09-29 21:31:12",01:29:20,,,"Lever Chest Press",,,60.000,8,,,,NORMAL_SET,,
"Evening session","2025-09-29 21:31:12",01:29:20,,,"Cable One Arm Tricep Pushdown",,,9.000,8,,,,NORMAL_SET,,
"Evening session","2025-09-29 21:31:12",01:29:20,,,"Cable One Arm Tricep Pushdown",,,11.000,8,,,,NORMAL_SET,1,1
"Evening session","2025-09-29 21:31:12",01:29:20,,,"Cable One Arm Tricep Pushdown",,,11.000,8,,,,NORMAL_SET,,
"Evening session","2025-09-29 21:31:12",01:29:20,,,"Incline Bench Press",,,28.000,8,,,,NORMAL_SET,,
"Evening session","2025-09-29 21:31:12",01:29:20,,,"Incline Bench Press",,,28.000,8,,,,NORMAL_SET,,
"Evening session","2025-09-29 21:31:12",01:29:20,,,"Incline Bench Press",,,28.000,8,,,,NORMAL_SET,,
"Evening session","2025-09-29 21:31:12",01:29:20,,,"Overhead Triceps Extension",,,18.000,8,,,,NORMAL_SET,"2,2,2","1,2,3"
"Evening session","2025-09-29 21:31:12",01:29:20,,,"Overhead Triceps Extension",,,18.000,8,,,,NORMAL_SET,"3,3,3","1,2,3"
"Evening session","2025-09-29 21:31:12",01:29:20,,,"Overhead Triceps Extension",,,18.000,8,,,,NORMAL_SET,,
"Evening session","2025-09-25 20:46:45",01:47:24,,,"Sled Hack Squat ",,,90.000,8,,,,NORMAL_SET,,
"Evening session","2025-09-25 20:46:45",01:47:24,,,"Sled Hack Squat ",,,90.000,8,,,,NORMAL_SET,,
"Evening session","2025-09-25 20:46:45",01:47:24,,,"Sled Hack Squat ",,,110.000,8,,,,NORMAL_SET,3,3
"Evening session","2025-09-25 20:46:45",01:47:24,,,"Lever Seated Calf Raise",,,40.000,8,,,,NORMAL_SET,,
"Evening session","2025-09-25 20:46:45",01:47:24,,,"Lever Seated Calf Raise",,,60.000,8,,,,NORMAL_SET,,
"Evening session","2025-09-25 20:46:45",01:47:24,,,"Lever Seated Calf Raise",,,60.000,8,,,,NORMAL_SET,,
"Evening session","2025-09-25 20:46:45",01:47:24,,,"Lever Seated Hip Abduction",,,45.000,8,,,,NORMAL_SET,"3,3,3","1,2,3"
"Evening session","2025-09-25 20:46:45",01:47:24,,,"Lever Seated Hip Abduction",,,45.000,8,,,,NORMAL_SET,,
"Evening session","2025-09-25 20:46:45",01:47:24,,,"Lever Seated Hip Abduction",,,45.000,8,,,,NORMAL_SET,,
"Evening session","2025-09-25 20:46:45",01:47:24,,,"Standing Military Press",,,40.000,8,,,,NORMAL_SET,,
"Evening session","2025-09-25 20:46:45",01:47:24,,,"Standing Military Press",,,40.000,8,,,,NORMAL_SET,,
"Evening session","2025-09-25 20:46:45",01:47:24,,,"Standing Military Press",,,40.000,8,,,,NORMAL_SET,,
"Evening session","2025-09-25 20:46:45",01:47:24,,,"Cable One Arm Lateral Raise",,,4.500,8,,,,NORMAL_SET,,
"Evening session","2025-09-25 20:46:45",01:47:24,,,"Cable One Arm Lateral Raise",,,4.500,8,,,,NORMAL_SET,,
"Evening session","2025-09-25 20:46:45",01:47:24,,,"Cable One Arm Lateral Raise",,,4.500,8,,,,NORMAL_SET,,
"Evening session","2025-09-25 20:46:45",01:47:24,,,"Lever Leg Extension",,,66.000,8,,,,NORMAL_SET,,
"Evening session","2025-09-25 20:46:45",01:47:24,,,"Lever Leg Extension",,,66.000,8,,,,NORMAL_SET,,
"Evening session","2025-09-25 20:46:45",01:47:24,,,"Lever Leg Extension",,,73.000,8,,,,NORMAL_SET,,
"Evening session","2025-09-25 20:46:45",01:47:24,,,"Lever Hip Thrust ",,,15.000,8,,,,NORMAL_SET,,
"Evening session","2025-09-25 20:46:45",01:47:24,,,"Lever Hip Thrust ",,,15.000,8,,,,NORMAL_SET,,
"Evening session","2025-09-25 20:46:45",01:47:24,,,"Lever Hip Thrust ",,,15.000,8,,,,NORMAL_SET,,
"Evening session","2025-09-25 20:46:45",01:47:24,,,"Crunch Floor",,,0.000,40,,,,NORMAL_SET,"3,3,2","1,2,4"
"Evening session","2025-09-25 20:46:45",01:47:24,,,"Crunch Floor",,,0.000,40,,,,NORMAL_SET,3,4
"Evening session","2025-09-24 20:19:58",01:05:25,,,"Cable Lateral Pulldown with V-bar",,,73.000,8,,,,NORMAL_SET,,
"Evening session","2025-09-24 20:19:58",01:05:25,,,"Cable Lateral Pulldown with V-bar",,,79.000,8,,,,NORMAL_SET,,
"Evening session","2025-09-24 20:19:58",01:05:25,,,"Cable Lateral Pulldown with V-bar",,,86.000,8,,,,NORMAL_SET,,
"Evening session","2025-09-24 20:19:58",01:05:25,,,"Cable Hammer Curl ",,,29.000,8,,,,NORMAL_SET,,
"Evening session","2025-09-24 20:19:58",01:05:25,,,"Cable Hammer Curl ",,,31.500,8,,,,NORMAL_SET,,
"Evening session","2025-09-24 20:19:58",01:05:25,,,"Cable Hammer Curl ",,,31.500,8,,,,NORMAL_SET,,
"Evening session","2025-09-24 20:19:58",01:05:25,,,Pull-up,,,69.000,8,,,,NORMAL_SET,,
"Evening session","2025-09-24 20:19:58",01:05:25,,,Pull-up,,,69.000,8,,,,NORMAL_SET,,
"Evening session","2025-09-24 20:19:58",01:05:25,,,Pull-up,,,69.000,8,,,,NORMAL_SET,,
"Evening session","2025-09-24 20:19:58",01:05:25,,,Chin-Up,,,68.000,6,,,,NORMAL_SET,3,2
"Evening session","2025-09-24 20:19:58",01:05:25,,,Chin-Up,,,68.000,8,,,,NORMAL_SET,"3,3,3","1,3,4"
"Evening session","2025-09-24 20:19:58",01:05:25,,,Chin-Up,,,68.000,8,,,,NORMAL_SET,,
"Evening session","2025-09-24 20:19:58",01:05:25,,,"Lever Seated Row ",,,40.000,8,,,,NORMAL_SET,,
"Evening session","2025-09-24 20:19:58",01:05:25,,,"Lever Seated Row ",,,43.000,8,,,,NORMAL_SET,,
"Evening session","2025-09-24 20:19:58",01:05:25,,,"Lever Seated Row ",,,43.000,8,,,,NORMAL_SET,,
"Evening session","2025-09-24 20:19:58",01:05:25,,,"Concentration Curl",,,18.000,8,,,,NORMAL_SET,,
"Evening session","2025-09-24 20:19:58",01:05:25,,,"Concentration Curl",,,18.000,8,,,,NORMAL_SET,,
"Evening session","2025-09-24 20:19:58",01:05:25,,,"Concentration Curl",,,18.000,8,,,,NORMAL_SET,,
"Evening session","2025-09-22 21:06:34",01:15:07,,,"Bench Press",,,80.000,8,,,,NORMAL_SET,,
"Evening session","2025-09-22 21:06:34",01:15:07,,,"Bench Press",,,80.000,8,,,,NORMAL_SET,,
"Evening session","2025-09-22 21:06:34",01:15:07,,,"Bench Press",,,80.000,6,,,,NORMAL_SET,,
"Evening session","2025-09-22 21:06:34",01:15:07,,,"Cable Pushdown ",,,25.000,8,,,,NORMAL_SET,,
"Evening session","2025-09-22 21:06:34",01:15:07,,,"Cable Pushdown ",,,25.000,8,,,,NORMAL_SET,,
"Evening session","2025-09-22 21:06:34",01:15:07,,,"Cable Pushdown ",,,27.000,8,,,,NORMAL_SET,,
"Evening session","2025-09-22 21:06:34",01:15:07,,,"Lever Chest Press",,,86.000,8,,,,NORMAL_SET,,
"Evening session","2025-09-22 21:06:34",01:15:07,,,"Lever Chest Press",,,86.000,8,,,,NORMAL_SET,,
"Evening session","2025-09-22 21:06:34",01:15:07,,,"Lever Chest Press",,,86.000,8,,,,NORMAL_SET,,
"Evening session","2025-09-22 21:06:34",01:15:07,,,"High Pulley Overhead Tricep Extension",,,20.000,8,,,,NORMAL_SET,,
"Evening session","2025-09-22 21:06:34",01:15:07,,,"High Pulley Overhead Tricep Extension",,,22.500,8,,,,NORMAL_SET,,
"Evening session","2025-09-22 21:06:34",01:15:07,,,"High Pulley Overhead Tricep Extension",,,22.500,8,,,,NORMAL_SET,,
"Evening session","2025-09-22 21:06:34",01:15:07,,,"Lever Seated Fly",,,100.000,8,,,,NORMAL_SET,,
"Evening session","2025-09-22 21:06:34",01:15:07,,,"Lever Seated Fly",,,100.000,8,,,,NORMAL_SET,,
"Evening session","2025-09-22 21:06:34",01:15:07,,,"Lever Seated Fly",,,100.000,8,,,,NORMAL_SET,,
"Evening session","2025-09-22 21:06:34",01:15:07,,,"Dips between Chairs",,,69.000,8,,,,NORMAL_SET,,
"Evening session","2025-09-22 21:06:34",01:15:07,,,"Dips between Chairs",,,69.000,8,,,,NORMAL_SET,,
"Evening session","2025-09-22 21:06:34",01:15:07,,,"Dips between Chairs",,,69.000,8,,,,NORMAL_SET,,
"Evening session","2025-09-21 19:28:14",01:15:31,,,"Sled Hack Squat ",,,90.000,8,,,,NORMAL_SET,,
"Evening session","2025-09-21 19:28:14",01:15:31,,,"Sled Hack Squat ",,,90.000,8,,,,NORMAL_SET,,
"Evening session","2025-09-21 19:28:14",01:15:31,,,"Sled Hack Squat ",,,110.000,8,,,,NORMAL_SET,2,3
"Evening session","2025-09-21 19:28:14",01:15:31,,,"Lever Seated Calf Raise",,,40.000,8,,,,NORMAL_SET,,
"Evening session","2025-09-21 19:28:14",01:15:31,,,"Lever Seated Calf Raise",,,50.000,8,,,,NORMAL_SET,,
"Evening session","2025-09-21 19:28:14",01:15:31,,,"Lever Seated Calf Raise",,,50.000,8,,,,NORMAL_SET,,
"Evening session","2025-09-21 19:28:14",01:15:31,,,"Standing Military Press",,,40.000,8,,,,NORMAL_SET,,
"Evening session","2025-09-21 19:28:14",01:15:31,,,"Standing Military Press",,,50.000,6,,,,NORMAL_SET,,
"Evening session","2025-09-21 19:28:14",01:15:31,,,"Standing Military Press",,,45.000,8,,,,NORMAL_SET,,
"Evening session","2025-09-21 19:28:14",01:15:31,,,"Lever Leg Extension",,,66.000,8,,,,NORMAL_SET,,
"Evening session","2025-09-21 19:28:14",01:15:31,,,"Lever Leg Extension",,,66.000,8,,,,NORMAL_SET,,
"Evening session","2025-09-21 19:28:14",01:15:31,,,"Lever Leg Extension",,,66.000,8,,,,NORMAL_SET,,
"Evening session","2025-09-21 19:28:14",01:15:31,,,"Lever Hip Thrust ",,,15.000,8,,,,NORMAL_SET,1,1
"Evening session","2025-09-21 19:28:14",01:15:31,,,"Lever Hip Thrust ",,,15.000,8,,,,NORMAL_SET,,
"Evening session","2025-09-21 19:28:14",01:15:31,,,"Lever Hip Thrust ",,,15.000,8,,,,NORMAL_SET,,
"Evening session","2025-09-21 19:28:14",01:15:31,,,"Cable One Arm Lateral Raise",,,4.500,8,,,,NORMAL_SET,,
"Evening session","2025-09-21 19:28:14",01:15:31,,,"Cable One Arm Lateral Raise",,,4.500,8,,,,NORMAL_SET,,
"Evening session","2025-09-21 19:28:14",01:15:31,,,"Cable One Arm Lateral Raise",,,4.500,8,,,,NORMAL_SET,,
"Evening session","2025-09-18 21:26:10",01:23:37,,,"Lever Front Pulldown",,,66.000,8,,,,NORMAL_SET,3,4
"Evening session","2025-09-18 21:26:10",01:23:37,,,"Lever Front Pulldown",,,79.000,8,,,,NORMAL_SET,"2,2,2","1,2,3"
"Evening session","2025-09-18 21:26:10",01:23:37,,,"Lever Front Pulldown",,,79.000,8,,,,NORMAL_SET,"3,3,3","1,2,3"
"Evening session","2025-09-18 21:26:10",01:23:37,,,"Concentration Curl",,,20.000,8,,,,NORMAL_SET,,
"Evening session","2025-09-18 21:26:10",01:23:37,,,"Concentration Curl",,,20.000,8,,,,NORMAL_SET,,
"Evening session","2025-09-18 21:26:10",01:23:37,,,"Concentration Curl",,,18.000,8,,,,NORMAL_SET,,
"Evening session","2025-09-18 21:26:10",01:23:37,,,"Cable Lateral Pulldown with V-bar",,,73.000,8,,,,NORMAL_SET,,
"Evening session","2025-09-18 21:26:10",01:23:37,,,"Cable Lateral Pulldown with V-bar",,,79.000,8,,,,NORMAL_SET,,
"Evening session","2025-09-18 21:26:10",01:23:37,,,"Cable Lateral Pulldown with V-bar",,,79.000,8,,,,NORMAL_SET,,
"Evening session","2025-09-18 21:26:10",01:23:37,,,Curl,,,40.000,8,,,,NORMAL_SET,1,1
"Evening session","2025-09-18 21:26:10",01:23:37,,,Curl,,,40.000,8,,,,NORMAL_SET,,
"Evening session","2025-09-18 21:26:10",01:23:37,,,Curl,,,40.000,8,,,,NORMAL_SET,,
"Evening session","2025-09-18 21:26:10",01:23:37,,,Pull-up,,,69.000,8,,,,NORMAL_SET,,
"Evening session","2025-09-18 21:26:10",01:23:37,,,Pull-up,,,69.000,8,,,,NORMAL_SET,,
"Evening session","2025-09-18 21:26:10",01:23:37,,,Pull-up,,,69.000,8,,,,NORMAL_SET,,
"Evening session","2025-09-18 21:26:10",01:23:37,,,"Lever Preacher Curl",,,50.000,8,,,,NORMAL_SET,,
"Evening session","2025-09-18 21:26:10",01:23:37,,,"Lever Preacher Curl",,,54.000,8,,,,NORMAL_SET,,
"Evening session","2025-09-18 21:26:10",01:23:37,,,"Lever Preacher Curl",,,54.000,8,,,,NORMAL_SET,,
"Evening session","2025-09-16 20:39:56",00:58:47,,,"Bench Press",,,60.000,8,,,,NORMAL_SET,,
"Evening session","2025-09-16 20:39:56",00:58:47,,,"Bench Press",,,80.000,8,,,,NORMAL_SET,3,3
"Evening session","2025-09-16 20:39:56",00:58:47,,,"Bench Press",,,90.000,5,,,,NORMAL_SET,,
"Evening session","2025-09-16 20:39:56",00:58:47,,,"Overhead Triceps Extension",,,18.000,8,,,,NORMAL_SET,,
"Evening session","2025-09-16 20:39:56",00:58:47,,,"Overhead Triceps Extension",,,22.500,8,,,,NORMAL_SET,,
"Evening session","2025-09-16 20:39:56",00:58:47,,,"Overhead Triceps Extension",,,24.800,8,,,,NORMAL_SET,1,1
"Evening session","2025-09-16 20:39:56",00:58:47,,,"Cable Pushdown ",,,27.000,8,,,,NORMAL_SET,,
"Evening session","2025-09-16 20:39:56",00:58:47,,,"Cable Pushdown ",,,25.000,8,,,,NORMAL_SET,,
"Evening session","2025-09-16 20:39:56",00:58:47,,,"Cable Pushdown ",,,27.000,8,,,,NORMAL_SET,,
"Evening session","2025-09-16 20:39:56",00:58:47,,,"Lever Chest Press",,,60.000,8,,,,NORMAL_SET,"2,3","1,3"
"Evening session","2025-09-16 20:39:56",00:58:47,,,"Lever Chest Press",,,50.000,8,,,,NORMAL_SET,3,1
"Evening session","2025-09-16 20:39:56",00:58:47,,,"Lever Chest Press",,,50.000,8,,,,NORMAL_SET,,
"Evening session","2025-09-16 20:39:56",00:58:47,,,"Dip on Floor with Chair",,,66.000,30,,,,NORMAL_SET,"1,1,1","1,3,4"
"Evening session","2025-09-16 20:39:56",00:58:47,,,"Dip on Floor with Chair",,,66.000,30,,,,NORMAL_SET,"2,2,2","1,3,4"
"Evening session","2025-09-16 20:39:56",00:58:47,,,"Lever Lying Chest Press",,,80.000,8,,,,NORMAL_SET,,
"Evening session","2025-09-16 20:39:56",00:58:47,,,"Lever Lying Chest Press",,,80.000,6,,,,NORMAL_SET,,
"Evening session","2025-09-15 20:29:04",01:07:56,,,"Lever Seated Shoulder Press",,,41.000,8,,,,NORMAL_SET,,
"Evening session","2025-09-15 20:29:04",01:07:56,,,"Lever Seated Shoulder Press",,,50.000,6,,,,NORMAL_SET,"2,2","1,2"
"Evening session","2025-09-15 20:29:04",01:07:56,,,"Lever Seated Shoulder Press",,,45.000,8,,,,NORMAL_SET,"3,3,3","1,2,3"
"Evening session","2025-09-15 20:29:04",01:07:56,,,"Lever Seated Crunch",,,36.000,8,,,,NORMAL_SET,,
"Evening session","2025-09-15 20:29:04",01:07:56,,,"Lever Seated Crunch",,,36.000,8,,,,NORMAL_SET,,
"Evening session","2025-09-15 20:29:04",01:07:56,,,"Lever Seated Crunch",,,36.000,8,,,,NORMAL_SET,,
"Evening session","2025-09-15 20:29:04",01:07:56,,,"Standing Military Press",,,40.000,8,,,,NORMAL_SET,,
"Evening session","2025-09-15 20:29:04",01:07:56,,,"Standing Military Press",,,40.000,8,,,,NORMAL_SET,,
"Evening session","2025-09-15 20:29:04",01:07:56,,,"Standing Military Press",,,40.000,8,,,,NORMAL_SET,,
"Evening session","2025-09-15 20:29:04",01:07:56,,,"Cable Standing Crunch ",,,36.000,8,,,,NORMAL_SET,1,1
"Evening session","2025-09-15 20:29:04",01:07:56,,,"Cable Standing Crunch ",,,36.000,8,,,,NORMAL_SET,,
"Evening session","2025-09-15 20:29:04",01:07:56,,,"Cable Standing Crunch ",,,36.000,8,,,,NORMAL_SET,,
"Evening session","2025-09-15 20:29:04",01:07:56,,,"Cable One Arm Lateral Raise",,,4.500,8,,,,NORMAL_SET,,
"Evening session","2025-09-15 20:29:04",01:07:56,,,"Cable One Arm Lateral Raise",,,4.500,8,,,,NORMAL_SET,,
"Evening session","2025-09-15 20:29:04",01:07:56,,,"Cable One Arm Lateral Raise",,,4.500,8,,,,NORMAL_SET,,
"Evening session","2025-09-11 19:32:26",01:34:40,,,"Sled Hack Squat ",,,70.000,8,,,,NORMAL_SET,,
"Evening session","2025-09-11 19:32:26",01:34:40,,,"Sled Hack Squat ",,,130.000,8,,,,NORMAL_SET,"2,2,1","1,2,3"
"Evening session","2025-09-11 19:32:26",01:34:40,,,"Sled Hack Squat ",,,90.000,8,,,,NORMAL_SET,,
"Evening session","2025-09-11 19:32:26",01:34:40,,,"Cable Hammer Curl ",,,29.000,8,,,,NORMAL_SET,,
"Evening session","2025-09-11 19:32:26",01:34:40,,,"Cable Hammer Curl ",,,31.500,8,,,,NORMAL_SET,,
"Evening session","2025-09-11 19:32:26",01:34:40,,,"Cable Hammer Curl ",,,31.500,8,,,,NORMAL_SET,,
"Evening session","2025-09-11 19:32:26",01:34:40,,,"Lever Seated Calf Raise",,,40.000,8,,,,NORMAL_SET,,
"Evening session","2025-09-11 19:32:26",01:34:40,,,"Lever Seated Calf Raise",,,50.000,8,,,,NORMAL_SET,,
"Evening session","2025-09-11 19:32:26",01:34:40,,,"Lever Seated Calf Raise",,,50.000,8,,,,NORMAL_SET,,
"Evening session","2025-09-11 19:32:26",01:34:40,,,"Lever Leg Extension",,,66.000,8,,,,NORMAL_SET,,
"Evening session","2025-09-11 19:32:26",01:34:40,,,"Lever Leg Extension",,,66.000,8,,,,NORMAL_SET,,
"Evening session","2025-09-11 19:32:26",01:34:40,,,"Lever Leg Extension",,,66.000,8,,,,NORMAL_SET,,
"Evening session","2025-09-11 19:32:26",01:34:40,,,"Dumbbell Incline Biceps Curl",,,16.000,8,,,,NORMAL_SET,,
"Evening session","2025-09-11 19:32:26",01:34:40,,,"Dumbbell Incline Biceps Curl",,,16.000,8,,,,NORMAL_SET,,
"Evening session","2025-09-11 19:32:26",01:34:40,,,"Dumbbell Incline Biceps Curl",,,16.000,8,,,,NORMAL_SET,,
"Evening session","2025-09-11 19:32:26",01:34:40,,,"Lever Seated Fly",,,100.000,8,,,,NORMAL_SET,,
"Evening session","2025-09-11 19:32:26",01:34:40,,,"Lever Seated Fly",,,100.000,8,,,,NORMAL_SET,,
"Evening session","2025-09-11 19:32:26",01:34:40,,,"Lever Seated Fly",,,120.000,8,,,,NORMAL_SET,3,3
"Evening session","2025-09-11 19:32:26",01:34:40,,,"Cable Pushdown ",,,27.000,8,,,,NORMAL_SET,,
"Evening session","2025-09-11 19:32:26",01:34:40,,,"Cable Pushdown ",,,27.000,8,,,,NORMAL_SET,,
"Evening session","2025-09-11 19:32:26",01:34:40,,,"Cable Pushdown ",,,27.000,8,,,,NORMAL_SET,,
"Evening session","2025-09-11 19:32:26",01:34:40,,,"Cable Wide-Grip Lat Pulldown ",,,66.000,8,,,,NORMAL_SET,,
"Evening session","2025-09-11 19:32:26",01:34:40,,,"Cable Wide-Grip Lat Pulldown ",,,79.000,8,,,,NORMAL_SET,,
"Evening session","2025-09-11 19:32:26",01:34:40,,,"Cable Wide-Grip Lat Pulldown ",,,79.000,6,,,,NORMAL_SET,,
"Evening session","2025-09-10 15:11:14",01:22:43,,,"Cable Hammer Curl ",,,27.000,8,,,,NORMAL_SET,,
"Evening session","2025-09-10 15:11:14",01:22:43,,,"Cable Hammer Curl ",,,27.000,8,,,,NORMAL_SET,,
"Evening session","2025-09-10 15:11:14",01:22:43,,,"Cable Hammer Curl ",,,31.500,8,,,,NORMAL_SET,,
"Evening session","2025-09-10 15:11:14",01:22:43,,,"Barbell Bent Over Row",,,40.000,8,,,,NORMAL_SET,,
"Evening session","2025-09-10 15:11:14",01:22:43,,,"Barbell Bent Over Row",,,60.000,8,,,,NORMAL_SET,1,1
"Evening session","2025-09-10 15:11:14",01:22:43,,,"Barbell Bent Over Row",,,60.000,8,,,,NORMAL_SET,,
"Evening session","2025-09-10 15:11:14",01:22:43,,,"Concentration Curl",,,18.000,8,,,,NORMAL_SET,,
"Evening session","2025-09-10 15:11:14",01:22:43,,,"Concentration Curl",,,18.000,8,,,,NORMAL_SET,,
"Evening session","2025-09-10 15:11:14",01:22:43,,,"Concentration Curl",,,18.000,8,,,,NORMAL_SET,,
"Evening session","2025-09-10 15:11:14",01:22:43,,,Pull-up,,,69.000,8,,,,NORMAL_SET,,
"Evening session","2025-09-10 15:11:14",01:22:43,,,Pull-up,,,69.000,8,,,,NORMAL_SET,,
"Evening session","2025-09-10 15:11:14",01:22:43,,,Pull-up,,,69.000,8,,,,NORMAL_SET,,
"Evening session","2025-09-10 15:11:14",01:22:43,,,"Lever Preacher Curl",,,50.000,8,,,,NORMAL_SET,,
"Evening session","2025-09-10 15:11:14",01:22:43,,,"Lever Preacher Curl",,,54.000,6,,,,NORMAL_SET,,
"Evening session","2025-09-10 15:11:14",01:22:43,,,"Lever Preacher Curl",,,54.000,5,,,,NORMAL_SET,,
"Evening session","2025-09-10 15:11:14",01:22:43,,,"Lever Seated Reverse Fly",,,66.000,8,,,,NORMAL_SET,,
"Evening session","2025-09-10 15:11:14",01:22:43,,,"Lever Seated Reverse Fly",,,73.000,8,,,,NORMAL_SET,,
"Evening session","2025-09-10 15:11:14",01:22:43,,,"Lever Seated Reverse Fly",,,73.000,8,,,,NORMAL_SET,,
"Evening session","2025-09-08 19:58:37",01:11:44,,,"Incline Bench Press",,,28.000,8,,,,NORMAL_SET,,
"Evening session","2025-09-08 19:58:37",01:11:44,,,"Incline Bench Press",,,32.000,8,,,,NORMAL_SET,,
"Evening session","2025-09-08 19:58:37",01:11:44,,,"Incline Bench Press",,,32.000,8,,,,NORMAL_SET,,
"Evening session","2025-09-08 19:58:37",01:11:44,,,"Cable Standing One Arm Triceps Extension",,,9.000,8,,,,NORMAL_SET,1,1
"Evening session","2025-09-08 19:58:37",01:11:44,,,"Cable Standing One Arm Triceps Extension",,,9.000,8,,,,NORMAL_SET,,
"Evening session","2025-09-08 19:58:37",01:11:44,,,"Cable Standing One Arm Triceps Extension",,,9.000,8,,,,NORMAL_SET,,
"Evening session","2025-09-08 19:58:37",01:11:44,,,"Lever Chest Press",,,80.000,8,,,,NORMAL_SET,,
"Evening session","2025-09-08 19:58:37",01:11:44,,,"Lever Chest Press",,,86.000,8,,,,NORMAL_SET,,
"Evening session","2025-09-08 19:58:37",01:11:44,,,"Lever Chest Press",,,86.000,8,,,,NORMAL_SET,,
"Evening session","2025-09-08 19:58:37",01:11:44,,,"Dips between Chairs",,,69.000,8,,,,NORMAL_SET,,
"Evening session","2025-09-08 19:58:37",01:11:44,,,"Dips between Chairs",,,69.000,8,,,,NORMAL_SET,,
"Evening session","2025-09-08 19:58:37",01:11:44,,,"Dips between Chairs",,,69.000,8,,,,NORMAL_SET,,
"Evening session","2025-09-08 19:58:37",01:11:44,,,"Close-Grip Push-up ",,,68.000,8,,,,NORMAL_SET,1,1
"Evening session","2025-09-08 19:58:37",01:11:44,,,"Close-Grip Push-up ",,,68.000,8,,,,NORMAL_SET,,
"Evening session","2025-09-08 19:58:37",01:11:44,,,"Close-Grip Push-up ",,,68.000,8,,,,NORMAL_SET,,
"Evening session","2025-09-08 19:58:37",01:11:44,,,"Lever Seated Fly",,,86.000,8,,,,NORMAL_SET,,
"Evening session","2025-09-08 19:58:37",01:11:44,,,"Lever Seated Fly",,,86.000,8,,,,NORMAL_SET,,
"Evening session","2025-09-08 19:58:37",01:11:44,,,"Lever Seated Fly",,,86.000,8,,,,NORMAL_SET,,
"Morning session","2025-09-08 10:14:38",02:31:01,,,"Dips between Chairs",,,69.000,10,,,,NORMAL_SET,,
"Morning session","2025-09-08 10:14:38",02:31:01,,,"Dips between Chairs",,,69.000,10,,,,NORMAL_SET,,
"Morning session","2025-09-08 10:14:38",02:31:01,,,"Dips between Chairs",,,69.000,10,,,,NORMAL_SET,,
"Morning session","2025-09-08 10:14:38",02:31:01,,,Pull-up,,,69.000,8,,,,NORMAL_SET,,
"Morning session","2025-09-08 10:14:38",02:31:01,,,Pull-up,,,69.000,8,,,,NORMAL_SET,,
"Evening session","2025-09-07 16:52:46",01:30:12,,,Pull-up,,,69.000,8,,,,NORMAL_SET,,
"Evening session","2025-09-07 16:52:46",01:30:12,,,Pull-up,,,69.000,8,,,,NORMAL_SET,,
"Evening session","2025-09-07 16:52:46",01:30:12,,,"Cable Pushdown ",,,27.000,8,,,,NORMAL_SET,,
"Evening session","2025-09-07 16:52:46",01:30:12,,,"Cable Pushdown ",,,29.000,8,,,,NORMAL_SET,,
"Evening session","2025-09-07 16:52:46",01:30:12,,,"Cable Pushdown ",,,31.500,6,,,,NORMAL_SET,,
"Evening session","2025-09-07 16:52:46",01:30:12,,,"Cable Hammer Curl ",,,27.000,8,,,,NORMAL_SET,,
"Evening session","2025-09-07 16:52:46",01:30:12,,,"Cable Hammer Curl ",,,29.300,8,,,,NORMAL_SET,,
"Evening session","2025-09-07 16:52:46",01:30:12,,,"Cable Hammer Curl ",,,29.300,8,,,,NORMAL_SET,,
"Evening session","2025-09-07 16:52:46",01:30:12,,,"Standing Military Press",,,50.000,5,,,,NORMAL_SET,,
"Evening session","2025-09-07 16:52:46",01:30:12,,,"Standing Military Press",,,40.000,6,,,,NORMAL_SET,,
"Evening session","2025-09-07 16:52:46",01:30:12,,,"Standing Military Press",,,40.000,6,,,,NORMAL_SET,,
"Evening session","2025-09-07 16:52:46",01:30:12,,,"Dumbbell Incline Biceps Curl",,,16.000,8,,,,NORMAL_SET,,
"Evening session","2025-09-07 16:52:46",01:30:12,,,"Dumbbell Incline Biceps Curl",,,16.000,8,,,,NORMAL_SET,,
"Evening session","2025-09-07 16:52:46",01:30:12,,,"Lever Chest Press",,,80.000,8,,,,NORMAL_SET,,
"Evening session","2025-09-07 16:52:46",01:30:12,,,"Lever Chest Press",,,86.000,8,,,,NORMAL_SET,,
"Evening session","2025-09-07 16:52:46",01:30:12,,,"Lever Chest Press",,,86.000,8,,,,NORMAL_SET,,
"Evening session","2025-09-07 16:52:46",01:30:12,,,"Full Squat",,,70.000,8,,,,NORMAL_SET,,
"Evening session","2025-09-07 16:52:46",01:30:12,,,"Full Squat",,,90.000,6,,,,NORMAL_SET,,
"Evening session","2025-09-07 16:52:46",01:30:12,,,"Full Squat",,,100.000,5,,,,NORMAL_SET,,
"Evening session","2025-09-04 21:29:56",01:14:29,,,"Sled Hack Squat ",,,47.000,8,,,,NORMAL_SET,,
"Evening session","2025-09-04 21:29:56",01:14:29,,,"Sled Hack Squat ",,,70.000,8,,,,NORMAL_SET,,
"Evening session","2025-09-04 21:29:56",01:14:29,,,"Sled Hack Squat ",,,90.000,8,,,,NORMAL_SET,,
"Evening session","2025-09-04 21:29:56",01:14:29,,,"Lever Seated Calf Raise",,,40.000,8,,,,NORMAL_SET,,
"Evening session","2025-09-04 21:29:56",01:14:29,,,"Lever Seated Calf Raise",,,40.000,8,,,,NORMAL_SET,,
"Evening session","2025-09-04 21:29:56",01:14:29,,,"Lever Seated Calf Raise",,,40.000,8,,,,NORMAL_SET,,
"Evening session","2025-09-04 21:29:56",01:14:29,,,"Lever Leg Extension",,,66.000,8,,,,NORMAL_SET,,
"Evening session","2025-09-04 21:29:56",01:14:29,,,"Lever Leg Extension",,,66.000,8,,,,NORMAL_SET,,
"Evening session","2025-09-04 21:29:56",01:14:29,,,"Lever Leg Extension",,,66.000,8,,,,NORMAL_SET,,
"Evening session","2025-09-04 21:29:56",01:14:29,,,"Standing Military Press",,,30.000,8,,,,NORMAL_SET,,
"Evening session","2025-09-04 21:29:56",01:14:29,,,"Standing Military Press",,,35.000,7,,,,NORMAL_SET,,
"Evening session","2025-09-04 21:29:56",01:14:29,,,"Cable One Arm Lateral Raise",,,4.500,8,,,,NORMAL_SET,,
"Evening session","2025-09-04 21:29:56",01:14:29,,,"Cable One Arm Lateral Raise",,,4.500,8,,,,NORMAL_SET,,
"Evening session","2025-09-04 21:29:56",01:14:29,,,"Cable One Arm Lateral Raise",,,4.500,8,,,,NORMAL_SET,,
"Evening session","2025-09-04 21:29:56",01:14:29,,,"Crunch Floor",,,0.000,50,,,,NORMAL_SET,1,1
"Evening session","2025-09-04 21:29:56",01:14:29,,,"Crunch Floor",,,0.000,30,,,,NORMAL_SET,,
"Evening session","2025-09-03 19:45:34",01:12:58,,,Pull-up,,,69.000,8,,,,NORMAL_SET,,
"Evening session","2025-09-03 19:45:34",01:12:58,,,Pull-up,,,69.000,8,,,,NORMAL_SET,,
"Evening session","2025-09-03 19:45:34",01:12:58,,,Pull-up,,,69.000,8,,,,NORMAL_SET,,
"Evening session","2025-09-03 19:45:34",01:12:58,,,"Dumbbell Preacher Curl",,,14.000,8,,,,NORMAL_SET,1,1
"Evening session","2025-09-03 19:45:34",01:12:58,,,"Dumbbell Incline Biceps Curl",,,16.000,8,,,,NORMAL_SET,,
"Evening session","2025-09-03 19:45:34",01:12:58,,,"Dumbbell Incline Biceps Curl",,,16.000,8,,,,NORMAL_SET,,
"Evening session","2025-09-03 19:45:34",01:12:58,,,"Cable Straight Back Seated Row",,,52.000,8,,,,NORMAL_SET,,
"Evening session","2025-09-03 19:45:34",01:12:58,,,"Cable Straight Back Seated Row",,,59.000,8,,,,NORMAL_SET,,
"Evening session","2025-09-03 19:45:34",01:12:58,,,"Cable Straight Back Seated Row",,,66.000,7,,,,NORMAL_SET,,
"Evening session","2025-09-03 19:45:34",01:12:58,,,"Cable Hammer Curl ",,,25.000,8,,,,NORMAL_SET,,
"Evening session","2025-09-03 19:45:34",01:12:58,,,"Cable Hammer Curl ",,,27.000,8,,,,NORMAL_SET,,
"Evening session","2025-09-03 19:45:34",01:12:58,,,"Cable Hammer Curl ",,,27.000,8,,,,NORMAL_SET,,
"Evening session","2025-09-03 19:45:34",01:12:58,,,"Lever Seated Row ",,,50.000,8,,,,NORMAL_SET,,
"Evening session","2025-09-03 19:45:34",01:12:58,,,"Lever Seated Row ",,,40.000,8,,,,NORMAL_SET,,
"Evening session","2025-09-03 19:45:34",01:12:58,,,"Lever Seated Row ",,,40.000,8,,,,NORMAL_SET,,
"Evening session","2025-09-03 19:45:34",01:12:58,,,"Concentration Curl",,,16.000,8,,,,NORMAL_SET,,
"Evening session","2025-09-03 19:45:34",01:12:58,,,"Concentration Curl",,,18.000,8,,,,NORMAL_SET,,
"Evening session","2025-09-03 19:45:34",01:12:58,,,"Concentration Curl",,,18.000,8,,,,NORMAL_SET,,
"Evening session","2025-09-01 20:21:07",00:53:08,,,"Barbell Incline Bench Press",,,60.000,8,,,,NORMAL_SET,1,1
"Evening session","2025-09-01 20:21:07",00:53:08,,,"Barbell Incline Bench Press",,,60.000,8,,,,NORMAL_SET,,
"Evening session","2025-09-01 20:21:07",00:53:08,,,"Dips between Chairs",,,69.000,10,,,,NORMAL_SET,,
"Evening session","2025-09-01 20:21:07",00:53:08,,,"Dips between Chairs",,,69.000,10,,,,NORMAL_SET,,
"Evening session","2025-09-01 20:21:07",00:53:08,,,"Lever Chest Press",,,60.000,8,,,,NORMAL_SET,"1,3,2,3","1,2,3,4"
"Evening session","2025-09-01 20:21:07",00:53:08,,,"Lever Chest Press",,,40.000,8,,,,NORMAL_SET,"2,3","1,3"
"Evening session","2025-09-01 20:21:07",00:53:08,,,"High Pulley Overhead Tricep Extension",,,20.000,8,,,,NORMAL_SET,,
"Evening session","2025-09-01 20:21:07",00:53:08,,,"High Pulley Overhead Tricep Extension",,,20.000,8,,,,NORMAL_SET,,
"Evening session","2025-09-01 20:21:07",00:53:08,,,"Lever Seated Fly",,,66.000,8,,,,NORMAL_SET,,
"Evening session","2025-09-01 20:21:07",00:53:08,,,"Lever Seated Fly",,,86.000,8,,,,NORMAL_SET,,
"Evening session","2025-09-01 20:21:07",00:53:08,,,"Reverse Grip Triceps Pushdown",,,36.000,8,,,,NORMAL_SET,,
"Evening session","2025-09-01 20:21:07",00:53:08,,,"Reverse Grip Triceps Pushdown",,,50.000,8,,,,NORMAL_SET,1,1
"Evening session","2025-09-01 20:21:07",00:53:08,,,"Reverse Grip Triceps Pushdown",,,50.000,8,,,,NORMAL_SET,,
"Evening session","2025-08-31 20:30:14",00:56:08,,,"Lever Seated Dip",,,91.000,8,,,,NORMAL_SET,,
"Evening session","2025-08-31 20:30:14",00:56:08,,,"Lever Seated Dip",,,91.000,8,,,,NORMAL_SET,,
"Evening session","2025-08-31 20:30:14",00:56:08,,,"Lever Seated Dip",,,91.000,8,,,,NORMAL_SET,,
"Evening session","2025-08-31 20:30:14",00:56:08,,,"Dips between Chairs",,,69.000,8,,,,NORMAL_SET,,
"Evening session","2025-08-31 20:30:14",00:56:08,,,"Dips between Chairs",,,69.000,8,,,,NORMAL_SET,,
"Evening session","2025-08-31 20:30:14",00:56:08,,,"Dips between Chairs",,,69.000,8,,,,NORMAL_SET,,
"Evening session","2025-08-31 20:30:14",00:56:08,,,Pull-up,,,69.000,8,,,,NORMAL_SET,,
"Evening session","2025-08-31 20:30:14",00:56:08,,,Pull-up,,,69.000,8,,,,NORMAL_SET,,
"Evening session","2025-08-31 20:30:14",00:56:08,,,Pull-up,,,69.000,8,,,,NORMAL_SET,,
"Evening session","2025-08-31 20:30:14",00:56:08,,,"Lever Seated Row ",,,40.000,8,,,,NORMAL_SET,,
"Evening session","2025-08-31 20:30:14",00:56:08,,,"Lever Seated Row ",,,50.000,8,,,,NORMAL_SET,,
"Evening session","2025-08-31 20:30:14",00:56:08,,,"Lever Seated Row ",,,50.000,8,,,,NORMAL_SET,,
"Evening session","2025-08-31 20:30:14",00:56:08,,,"Concentration Curl",,,16.000,6,,,,NORMAL_SET,,
"Evening session","2025-08-31 20:30:14",00:56:08,,,"Concentration Curl",,,18.000,6,,,,NORMAL_SET,,
"Evening session","2025-08-31 20:30:14",00:56:08,,,"Concentration Curl",,,18.000,8,,,,NORMAL_SET,,
"Evening session","2025-08-31 20:30:14",00:56:08,,,"Lever Seated Fly",,,100.000,8,,,,NORMAL_SET,,
"Evening session","2025-08-31 20:30:14",00:56:08,,,"Lever Seated Fly",,,100.000,8,,,,NORMAL_SET,,
"Evening session","2025-08-31 20:30:14",00:56:08,,,"Lever Seated Fly",,,100.000,8,,,,NORMAL_SET,,
"Evening session","2025-08-28 23:12:02",00:55:24,,,"Standing Military Press",,,40.000,8,,,,NORMAL_SET,,
"Evening session","2025-08-28 23:12:02",00:55:24,,,"Standing Military Press",,,40.000,8,,,,NORMAL_SET,,
"Evening session","2025-08-28 23:12:02",00:55:24,,,"Front Raise",,,10.000,8,,,,NORMAL_SET,1,1
"Evening session","2025-08-28 23:12:02",00:55:24,,,"Front Raise",,,10.000,8,,,,NORMAL_SET,,
"Evening session","2025-08-28 23:12:02",00:55:24,,,"Lever Seated Crunch",,,36.000,8,,,,NORMAL_SET,,
"Evening session","2025-08-28 23:12:02",00:55:24,,,"Lever Seated Crunch",,,36.000,8,,,,NORMAL_SET,,
"Evening session","2025-08-05 22:32:51",01:34:02,,,"Dumbbell Incline Biceps Curl",,,18.000,8,,,,NORMAL_SET,,
"Evening session","2025-08-05 22:32:51",01:34:02,,,"Dumbbell Incline Biceps Curl",,,18.000,6,,,,NORMAL_SET,,
"Evening session","2025-08-05 22:32:51",01:34:02,,,"Dumbbell Incline Biceps Curl",,,18.000,6,,,,NORMAL_SET,,
"Evening session","2025-08-05 22:32:51",01:34:02,,,"Cable Wide Neutral Grip PullDown",,,79.000,8,,,,NORMAL_SET,,
"Evening session","2025-08-05 22:32:51",01:34:02,,,"Cable Wide Neutral Grip PullDown",,,86.000,6,,,,NORMAL_SET,"3,3","1,2"
"Evening session","2025-08-05 22:32:51",01:34:02,,,"Cable Wide Neutral Grip PullDown",,,86.000,6,,,,NORMAL_SET,,
"Evening session","2025-08-05 22:32:51",01:34:02,,,"Lever Preacher Curl",,,54.000,8,,,,NORMAL_SET,,
"Evening session","2025-08-05 22:32:51",01:34:02,,,"Lever Preacher Curl",,,64.000,6,,,,NORMAL_SET,,
"Evening session","2025-08-05 22:32:51",01:34:02,,,"Lever Preacher Curl",,,64.000,6,,,,NORMAL_SET,,
"Evening session","2025-08-05 22:32:51",01:34:02,,,"Lever Seated Row ",,,40.000,8,,,,NORMAL_SET,,
"Evening session","2025-08-05 22:32:51",01:34:02,,,"Lever Seated Row ",,,50.000,6,,,,NORMAL_SET,,
"Evening session","2025-08-05 22:32:51",01:34:02,,,"Lever Seated Row ",,,50.000,6,,,,NORMAL_SET,,
"Evening session","2025-08-05 22:32:51",01:34:02,,,"Cable Hammer Curl ",,,30.000,8,,,,NORMAL_SET,,
"Evening session","2025-08-05 22:32:51",01:34:02,,,"Cable Hammer Curl ",,,30.000,8,,,,NORMAL_SET,,
"Evening session","2025-08-05 22:32:51",01:34:02,,,"Cable Hammer Curl ",,,30.000,8,,,,NORMAL_SET,,
"Evening session","2025-08-05 22:32:51",01:34:02,,,"Cable Lateral Pulldown with V-bar",,,66.000,8,,,,NORMAL_SET,,
"Evening session","2025-08-05 22:32:51",01:34:02,,,"Cable Lateral Pulldown with V-bar",,,79.000,8,,,,NORMAL_SET,,
"Evening session","2025-08-05 22:32:51",01:34:02,,,"Cable Lateral Pulldown with V-bar",,,79.000,8,,,,NORMAL_SET,,
"Evening session","2025-08-04 21:52:50",01:40:37,,,"Cable Pushdown ",,,27.000,6,,,,NORMAL_SET,,
"Evening session","2025-08-04 21:52:50",01:40:37,,,"Cable Pushdown ",,,30.000,6,,,,NORMAL_SET,,
"Evening session","2025-08-04 21:52:50",01:40:37,,,"Cable Pushdown ",,,32.000,6,,,,NORMAL_SET,,
"Evening session","2025-08-04 21:52:50",01:40:37,,,"Lever Seated Fly",,,100.000,6,,,,NORMAL_SET,,
"Evening session","2025-08-04 21:52:50",01:40:37,,,"Lever Seated Fly",,,120.000,8,,,,NORMAL_SET,"2,3,2","1,2,3"
"Evening session","2025-08-04 21:52:50",01:40:37,,,"Lever Seated Fly",,,127.000,6,,,,NORMAL_SET,"3,1","1,2"
"Evening session","2025-08-04 21:52:50",01:40:37,,,"Lever Seated Reverse Fly",,,66.000,8,,,,NORMAL_SET,,
"Evening session","2025-08-04 21:52:50",01:40:37,,,"Lever Seated Reverse Fly",,,73.000,8,,,,NORMAL_SET,,
"Evening session","2025-08-04 21:52:50",01:40:37,,,"Lever Seated Reverse Fly",,,73.000,8,,,,NORMAL_SET,,
"Evening session","2025-08-04 21:52:50",01:40:37,,,"High Pulley Overhead Tricep Extension",,,20.000,8,,,,NORMAL_SET,,
"Evening session","2025-08-04 21:52:50",01:40:37,,,"High Pulley Overhead Tricep Extension",,,25.000,6,,,,NORMAL_SET,,
"Evening session","2025-08-04 21:52:50",01:40:37,,,"High Pulley Overhead Tricep Extension",,,27.000,8,,,,NORMAL_SET,,
"Evening session","2025-08-04 21:52:50",01:40:37,,,"Incline Bench Press",,,32.000,8,,,,NORMAL_SET,,
"Evening session","2025-08-04 21:52:50",01:40:37,,,"Incline Bench Press",,,32.000,8,,,,NORMAL_SET,,
"Evening session","2025-08-04 21:52:50",01:40:37,,,"Incline Bench Press",,,32.000,8,,,,NORMAL_SET,,
"Evening session","2025-08-04 21:52:50",01:40:37,,,"Lever Seated Dip",,,91.000,8,,,,NORMAL_SET,,
"Evening session","2025-08-04 21:52:50",01:40:37,,,"Lever Seated Dip",,,91.000,8,,,,NORMAL_SET,,
"Evening session","2025-08-04 21:52:50",01:40:37,,,"Lever Seated Dip",,,91.000,8,,,,NORMAL_SET,,
"Evening session","2025-08-04 21:52:50",01:40:37,,,"Lever Chest Press",,,100.000,6,,,,NORMAL_SET,,
"Evening session","2025-08-04 21:52:50",01:40:37,,,"Lever Chest Press",,,107.000,6,,,,NORMAL_SET,,
"Evening session","2025-08-04 21:52:50",01:40:37,,,"Lever Chest Press",,,113.000,4,,,,NORMAL_SET,,
"Evening session","2025-08-03 14:45:22",01:00:25,,,"Sissy Squat",,,0.000,6,,,,NORMAL_SET,,
"Evening session","2025-08-03 14:45:22",01:00:25,,,"Sissy Squat",,,0.000,6,,,,NORMAL_SET,,
"Evening session","2025-08-03 14:45:22",01:00:25,,,"Sissy Squat",,,0.000,6,,,,NORMAL_SET,,
"Evening session","2025-08-03 14:45:22",01:00:25,,,"Full Squat",,,80.000,6,,,,NORMAL_SET,,
"Evening session","2025-08-03 14:45:22",01:00:25,,,"Full Squat",,,80.000,6,,,,NORMAL_SET,,
"Evening session","2025-08-03 14:45:22",01:00:25,,,"Full Squat",,,100.000,6,,,,NORMAL_SET,,
"Evening session","2025-08-03 14:45:22",01:00:25,,,"Standing Military Press",,,40.000,8,,,,NORMAL_SET,,
"Evening session","2025-08-03 14:45:22",01:00:25,,,"Standing Military Press",,,40.000,8,,,,NORMAL_SET,,
"Evening session","2025-08-03 14:45:22",01:00:25,,,"Standing Military Press",,,50.000,5,,,,NORMAL_SET,,
"Evening session","2025-08-03 14:45:22",01:00:25,,,"Cable One Arm Lateral Raise",,,4.500,6,,,,NORMAL_SET,,
"Evening session","2025-08-03 14:45:22",01:00:25,,,"Cable One Arm Lateral Raise",,,4.500,6,,,,NORMAL_SET,,
"Evening session","2025-08-03 14:45:22",01:00:25,,,"Cable One Arm Lateral Raise",,,4.500,6,,,,NORMAL_SET,,
"Evening session","2025-07-31 19:27:46",01:16:10,,,"Triceps Pushdown",,,30.000,6,,,,NORMAL_SET,,
"Evening session","2025-07-31 19:27:46",01:16:10,,,"Triceps Pushdown",,,32.000,6,,,,NORMAL_SET,,
"Evening session","2025-07-31 19:27:46",01:16:10,,,"Triceps Pushdown",,,34.000,6,,,,NORMAL_SET,,
"Evening session","2025-07-31 19:27:46",01:16:10,,,"Lever Seated Fly",,,107.000,6,,,,NORMAL_SET,,
"Evening session","2025-07-31 19:27:46",01:16:10,,,"Lever Seated Fly",,,113.000,6,,,,NORMAL_SET,,
"Evening session","2025-07-31 19:27:46",01:16:10,,,"Lever Seated Fly",,,120.000,6,,,,NORMAL_SET,"2,2","1,2"
"Evening session","2025-07-31 19:27:46",01:16:10,,,"Lever Seated Reverse Fly",,,66.000,6,,,,NORMAL_SET,,
"Evening session","2025-07-31 19:27:46",01:16:10,,,"Lever Seated Reverse Fly",,,73.000,6,,,,NORMAL_SET,,
"Evening session","2025-07-31 19:27:46",01:16:10,,,"Lever Seated Reverse Fly",,,73.000,6,,,,NORMAL_SET,,
"Evening session","2025-07-31 19:27:46",01:16:10,,,"High Pulley Overhead Tricep Extension",,,20.000,6,,,,NORMAL_SET,,
"Evening session","2025-07-31 19:27:46",01:16:10,,,"High Pulley Overhead Tricep Extension",,,25.000,6,,,,NORMAL_SET,,
"Evening session","2025-07-31 19:27:46",01:16:10,,,"High Pulley Overhead Tricep Extension",,,25.000,6,,,,NORMAL_SET,,
"Evening session","2025-07-31 19:27:46",01:16:10,,,"Cable One Arm Lateral Raise",,,4.500,6,,,,NORMAL_SET,,
"Evening session","2025-07-31 19:27:46",01:16:10,,,"Cable One Arm Lateral Raise",,,7.000,6,,,,NORMAL_SET,,
"Evening session","2025-07-31 19:27:46",01:16:10,,,"Cable One Arm Lateral Raise",,,7.000,6,,,,NORMAL_SET,,
"Evening session","2025-07-31 19:27:46",01:16:10,,,"Incline Bench Press",,,32.000,6,,,,NORMAL_SET,,
"Evening session","2025-07-31 19:27:46",01:16:10,,,"Incline Bench Press",,,32.000,6,,,,NORMAL_SET,,
"Evening session","2025-07-31 19:27:46",01:16:10,,,"Incline Bench Press",,,32.000,6,,,,NORMAL_SET,,
"Evening session","2025-07-30 20:42:09",00:58:24,,,"Cable Hammer Curl ",,,25.000,8,,,,NORMAL_SET,,
"Evening session","2025-07-30 20:42:09",00:58:24,,,"Cable Hammer Curl ",,,30.000,8,,,,NORMAL_SET,,
"Evening session","2025-07-30 20:42:09",00:58:24,,,"Cable Hammer Curl ",,,30.000,8,,,,NORMAL_SET,,
"Evening session","2025-07-30 20:42:09",00:58:24,,,"Lever Seated Row",,,59.000,8,,,,NORMAL_SET,,
"Evening session","2025-07-30 20:42:09",00:58:24,,,"Lever Seated Row",,,59.000,8,,,,NORMAL_SET,,
"Evening session","2025-07-30 20:42:09",00:58:24,,,"Lever Seated Row",,,66.000,8,,,,NORMAL_SET,,
"Evening session","2025-07-30 20:42:09",00:58:24,,,"Lever Preacher Curl",,,50.000,8,,,,NORMAL_SET,,
"Evening session","2025-07-30 20:42:09",00:58:24,,,"Lever Preacher Curl",,,59.000,8,,,,NORMAL_SET,,
"Evening session","2025-07-30 20:42:09",00:58:24,,,"Lever Preacher Curl",,,64.000,8,,,,NORMAL_SET,"3,3","1,2"
"Evening session","2025-07-30 20:42:09",00:58:24,,,"Cable Straight Back Seated Row",,,66.000,8,,,,NORMAL_SET,1,1
"Evening session","2025-07-30 20:42:09",00:58:24,,,"Cable Straight Back Seated Row",,,66.000,8,,,,NORMAL_SET,,
"Evening session","2025-07-30 20:42:09",00:58:24,,,"Cable Straight Back Seated Row",,,66.000,8,,,,NORMAL_SET,,
"Evening session","2025-07-30 20:42:09",00:58:24,,,"Dumbbell Incline Biceps Curl",,,18.000,6,,,,NORMAL_SET,,
"Evening session","2025-07-30 20:42:09",00:58:24,,,"Dumbbell Incline Biceps Curl",,,18.000,6,,,,NORMAL_SET,,
"Evening session","2025-07-30 20:42:09",00:58:24,,,"Dumbbell Incline Biceps Curl",,,18.000,6,,,,NORMAL_SET,,
"Evening session","2025-07-30 20:42:09",00:58:24,,,"Close-Grip Front Lat Pulldown",,,59.000,8,,,,NORMAL_SET,1,1
"Evening session","2025-07-28 22:43:47",01:32:46,,,"Cable Standing One Arm Tricep Pushdown ",,,10.000,8,,,,NORMAL_SET,,
"Evening session","2025-07-28 22:43:47",01:32:46,,,"Cable Standing One Arm Tricep Pushdown ",,,13.500,8,,,,NORMAL_SET,1,1
"Evening session","2025-07-28 22:43:47",01:32:46,,,"Cable Standing One Arm Tricep Pushdown ",,,13.500,8,,,,NORMAL_SET,,
"Evening session","2025-07-28 22:43:47",01:32:46,,,"Lever Seated Fly",,,100.000,8,,,,NORMAL_SET,,
"Evening session","2025-07-28 22:43:47",01:32:46,,,"Lever Seated Fly",,,113.000,8,,,,NORMAL_SET,,
"Evening session","2025-07-28 22:43:47",01:32:46,,,"Lever Seated Fly",,,120.000,8,,,,NORMAL_SET,"1,1,1","1,2,3"
"Evening session","2025-07-28 22:43:47",01:32:46,,,"Cable One Arm Lateral Raise",,,4.500,8,,,,NORMAL_SET,,
"Evening session","2025-07-28 22:43:47",01:32:46,,,"Cable One Arm Lateral Raise",,,4.500,8,,,,NORMAL_SET,,
"Evening session","2025-07-28 22:43:47",01:32:46,,,"Cable One Arm Lateral Raise",,,7.000,8,,,,NORMAL_SET,,
"Evening session","2025-07-28 22:43:47",01:32:46,,,"Incline Bench Press",,,32.000,8,,,,NORMAL_SET,,
"Evening session","2025-07-28 22:43:47",01:32:46,,,"Incline Bench Press",,,32.000,8,,,,NORMAL_SET,,
"Evening session","2025-07-28 22:43:47",01:32:46,,,"Incline Bench Press",,,32.000,8,,,,NORMAL_SET,,
"Evening session","2025-07-28 22:43:47",01:32:46,,,"High Pulley Overhead Tricep Extension",,,20.000,8,,,,NORMAL_SET,,
"Evening session","2025-07-28 22:43:47",01:32:46,,,"High Pulley Overhead Tricep Extension",,,25.000,8,,,,NORMAL_SET,,
"Evening session","2025-07-28 22:43:47",01:32:46,,,"High Pulley Overhead Tricep Extension",,,25.000,8,,,,NORMAL_SET,,
"Evening session","2025-07-28 22:43:47",01:32:46,,,"Lever Seated Reverse Fly",,,66.000,8,,,,NORMAL_SET,,
"Evening session","2025-07-28 22:43:47",01:32:46,,,"Lever Seated Reverse Fly",,,73.000,8,,,,NORMAL_SET,,
"Evening session","2025-07-28 22:43:47",01:32:46,,,"Lever Seated Reverse Fly",,,79.000,8,,,,NORMAL_SET,"2,2","1,2"
"Evening session","2025-07-28 15:05:11",01:18:40,,,"Lever Seated Fly",,,100.000,8,,,,NORMAL_SET,,
"Evening session","2025-07-28 15:05:11",01:18:40,,,"Lever Seated Fly",,,100.000,8,,,,NORMAL_SET,,
"Evening session","2025-07-28 15:05:11",01:18:40,,,"Lever Seated Fly",,,113.000,8,,,,NORMAL_SET,,
"Evening session","2025-07-28 15:05:11",01:18:40,,,"Lever Seated Reverse Fly",,,73.000,8,,,,NORMAL_SET,,
"Evening session","2025-07-28 15:05:11",01:18:40,,,"Lever Seated Reverse Fly",,,73.000,8,,,,NORMAL_SET,,
"Evening session","2025-07-28 15:05:11",01:18:40,,,"Lever Seated Reverse Fly",,,79.000,8,,,,NORMAL_SET,"1,1","1,2"
"Evening session","2025-07-28 15:05:11",01:18:40,,,"Triceps Pushdown",,,30.000,8,,,,NORMAL_SET,,
"Evening session","2025-07-28 15:05:11",01:18:40,,,"Triceps Pushdown",,,32.000,8,,,,NORMAL_SET,,
"Evening session","2025-07-28 15:05:11",01:18:40,,,"Triceps Pushdown",,,32.000,8,,,,NORMAL_SET,,
"Evening session","2025-07-28 15:05:11",01:18:40,,,"Dumbbell Incline Biceps Curl",,,18.000,6,,,,NORMAL_SET,,
"Evening session","2025-07-28 15:05:11",01:18:40,,,"Dumbbell Incline Biceps Curl",,,18.000,6,,,,NORMAL_SET,,
"Evening session","2025-07-28 15:05:11",01:18:40,,,"Dumbbell Incline Biceps Curl",,,18.000,6,,,,NORMAL_SET,,
"Evening session","2025-07-27 21:04:14",01:34:09,,,"Standing one arm chest stretch",,,,,,,,NORMAL_SET,,
"Evening session","2025-07-27 21:04:14",01:34:09,,,"Across Chest Shoulder Stretch",,,,,,,,NORMAL_SET,,
"Evening session","2025-07-27 21:04:14",01:34:09,,,"Standing Hamstrings and Back Stretch",,,,,,,,NORMAL_SET,,
"Evening session","2025-07-27 21:04:14",01:34:09,,,"Standing Balance Quadriceps Stretch",,,,,,,,NORMAL_SET,,
"Evening session","2025-07-27 21:04:14",01:34:09,,,"Cable One Arm Lateral Raise",,,4.500,8,,,,NORMAL_SET,,
"Evening session","2025-07-27 21:04:14",01:34:09,,,"Cable One Arm Lateral Raise",,,4.500,6,,,,NORMAL_SET,,
"Evening session","2025-07-27 21:04:14",01:34:09,,,"Cable One Arm Lateral Raise",,,7.000,6,,,,NORMAL_SET,,
"Evening session","2025-07-27 21:04:14",01:34:09,,,"Lever Seated Leg Press",,,134.000,8,,,,NORMAL_SET,,
"Evening session","2025-07-27 21:04:14",01:34:09,,,"Lever Seated Leg Press",,,147.000,6,,,,NORMAL_SET,2,2
"Evening session","2025-07-27 21:04:14",01:34:09,,,"Lever Seated Leg Press",,,147.000,6,,,,NORMAL_SET,3,2
"Evening session","2025-07-27 21:04:14",01:34:09,,,"Standing Military Press",,,40.000,8,,,,NORMAL_SET,,
"Evening session","2025-07-27 21:04:14",01:34:09,,,"Standing Military Press",,,40.000,8,,,,NORMAL_SET,,
"Evening session","2025-07-27 21:04:14",01:34:09,,,"Standing Military Press",,,40.000,8,,,,NORMAL_SET,,
"Evening session","2025-07-27 21:04:14",01:34:09,,,"Cable Pushdown ",,,27.000,8,,,,NORMAL_SET,,
"Evening session","2025-07-27 21:04:14",01:34:09,,,"Cable Pushdown ",,,25.000,8,,,,NORMAL_SET,,
"Evening session","2025-07-27 21:04:14",01:34:09,,,"Cable Pushdown ",,,25.000,8,,,,NORMAL_SET,,
"Evening session","2025-07-27 21:04:14",01:34:09,,,"Lever Preacher Curl",,,50.000,8,,,,NORMAL_SET,,
"Evening session","2025-07-27 21:04:14",01:34:09,,,"Lever Preacher Curl",,,50.000,8,,,,NORMAL_SET,,
"Evening session","2025-07-27 21:04:14",01:34:09,,,"Lever Preacher Curl",,,50.000,8,,,,NORMAL_SET,,
"Evening session","2025-07-25 18:07:47",01:06:39,,,"Seated Groin Stretch",,,,,,,,NORMAL_SET,,
"Evening session","2025-07-25 18:07:47",01:06:39,,,"Standing Balance Quadriceps Stretch",,,,,,,,NORMAL_SET,,
"Evening session","2025-07-25 18:07:47",01:06:39,,,"Across Chest Shoulder Stretch",,,,,,,,NORMAL_SET,,
"Evening session","2025-07-25 18:07:47",01:06:39,,,"Standing one arm chest stretch",,,,,,,,NORMAL_SET,,
"Evening session","2025-07-25 18:07:47",01:06:39,,,"Standing Hamstrings and Back Stretch",,,,,,,,NORMAL_SET,,
"Evening session","2025-07-25 18:07:47",01:06:39,,,"Biceps Stretch Behind The Back",,,,,,,,NORMAL_SET,,
"Evening session","2025-07-25 18:07:47",01:06:39,,,"Standing reach up back rotation stretch",,,,,,,,NORMAL_SET,,
"Evening session","2025-07-25 18:07:47",01:06:39,,,"Handstand Push-Up",,,0.000,5,,,,NORMAL_SET,,
"Evening session","2025-07-25 18:07:47",01:06:39,,,"Handstand Push-Up",,,0.000,5,,,,NORMAL_SET,,
"Evening session","2025-07-25 18:07:47",01:06:39,,,"Sissy Squat",,,0.000,6,,,,NORMAL_SET,1,1
"Evening session","2025-07-25 18:07:47",01:06:39,,,"Sissy Squat",,,0.000,6,,,,NORMAL_SET,,
"Evening session","2025-07-25 18:07:47",01:06:39,,,"Sissy Squat",,,0.000,6,,,,NORMAL_SET,,
"Evening session","2025-07-25 18:07:47",01:06:39,,,"Pseudo Planche Push-up",,,66.000,6,,,,NORMAL_SET,,
"Evening session","2025-07-25 18:07:47",01:06:39,,,"Pseudo Planche Push-up",,,66.000,6,,,,NORMAL_SET,,
"Evening session","2025-07-25 18:07:47",01:06:39,,,"Pseudo Planche Push-up",,,66.000,6,,,,NORMAL_SET,,
"Evening session","2025-07-25 18:07:47",01:06:39,,,"Dips between Chairs",,,69.000,8,,,,NORMAL_SET,,
"Evening session","2025-07-25 18:07:47",01:06:39,,,"Dips between Chairs",,,69.000,8,,,,NORMAL_SET,,
"Evening session","2025-07-25 18:07:47",01:06:39,,,"Dips between Chairs",,,69.000,8,,,,NORMAL_SET,,
"Evening session","2025-07-24 20:50:02",01:06:35,,,"Lever Preacher Curl",,,50.000,8,,,,NORMAL_SET,,
"Evening session","2025-07-24 20:50:02",01:06:35,,,"Lever Preacher Curl",,,54.000,8,,,,NORMAL_SET,,
"Evening session","2025-07-24 20:50:02",01:06:35,,,"Lever Preacher Curl",,,54.000,8,,,,NORMAL_SET,,
"Evening session","2025-07-24 20:50:02",01:06:35,,,"Cable Pushdown ",,,25.000,8,,,,NORMAL_SET,,
"Evening session","2025-07-24 20:50:02",01:06:35,,,"Cable Pushdown ",,,27.000,8,,,,NORMAL_SET,,
"Evening session","2025-07-24 20:50:02",01:06:35,,,"Cable Pushdown ",,,27.000,8,,,,NORMAL_SET,,
"Evening session","2025-07-24 20:50:02",01:06:35,,,"Cable Hammer Curl ",,,25.000,8,,,,NORMAL_SET,,
"Evening session","2025-07-24 20:50:02",01:06:35,,,"Cable Hammer Curl ",,,30.000,8,,,,NORMAL_SET,,
"Evening session","2025-07-24 20:50:02",01:06:35,,,"Cable Hammer Curl ",,,30.000,8,,,,NORMAL_SET,,
"Evening session","2025-07-24 20:50:02",01:06:35,,,"High Pulley Overhead Tricep Extension",,,25.000,8,,,,NORMAL_SET,,
"Evening session","2025-07-24 20:50:02",01:06:35,,,"High Pulley Overhead Tricep Extension",,,25.000,8,,,,NORMAL_SET,,
"Evening session","2025-07-24 20:50:02",01:06:35,,,"High Pulley Overhead Tricep Extension",,,25.000,8,,,,NORMAL_SET,,
"Evening session","2025-07-24 20:50:02",01:06:35,,,"Dumbbell Incline Biceps Curl",,,18.000,8,,,,NORMAL_SET,,
"Evening session","2025-07-24 20:50:02",01:06:35,,,"Dumbbell Incline Biceps Curl",,,18.000,8,,,,NORMAL_SET,,
"Evening session","2025-07-23 22:07:49",01:19:23,,,"Seated Groin Stretch",,,,,,,01:00,NORMAL_SET,,
"Evening session","2025-07-23 22:07:49",01:19:23,,,"Standing Reach Down Hamstring Stretch",,,,,,,00:30,NORMAL_SET,,
"Evening session","2025-07-23 22:07:49",01:19:23,,,"Across Chest Shoulder Stretch",,,,,,,,NORMAL_SET,,
"Evening session","2025-07-23 22:07:49",01:19:23,,,"Straight Arms Backward Chest Stretch",,,,,,,00:30,NORMAL_SET,,
"Evening session","2025-07-23 22:07:49",01:19:23,,,"Standing Balance Quadriceps Stretch",,,,,,,00:30,NORMAL_SET,,
"Evening session","2025-07-23 22:07:49",01:19:23,,,"Hip And Knee Flexion Squatting Stretch",,,,,,,00:30,NORMAL_SET,,
"Evening session","2025-07-23 22:07:49",01:19:23,,,"Slopes Towards Stretch",,,0.000,,,,,NORMAL_SET,1,1
"Evening session","2025-07-23 22:07:49",01:19:23,,,"Archer Pull up",,,0.000,3,,,,NORMAL_SET,1,1
"Evening session","2025-07-23 22:07:49",01:19:23,,,"Archer Pull up",,,0.000,3,,,,NORMAL_SET,,
"Evening session","2025-07-23 22:07:49",01:19:23,,,"Archer Pull up",,,0.000,3,,,,NORMAL_SET,,
"Evening session","2025-07-23 22:07:49",01:19:23,,,"Chest Dip",,,0.000,4,,,,NORMAL_SET,,
"Evening session","2025-07-23 22:07:49",01:19:23,,,"Chest Dip",,,0.000,6,,,,NORMAL_SET,,
"Evening session","2025-07-23 22:07:49",01:19:23,,,"Chest Dip",,,0.000,6,,,,NORMAL_SET,,
"Evening session","2025-07-23 22:07:49",01:19:23,,,"Handstand Push-Up",,,0.000,5,,,,NORMAL_SET,,
"Evening session","2025-07-23 22:07:49",01:19:23,,,"Handstand Push-Up",,,0.000,5,,,,NORMAL_SET,,
"Evening session","2025-07-23 22:07:49",01:19:23,,,"Lean planche",,,,,,,00:10,NORMAL_SET,,
"Evening session","2025-07-23 22:07:49",01:19:23,,,"Lean planche",,,,,,,00:10,NORMAL_SET,,
"Evening session","2025-07-23 22:07:49",01:19:23,,,"Lean planche",,,,,,,00:10,NORMAL_SET,,
"Evening session","2025-07-22 16:49:17",01:20:57,,,"Lever Preacher Curl",,,50.000,8,,,,NORMAL_SET,,
"Evening session","2025-07-22 16:49:17",01:20:57,,,"Lever Preacher Curl",,,54.000,8,,,,NORMAL_SET,,
"Evening session","2025-07-22 16:49:17",01:20:57,,,"Lever Preacher Curl",,,54.000,8,,,,NORMAL_SET,,
"Evening session","2025-07-22 16:49:17",01:20:57,,,"Cable Lateral Pulldown with V-bar",,,86.000,8,,,,NORMAL_SET,"3,3,3","1,2,3"
"Evening session","2025-07-22 16:49:17",01:20:57,,,"Cable Lateral Pulldown with V-bar",,,86.000,8,,,,NORMAL_SET,,
"Evening session","2025-07-22 16:49:17",01:20:57,,,"Cable Lateral Pulldown with V-bar",,,79.000,8,,,,NORMAL_SET,,
"Evening session","2025-07-22 16:49:17",01:20:57,,,"Cable Hammer Curl ",,,25.000,8,,,,NORMAL_SET,,
"Evening session","2025-07-22 16:49:17",01:20:57,,,"Cable Hammer Curl ",,,30.000,8,,,,NORMAL_SET,,
"Evening session","2025-07-22 16:49:17",01:20:57,,,"Cable Hammer Curl ",,,30.000,8,,,,NORMAL_SET,,
"Evening session","2025-07-22 16:49:17",01:20:57,,,"Lever Seated Row",,,59.000,8,,,,NORMAL_SET,,
"Evening session","2025-07-22 16:49:17",01:20:57,,,"Lever Seated Row",,,59.000,8,,,,NORMAL_SET,,
"Evening session","2025-07-22 16:49:17",01:20:57,,,"Lever Seated Row",,,66.000,8,,,,NORMAL_SET,,
"Evening session","2025-07-22 16:49:17",01:20:57,,,Chin-Up,,,68.000,8,,,,NORMAL_SET,1,1
"Evening session","2025-07-22 16:49:17",01:20:57,,,Chin-Up,,,68.000,8,,,,NORMAL_SET,,
"Evening session","2025-07-21 20:08:18",01:20:38,,,"Incline Bench Press",,,32.000,8,,,,NORMAL_SET,,
"Evening session","2025-07-21 20:08:18",01:20:38,,,"Incline Bench Press",,,34.000,8,,,,NORMAL_SET,,
"Evening session","2025-07-21 20:08:18",01:20:38,,,"Incline Bench Press",,,34.000,8,,,,NORMAL_SET,,
"Evening session","2025-07-21 20:08:18",01:20:38,,,"Dumbbell Standing Triceps Extension",,,16.000,8,,,,NORMAL_SET,,
"Evening session","2025-07-21 20:08:18",01:20:38,,,"Dumbbell Standing Triceps Extension",,,18.000,8,,,,NORMAL_SET,1,1
"Evening session","2025-07-21 20:08:18",01:20:38,,,"Dumbbell Standing Triceps Extension",,,18.000,8,,,,NORMAL_SET,,
"Evening session","2025-07-21 20:08:18",01:20:38,,,"Dumbbell Squeeze Bench Press",,,22.000,8,,,,NORMAL_SET,"2,2,2","1,2,3"
"Evening session","2025-07-21 20:08:18",01:20:38,,,"Dumbbell Squeeze Bench Press",,,22.000,8,,,,NORMAL_SET,"3,3,3","1,2,3"
"Evening session","2025-07-21 20:08:18",01:20:38,,,"Dumbbell Squeeze Bench Press",,,22.000,8,,,,NORMAL_SET,,
"Evening session","2025-07-21 20:08:18",01:20:38,,,"High Pulley Overhead Tricep Extension",,,25.000,8,,,,NORMAL_SET,,
"Evening session","2025-07-21 20:08:18",01:20:38,,,"High Pulley Overhead Tricep Extension",,,25.000,8,,,,NORMAL_SET,,
"Evening session","2025-07-21 20:08:18",01:20:38,,,"High Pulley Overhead Tricep Extension",,,27.000,8,,,,NORMAL_SET,,
"Evening session","2025-07-21 20:08:18",01:20:38,,,"Lever Chest Press",,,80.000,8,,,,NORMAL_SET,,
"Evening session","2025-07-21 20:08:18",01:20:38,,,"Lever Chest Press",,,100.000,3,,,,NORMAL_SET,,
"Evening session","2025-07-21 20:08:18",01:20:38,,,"Lever Chest Press",,,80.000,5,,,,NORMAL_SET,,
"Evening session","2025-07-21 20:08:18",01:20:38,,,"Dips between Chairs",,,69.000,8,,,,NORMAL_SET,,
"Evening session","2025-07-21 20:08:18",01:20:38,,,"Dips between Chairs",,,69.000,8,,,,NORMAL_SET,,
"Evening session","2025-07-21 20:08:18",01:20:38,,,"Dips between Chairs",,,69.000,8,,,,NORMAL_SET,,
"Evening session","2025-07-20 19:42:05",01:28:47,,,"Full Squat",,,80.000,6,,,,NORMAL_SET,,
"Evening session","2025-07-20 19:42:05",01:28:47,,,"Full Squat",,,100.000,6,,,,NORMAL_SET,,
"Evening session","2025-07-20 19:42:05",01:28:47,,,"Full Squat",,,120.000,6,,,,NORMAL_SET,"1,1","1,2"
"Evening session","2025-07-20 19:42:05",01:28:47,,,"Sled Hack Squat ",,,80.000,6,,,,NORMAL_SET,,
"Evening session","2025-07-20 19:42:05",01:28:47,,,"Sled Hack Squat ",,,120.000,6,,,,NORMAL_SET,"2,2,3","1,2,3"
"Evening session","2025-07-20 19:42:05",01:28:47,,,"Sled Hack Squat ",,,120.000,6,,,,NORMAL_SET,"3,3","1,2"
"Evening session","2025-07-20 19:42:05",01:28:47,,,"Lever Leg Extension",,,66.000,8,,,,NORMAL_SET,,
"Evening session","2025-07-20 19:42:05",01:28:47,,,"Lever Leg Extension",,,79.000,6,,,,NORMAL_SET,,
"Evening session","2025-07-20 19:42:05",01:28:47,,,"Lever Leg Extension",,,79.000,6,,,,NORMAL_SET,,
"Evening session","2025-07-20 19:42:05",01:28:47,,,"Handstand Push-Up",,,66.000,5,,,,NORMAL_SET,,
"Evening session","2025-07-20 19:42:05",01:28:47,,,"Handstand Push-Up",,,66.000,5,,,,NORMAL_SET,,
"Evening session","2025-07-20 19:42:05",01:28:47,,,"Seated Groin Stretch",,,,,,,01:00,NORMAL_SET,,
"Evening session","2025-07-20 19:42:05",01:28:47,,,"Standing Reach Down Hamstring Stretch",,,,,,,00:30,NORMAL_SET,,
"Evening session","2025-07-20 19:42:05",01:28:47,,,"Standing one arm chest stretch",,,,,,,00:10,NORMAL_SET,,
"Evening session","2025-07-20 19:42:05",01:28:47,,,"Standing Hamstrings and Back Stretch",,,,,,,,NORMAL_SET,,
"Evening session","2025-07-18 15:23:49",01:12:10,,,"Triceps Pushdown",,,32.000,6,,,,NORMAL_SET,,
"Evening session","2025-07-18 15:23:49",01:12:10,,,"Triceps Pushdown",,,36.000,6,,,,NORMAL_SET,,
"Evening session","2025-07-18 15:23:49",01:12:10,,,"Lever Preacher Curl",,,54.000,6,,,,NORMAL_SET,,
"Evening session","2025-07-18 15:23:49",01:12:10,,,"Lever Preacher Curl",,,54.000,6,,,,NORMAL_SET,,
"Evening session","2025-07-18 15:23:49",01:12:10,,,"Lever Preacher Curl",,,54.000,6,,,,NORMAL_SET,,
"Evening session","2025-07-18 15:23:49",01:12:10,,,"Cable Wide-Grip Lat Pulldown ",,,86.000,6,,,,NORMAL_SET,,
"Evening session","2025-07-18 15:23:49",01:12:10,,,"Cable Wide-Grip Lat Pulldown ",,,86.000,6,,,,NORMAL_SET,,
"Evening session","2025-07-18 15:23:49",01:12:10,,,"Cable Wide-Grip Lat Pulldown ",,,86.000,6,,,,NORMAL_SET,,
"Evening session","2025-07-18 15:23:49",01:12:10,,,"Lever Seated Reverse Fly",,,73.000,6,,,,NORMAL_SET,,
"Evening session","2025-07-18 15:23:49",01:12:10,,,"Lever Seated Reverse Fly",,,73.000,6,,,,NORMAL_SET,,
"Evening session","2025-07-18 15:23:49",01:12:10,,,"Lever Seated Reverse Fly",,,73.000,6,,,,NORMAL_SET,,
"Evening session","2025-07-18 15:23:49",01:12:10,,,"Lever Seated Crunch",,,36.000,8,,,,NORMAL_SET,,
"Evening session","2025-07-18 15:23:49",01:12:10,,,"Lever Seated Crunch",,,36.000,8,,,,NORMAL_SET,,
"Evening session","2025-07-18 15:23:49",01:12:10,,,"Lever Seated Crunch",,,41.000,8,,,,NORMAL_SET,,
"Evening session","2025-07-16 20:00:59",01:14:10,,,"Lever Leg Extension",,,66.000,10,,,,NORMAL_SET,,
"Evening session","2025-07-16 20:00:59",01:14:10,,,"Lever Leg Extension",,,79.000,8,,,,NORMAL_SET,,
"Evening session","2025-07-16 20:00:59",01:14:10,,,"Lever Leg Extension",,,79.000,8,,,,NORMAL_SET,,
"Evening session","2025-07-16 20:00:59",01:14:10,,,"Sled Hack Squat ",,,80.000,8,,,,NORMAL_SET,"3,3,3","1,2,3"
"Evening session","2025-07-16 20:00:59",01:14:10,,,"Sled Hack Squat ",,,110.000,8,,,,NORMAL_SET,1,3
"Evening session","2025-07-16 20:00:59",01:14:10,,,"Sled Hack Squat ",,,140.000,6,,,,NORMAL_SET,"1,1,2","1,2,3"
"Evening session","2025-07-16 20:00:59",01:14:10,,,"Lever Standing Calf Raise",,,60.000,8,,,,NORMAL_SET,,
"Evening session","2025-07-16 20:00:59",01:14:10,,,"Lever Standing Calf Raise",,,60.000,8,,,,NORMAL_SET,"2,2,2","1,2,3"
"Evening session","2025-07-16 20:00:59",01:14:10,,,"Lever Standing Calf Raise",,,80.000,8,,,,NORMAL_SET,"1,1,1","1,2,3"
"Evening session","2025-07-16 20:00:59",01:14:10,,,"Standing Military Press",,,40.000,8,,,,NORMAL_SET,,
"Evening session","2025-07-16 20:00:59",01:14:10,,,"Standing Military Press",,,50.000,8,,,,NORMAL_SET,"2,2","1,3"
"Evening session","2025-07-16 20:00:59",01:14:10,,,"Standing Military Press",,,50.000,6,,,,NORMAL_SET,,
"Evening session","2025-07-16 20:00:59",01:14:10,,,"Cable One Arm Lateral Raise",,,4.500,8,,,,NORMAL_SET,,
"Evening session","2025-07-16 20:00:59",01:14:10,,,"Cable One Arm Lateral Raise",,,4.500,6,,,,NORMAL_SET,,
"Evening session","2025-07-16 20:00:59",01:14:10,,,"Cable One Arm Lateral Raise",,,14.000,6,,,,NORMAL_SET,"3,3,3","1,2,3"
"Evening session","2025-07-15 13:23:50",01:54:05,,,"Cable Wide-Grip Lat Pulldown ",,,79.000,8,,,,NORMAL_SET,,
"Evening session","2025-07-15 13:23:50",01:54:05,,,"Cable Wide-Grip Lat Pulldown ",,,79.000,8,,,,NORMAL_SET,,
"Evening session","2025-07-15 13:23:50",01:54:05,,,"Cable Wide-Grip Lat Pulldown ",,,86.000,8,,,,NORMAL_SET,,
"Evening session","2025-07-15 13:23:50",01:54:05,,,"Lever Preacher Curl",,,50.000,8,,,,NORMAL_SET,,
"Evening session","2025-07-15 13:23:50",01:54:05,,,"Lever Preacher Curl",,,54.000,8,,,,NORMAL_SET,,
"Evening session","2025-07-15 13:23:50",01:54:05,,,"Lever Preacher Curl",,,54.000,8,,,,NORMAL_SET,,
"Evening session","2025-07-15 13:23:50",01:54:05,,,"Lever Seated Row",,,59.000,8,,,,NORMAL_SET,,
"Evening session","2025-07-15 13:23:50",01:54:05,,,"Lever Seated Row",,,59.000,8,,,,NORMAL_SET,,
"Evening session","2025-07-15 13:23:50",01:54:05,,,"Lever Seated Row",,,66.000,8,,,,NORMAL_SET,,
"Evening session","2025-07-15 13:23:50",01:54:05,,,"Cable Hammer Curl ",,,25.000,8,,,,NORMAL_SET,,
"Evening session","2025-07-15 13:23:50",01:54:05,,,"Cable Hammer Curl ",,,30.000,8,,,,NORMAL_SET,,
"Evening session","2025-07-15 13:23:50",01:54:05,,,"Cable Hammer Curl ",,,32.000,8,,,,NORMAL_SET,,
"Evening session","2025-07-15 13:23:50",01:54:05,,,"Lever Seated Crunch",,,36.000,8,,,,NORMAL_SET,,
"Evening session","2025-07-15 13:23:50",01:54:05,,,"Lever Seated Crunch",,,36.000,8,,,,NORMAL_SET,,
"Evening session","2025-07-15 13:23:50",01:54:05,,,"Lever Seated Crunch",,,41.000,8,,,,NORMAL_SET,,
"Evening session","2025-07-15 13:23:50",01:54:05,,,"Full Squat",,,80.000,8,,,,NORMAL_SET,,
"Evening session","2025-07-15 13:23:50",01:54:05,,,"Full Squat",,,80.000,6,,,,NORMAL_SET,,
"Evening session","2025-07-15 13:23:50",01:54:05,,,"Full Squat",,,100.000,6,,,,NORMAL_SET,,
"Evening session","2025-07-15 13:23:50",01:54:05,,,"Dumbbell Incline Curl ",,,18.000,8,,,,NORMAL_SET,"1,1,1","1,2,3"
"Evening session","2025-07-15 13:23:50",01:54:05,,,"Dumbbell Incline Curl ",,,18.000,8,,,,NORMAL_SET,"2,2,2","1,2,3"
"Evening session","2025-07-15 13:23:50",01:54:05,,,"Dumbbell Incline Curl ",,,18.000,6,,,,NORMAL_SET,"3,3","1,2"
"Evening session","2025-07-14 21:49:52",01:07:28,,,"Lever Lying Chest Press",,,140.000,7,,,,NORMAL_SET,"1,1,1","1,2,3"
"Evening session","2025-07-14 21:49:52",01:07:28,,,"Lever Lying Chest Press",,,120.000,8,,,,NORMAL_SET,"2,2,2","1,2,3"
"Evening session","2025-07-14 21:49:52",01:07:28,,,"Lever Lying Chest Press",,,100.000,8,,,,NORMAL_SET,"3,3","1,3"
"Evening session","2025-07-14 21:49:52",01:07:28,,,"Cable Pushdown ",,,25.000,8,,,,NORMAL_SET,,
"Evening session","2025-07-14 21:49:52",01:07:28,,,"Cable Pushdown ",,,29.500,8,,,,NORMAL_SET,,
"Evening session","2025-07-14 21:49:52",01:07:28,,,"Cable Pushdown ",,,29.500,8,,,,NORMAL_SET,,
"Evening session","2025-07-14 21:49:52",01:07:28,,,"Lever Seated Fly",,,100.000,8,,,,NORMAL_SET,,
"Evening session","2025-07-14 21:49:52",01:07:28,,,"Lever Seated Fly",,,100.000,8,,,,NORMAL_SET,,
"Evening session","2025-07-14 21:49:52",01:07:28,,,"Lever Seated Fly",,,100.000,8,,,,NORMAL_SET,,
"Evening session","2025-07-14 21:49:52",01:07:28,,,"Dips between Chairs",,,69.000,10,,,,NORMAL_SET,,
"Evening session","2025-07-14 21:49:52",01:07:28,,,"Dips between Chairs",,,69.000,10,,,,NORMAL_SET,,
"Evening session","2025-07-14 21:49:52",01:07:28,,,"Dips between Chairs",,,69.000,10,,,,NORMAL_SET,,
"Evening session","2025-07-14 21:49:52",01:07:28,,,"Diamond Push-up",,,67.000,10,,,,NORMAL_SET,1,1
"Evening session","2025-07-14 21:49:52",01:07:28,,,"Diamond Push-up",,,67.000,10,,,,NORMAL_SET,,
"Evening session","2025-07-14 21:49:52",01:07:28,,,"Diamond Push-up",,,67.000,10,,,,NORMAL_SET,,
"Evening session","2025-07-10 21:29:00",01:43:43,,,"Lever Seated Fly",,,100.000,8,,,,NORMAL_SET,,
"Evening session","2025-07-10 21:29:00",01:43:43,,,"Lever Seated Fly",,,100.000,8,,,,NORMAL_SET,,
"Evening session","2025-07-10 21:29:00",01:43:43,,,"Lever Seated Fly",,,100.000,8,,,,NORMAL_SET,,
"Evening session","2025-07-10 21:29:00",01:43:43,,,"Cable Pushdown ",,,25.000,8,,,,NORMAL_SET,,
"Evening session","2025-07-10 21:29:00",01:43:43,,,"Cable Pushdown ",,,29.500,8,,,,NORMAL_SET,,
"Evening session","2025-07-10 21:29:00",01:43:43,,,"Cable Pushdown ",,,29.500,8,,,,NORMAL_SET,,
"Evening session","2025-07-10 21:29:00",01:43:43,,,"Lever Chest Press",,,80.000,8,,,,NORMAL_SET,,
"Evening session","2025-07-10 21:29:00",01:43:43,,,"Lever Chest Press",,,86.000,8,,,,NORMAL_SET,,
"Evening session","2025-07-10 21:29:00",01:43:43,,,"Lever Chest Press",,,113.000,8,,,,NORMAL_SET,,
"Evening session","2025-07-10 21:29:00",01:43:43,,,"Lever Seated Dip",,,91.000,8,,,,NORMAL_SET,,
"Evening session","2025-07-10 21:29:00",01:43:43,,,"Lever Seated Dip",,,91.000,8,,,,NORMAL_SET,,
"Evening session","2025-07-10 21:29:00",01:43:43,,,"Lever Seated Dip",,,91.000,8,,,,NORMAL_SET,,
"Evening session","2025-07-10 21:29:00",01:43:43,,,"Incline Bench Press",,,32.000,8,,,,NORMAL_SET,,
"Evening session","2025-07-10 21:29:00",01:43:43,,,"Incline Bench Press",,,32.000,8,,,,NORMAL_SET,,
"Evening session","2025-07-10 21:29:00",01:43:43,,,"Incline Bench Press",,,34.000,8,,,,NORMAL_SET,"3,3,3","1,2,3"
"Evening session","2025-07-10 21:29:00",01:43:43,,,"Lever Total Abdominal Crunch",,,50.000,8,,,,NORMAL_SET,,
"Evening session","2025-07-10 21:29:00",01:43:43,,,"Lever Total Abdominal Crunch",,,59.000,8,,,,NORMAL_SET,"1,1,2","1,2,3"
"Evening session","2025-07-10 21:29:00",01:43:43,,,"Lever Total Abdominal Crunch",,,59.000,8,,,,NORMAL_SET,"2,2,3","1,2,3"
"Evening session","2025-07-09 20:33:53",01:32:02,,,"Cable Curl",,,25.000,8,,,,WARMUP_SET,,
"Evening session","2025-07-09 20:33:53",01:32:02,,,"Cable Curl",,,30.000,8,,,,NORMAL_SET,,
"Evening session","2025-07-09 20:33:53",01:32:02,,,"Cable Curl",,,32.000,8,,,,NORMAL_SET,,
"Evening session","2025-07-09 20:33:53",01:32:02,,,"Lever Seated Row",,,52.000,8,,,,NORMAL_SET,,
"Evening session","2025-07-09 20:33:53",01:32:02,,,"Lever Seated Row",,,59.000,8,,,,NORMAL_SET,,
"Evening session","2025-07-09 20:33:53",01:32:02,,,"Lever Seated Row",,,59.000,8,,,,NORMAL_SET,,
"Evening session","2025-07-09 20:33:53",01:32:02,,,"Dumbbell Incline Biceps Curl",,,18.000,8,,,,NORMAL_SET,,
"Evening session","2025-07-09 20:33:53",01:32:02,,,"Dumbbell Incline Biceps Curl",,,20.000,8,,,,NORMAL_SET,,
"Evening session","2025-07-09 20:33:53",01:32:02,,,"Dumbbell Incline Biceps Curl",,,18.000,8,,,,NORMAL_SET,,
"Evening session","2025-07-09 20:33:53",01:32:02,,,"Lever Leg Extension",,,66.000,10,,,,NORMAL_SET,,
"Evening session","2025-07-09 20:33:53",01:32:02,,,"Lever Leg Extension",,,79.000,8,,,,NORMAL_SET,,
"Evening session","2025-07-09 20:33:53",01:32:02,,,"Lever Leg Extension",,,79.000,8,,,,NORMAL_SET,,
"Evening session","2025-07-09 20:33:53",01:32:02,,,"Cable Wide-Grip Lat Pulldown ",,,79.000,8,,,,NORMAL_SET,,
"Evening session","2025-07-09 20:33:53",01:32:02,,,"Cable Wide-Grip Lat Pulldown ",,,113.000,2,,,,NORMAL_SET,"1,2","1,2"
"Evening session","2025-07-09 20:33:53",01:32:02,,,"Cable Hammer Curl ",,,25.000,8,,,,NORMAL_SET,,
"Evening session","2025-07-09 20:33:53",01:32:02,,,"Cable Hammer Curl ",,,30.000,8,,,,NORMAL_SET,,
"Evening session","2025-07-09 20:33:53",01:32:02,,,"Cable Hammer Curl ",,,32.000,8,,,,NORMAL_SET,,
"Evening session","2025-07-09 14:23:55",01:31:16,,,"Lever Seated Fly",,,100.000,8,,,,NORMAL_SET,,
"Evening session","2025-07-09 14:23:55",01:31:16,,,"Lever Seated Fly",,,106.000,8,,,,NORMAL_SET,,
"Evening session","2025-07-09 14:23:55",01:31:16,,,"Lever Seated Fly",,,113.000,8,,,,NORMAL_SET,,
"Evening session","2025-07-09 14:23:55",01:31:16,,,"Cable Pushdown ",,,29.500,8,,,,NORMAL_SET,,
"Evening session","2025-07-09 14:23:55",01:31:16,,,"Cable Pushdown ",,,29.500,8,,,,NORMAL_SET,,
"Evening session","2025-07-09 14:23:55",01:31:16,,,"Cable Pushdown ",,,25.000,8,,,,NORMAL_SET,,
"Evening session","2025-07-09 14:23:55",01:31:16,,,"Bench Press",,,60.000,8,,,,NORMAL_SET,,
"Evening session","2025-07-09 14:23:55",01:31:16,,,"Bench Press",,,80.000,7,,,,NORMAL_SET,3,3
"Evening session","2025-07-09 14:23:55",01:31:16,,,"Bench Press",,,80.000,6,,,,NORMAL_SET,,
"Evening session","2025-07-09 14:23:55",01:31:16,,,"Dumbbell Squeeze Bench Press",,,22.000,8,,,,NORMAL_SET,,
"Evening session","2025-07-09 14:23:55",01:31:16,,,"Dumbbell Squeeze Bench Press",,,24.000,8,,,,NORMAL_SET,,
"Evening session","2025-07-09 14:23:55",01:31:16,,,"Dumbbell Squeeze Bench Press",,,26.000,8,,,,NORMAL_SET,1,1
"Evening session","2025-07-09 14:23:55",01:31:16,,,"Lever Seated Dip",,,91.000,8,,,,NORMAL_SET,,
"Evening session","2025-07-09 14:23:55",01:31:16,,,"Lever Seated Dip",,,91.000,8,,,,NORMAL_SET,,
"Evening session","2025-07-09 14:23:55",01:31:16,,,"Lever Seated Dip",,,91.000,8,,,,NORMAL_SET,,
"Evening session","2025-07-09 14:23:55",01:31:16,,,"Dips between Chairs",,,69.000,10,,,,NORMAL_SET,,
"Evening session","2025-07-09 14:23:55",01:31:16,,,"Dips between Chairs",,,69.000,10,,,,NORMAL_SET,,
"Evening session","2025-07-09 14:23:55",01:31:16,,,"Dips between Chairs",,,69.000,10,,,,NORMAL_SET,,
"Evening session","2025-07-07 21:49:44",01:17:43,,,"Dumbbell Incline Biceps Curl",,,18.000,8,,,,NORMAL_SET,,
"Evening session","2025-07-07 21:49:44",01:17:43,,,"Dumbbell Incline Biceps Curl",,,20.000,8,,,,NORMAL_SET,,
"Evening session","2025-07-07 21:49:44",01:17:43,,,"Dumbbell Incline Biceps Curl",,,22.000,5,,,,NORMAL_SET,,
"Evening session","2025-07-07 21:49:44",01:17:43,,,"Lever Seated Row",,,52.000,8,,,,NORMAL_SET,,
"Evening session","2025-07-07 21:49:44",01:17:43,,,"Lever Seated Row",,,40.000,8,,,,NORMAL_SET,,
"Evening session","2025-07-07 21:49:44",01:17:43,,,"Lever Seated Row",,,40.000,8,,,,NORMAL_SET,,
"Evening session","2025-07-07 21:49:44",01:17:43,,,"Cable Curl",,,25.000,8,,,,WARMUP_SET,,
"Evening session","2025-07-07 21:49:44",01:17:43,,,"Cable Curl",,,32.000,8,,,,NORMAL_SET,,
"Evening session","2025-07-07 21:49:44",01:17:43,,,"Cable Curl",,,34.000,8,,,,NORMAL_SET,,
"Evening session","2025-07-07 21:49:44",01:17:43,,,"Scapular Pull-Up",,,69.000,8,,,,NORMAL_SET,,
"Evening session","2025-07-07 21:49:44",01:17:43,,,"Scapular Pull-Up",,,69.000,8,,,,NORMAL_SET,,
"Evening session","2025-07-07 21:49:44",01:17:43,,,"Scapular Pull-Up",,,69.000,8,,,,NORMAL_SET,,
"Evening session","2025-07-07 21:49:44",01:17:43,,,"Cable Lateral Pulldown with V-bar",,,66.000,8,,,,NORMAL_SET,,
"Evening session","2025-07-07 21:49:44",01:17:43,,,"Cable Lateral Pulldown with V-bar",,,79.000,8,,,,NORMAL_SET,"3,3,3","1,2,3"
"Evening session","2025-07-07 21:49:44",01:17:43,,,"Cable Lateral Pulldown with V-bar",,,79.000,8,,,,NORMAL_SET,,
"Evening session","2025-07-07 21:49:44",01:17:43,,,"Lever Preacher Curl",,,50.000,8,,,,NORMAL_SET,,
"Evening session","2025-07-07 21:49:44",01:17:43,,,"Lever Preacher Curl",,,54.000,8,,,,NORMAL_SET,,
"Evening session","2025-07-07 21:49:44",01:17:43,,,"Lever Preacher Curl",,,50.000,8,,,,NORMAL_SET,,
"Evening session","2025-07-03 22:34:28",01:16:43,,,"Cable Hammer Curl ",,,25.000,8,,,,NORMAL_SET,,
"Evening session","2025-07-03 22:34:28",01:16:43,,,"Cable Hammer Curl ",,,30.000,8,,,,NORMAL_SET,,
"Evening session","2025-07-03 22:34:28",01:16:43,,,"Cable Hammer Curl ",,,37.000,8,,,,NORMAL_SET,,
"Evening session","2025-07-03 22:34:28",01:16:43,,,"Biceps Curl",,,20.000,8,,,,NORMAL_SET,,
"Evening session","2025-07-03 22:34:28",01:16:43,,,"Biceps Curl",,,20.000,8,,,,NORMAL_SET,,
"Evening session","2025-07-03 22:34:28",01:16:43,,,"Biceps Curl",,,18.000,8,,,,NORMAL_SET,,
"Evening session","2025-07-03 22:34:28",01:16:43,,,"Cable Wide Neutral Grip PullDown",,,79.000,8,,,,NORMAL_SET,,
"Evening session","2025-07-03 22:34:28",01:16:43,,,"Cable Wide Neutral Grip PullDown",,,79.000,8,,,,NORMAL_SET,,
"Evening session","2025-07-03 22:34:28",01:16:43,,,"Cable Wide Neutral Grip PullDown",,,79.000,8,,,,NORMAL_SET,,
"Evening session","2025-07-03 22:34:28",01:16:43,,,"Lever Seated Row",,,52.000,8,,,,NORMAL_SET,,
"Evening session","2025-07-03 22:34:28",01:16:43,,,"Lever Seated Row",,,66.000,8,,,,NORMAL_SET,,
"Evening session","2025-07-03 22:34:28",01:16:43,,,"Lever Seated Row",,,66.000,8,,,,NORMAL_SET,,
"Evening session","2025-07-03 22:34:28",01:16:43,,,"Lever Preacher Curl",,,50.000,8,,,,NORMAL_SET,,
"Evening session","2025-07-03 22:34:28",01:16:43,,,"Lever Preacher Curl",,,54.000,8,,,,NORMAL_SET,,
"Evening session","2025-07-03 22:34:28",01:16:43,,,"Lever Preacher Curl",,,60.000,8,,,,NORMAL_SET,,
"Evening session","2025-07-03 22:34:28",01:16:43,,,"Scapular Pull-Up",,,69.000,8,,,,NORMAL_SET,,
"Evening session","2025-07-03 22:34:28",01:16:43,,,"Scapular Pull-Up",,,69.000,8,,,,NORMAL_SET,,
"Evening session","2025-07-03 22:34:28",01:16:43,,,"Scapular Pull-Up",,,69.000,8,,,,NORMAL_SET,,
"Evening session","2025-07-02 14:56:33",00:47:48,,,"Cable Pushdown ",,,24.000,8,,,,NORMAL_SET,,
"Evening session","2025-07-02 14:56:33",00:47:48,,,"Cable Pushdown ",,,29.500,8,,,,NORMAL_SET,,
"Evening session","2025-07-02 14:56:33",00:47:48,,,"Cable Pushdown ",,,31.500,8,,,,NORMAL_SET,,
"Evening session","2025-07-02 14:56:33",00:47:48,,,"High Pulley Overhead Tricep Extension",,,23.000,8,,,,NORMAL_SET,,
"Evening session","2025-07-02 14:56:33",00:47:48,,,"High Pulley Overhead Tricep Extension",,,25.000,8,,,,NORMAL_SET,,
"Evening session","2025-07-02 14:56:33",00:47:48,,,"High Pulley Overhead Tricep Extension",,,27.000,8,,,,NORMAL_SET,,
"Evening session","2025-07-02 14:56:33",00:47:48,,,"Lever Seated Fly",,,100.000,8,,,,NORMAL_SET,,
"Evening session","2025-07-02 14:56:33",00:47:48,,,"Lever Seated Fly",,,106.000,8,,,,NORMAL_SET,,
"Evening session","2025-07-02 14:56:33",00:47:48,,,"Lever Seated Fly",,,113.000,8,,,,NORMAL_SET,,
"Evening session","2025-07-02 14:56:33",00:47:48,,,"Lever Chest Press",,,80.000,8,,,,NORMAL_SET,,
"Evening session","2025-07-02 14:56:33",00:47:48,,,"Lever Chest Press",,,86.000,8,,,,NORMAL_SET,,
"Evening session","2025-07-02 14:56:33",00:47:48,,,"Lever Chest Press",,,86.000,8,,,,NORMAL_SET,,
"Evening session","2025-07-02 14:56:33",00:47:48,,,"Dips between Chairs",,,69.000,10,,,,NORMAL_SET,,
"Evening session","2025-07-02 14:56:33",00:47:48,,,"Dips between Chairs",,,69.000,10,,,,NORMAL_SET,,
"Evening session","2025-07-02 14:56:33",00:47:48,,,"Dips between Chairs",,,69.000,10,,,,NORMAL_SET,,
"Evening session","2025-07-02 14:56:33",00:47:48,,,Push-up,,,66.000,10,,,,NORMAL_SET,,
"Evening session","2025-07-02 14:56:33",00:47:48,,,Push-up,,,66.000,10,,,,NORMAL_SET,,
"Evening session","2025-07-02 14:56:33",00:47:48,,,Push-up,,,66.000,10,,,,NORMAL_SET,,
"Evening session","2025-06-29 22:49:56",01:02:27,,,"Lever Seated Leg Press",,,134.000,8,,,,NORMAL_SET,,
"Evening session","2025-06-29 22:49:56",01:02:27,,,"Lever Seated Leg Press",,,134.000,8,,,,NORMAL_SET,,
"Evening session","2025-06-29 22:49:56",01:02:27,,,"Lever Seated Leg Press",,,141.000,8,,,,NORMAL_SET,,
"Evening session","2025-06-29 22:49:56",01:02:27,,,"Full Squat",,,80.000,8,,,,NORMAL_SET,,
"Evening session","2025-06-29 22:49:56",01:02:27,,,"Full Squat",,,100.000,8,,,,NORMAL_SET,"3,3","1,3"
"Evening session","2025-06-29 22:49:56",01:02:27,,,"Full Squat",,,100.000,6,,,,NORMAL_SET,,
"Evening session","2025-06-29 22:49:56",01:02:27,,,"Standing Military Press",,,40.000,8,,,,NORMAL_SET,,
"Evening session","2025-06-29 22:49:56",01:02:27,,,"Standing Military Press",,,50.000,6,,,,NORMAL_SET,,
"Evening session","2025-06-29 22:49:56",01:02:27,,,"Standing Military Press",,,50.000,6,,,,NORMAL_SET,,
"Evening session","2025-06-29 22:49:56",01:02:27,,,"Cable One Arm Lateral Raise",,,9.000,8,,,,NORMAL_SET,,
"Evening session","2025-06-29 22:49:56",01:02:27,,,"Cable One Arm Lateral Raise",,,9.000,8,,,,NORMAL_SET,,
"Evening session","2025-06-29 22:49:56",01:02:27,,,"Cable One Arm Lateral Raise",,,14.000,6,,,,NORMAL_SET,"2,2,2","1,2,3"
"Evening session","2025-06-29 22:49:56",01:02:27,,,"Handstand Push-Up",,,66.000,5,,,,NORMAL_SET,,
"Evening session","2025-06-29 22:49:56",01:02:27,,,"Handstand Push-Up",,,66.000,5,,,,NORMAL_SET,,
"Evening session","2025-06-26 22:49:14",01:37:39,,,"Scapular Pull-Up",,,69.000,10,,,,NORMAL_SET,,
"Evening session","2025-06-26 22:49:14",01:37:39,,,"Scapular Pull-Up",,,69.000,8,,,,NORMAL_SET,,
"Evening session","2025-06-26 22:49:14",01:37:39,,,"Scapular Pull-Up",,,69.000,8,,,,NORMAL_SET,,
"Evening session","2025-06-26 22:49:14",01:37:39,,,"Dumbbell Incline Biceps Curl",,,18.000,8,,,,NORMAL_SET,,
"Evening session","2025-06-26 22:49:14",01:37:39,,,"Dumbbell Incline Biceps Curl",,,18.000,8,,,,NORMAL_SET,,
"Evening session","2025-06-26 22:49:14",01:37:39,,,"Dumbbell Incline Biceps Curl",,,18.000,8,,,,NORMAL_SET,,
"Evening session","2025-06-26 22:49:14",01:37:39,,,"Cable Wide Neutral Grip PullDown",,,79.000,8,,,,NORMAL_SET,"3,2,3","2,3,4"
"Evening session","2025-06-26 22:49:14",01:37:39,,,"Cable Wide Neutral Grip PullDown",,,86.000,7,,,,NORMAL_SET,"2,2","1,2"
"Evening session","2025-06-26 22:49:14",01:37:39,,,"Cable Wide Neutral Grip PullDown",,,79.000,8,,,,NORMAL_SET,"3,3","1,3"
"Evening session","2025-06-26 22:49:14",01:37:39,,,"Cable Curl",,,25.000,8,,,,WARMUP_SET,,
"Evening session","2025-06-26 22:49:14",01:37:39,,,"Cable Curl",,,32.000,8,,,,NORMAL_SET,,
"Evening session","2025-06-26 22:49:14",01:37:39,,,"Cable Curl",,,36.000,8,,,,NORMAL_SET,,
"Evening session","2025-06-26 22:49:14",01:37:39,,,"Lever Seated Row",,,52.000,8,,,,NORMAL_SET,,
"Evening session","2025-06-26 22:49:14",01:37:39,,,"Lever Seated Row",,,66.000,8,,,,NORMAL_SET,,
"Evening session","2025-06-26 22:49:14",01:37:39,,,"Lever Seated Row",,,66.000,8,,,,NORMAL_SET,,
"Evening session","2025-06-26 22:49:14",01:37:39,,,"Lever Preacher Curl",,,50.000,8,,,,NORMAL_SET,,
"Evening session","2025-06-26 22:49:14",01:37:39,,,"Lever Preacher Curl",,,54.000,8,,,,NORMAL_SET,,
"Evening session","2025-06-26 22:49:14",01:37:39,,,"Lever Preacher Curl",,,60.000,8,,,,NORMAL_SET,,
"Evening session","2025-06-26 22:49:14",01:37:39,,,"Lever Seated Crunch",,,36.000,8,,,,NORMAL_SET,,
"Evening session","2025-06-26 22:49:14",01:37:39,,,"Lever Seated Crunch",,,36.000,8,,,,NORMAL_SET,,
"Evening session","2025-06-26 22:49:14",01:37:39,,,"Lever Seated Crunch",,,41.000,8,,,,NORMAL_SET,,
"Evening session","2025-06-24 20:20:42",01:27:01,,,"Triceps Pushdown",,,27.000,10,,,,NORMAL_SET,,
"Evening session","2025-06-24 20:20:42",01:27:01,,,"Triceps Pushdown",,,32.000,8,,,,NORMAL_SET,,
"Evening session","2025-06-24 20:20:42",01:27:01,,,"Triceps Pushdown",,,34.000,10,,,,NORMAL_SET,,
"Evening session","2025-06-24 20:20:42",01:27:01,,,"High Pulley Overhead Tricep Extension",,,23.000,10,,,,NORMAL_SET,,
"Evening session","2025-06-24 20:20:42",01:27:01,,,"High Pulley Overhead Tricep Extension",,,25.000,8,,,,NORMAL_SET,,
"Evening session","2025-06-24 20:20:42",01:27:01,,,"High Pulley Overhead Tricep Extension",,,27.000,8,,,,NORMAL_SET,,
"Evening session","2025-06-24 20:20:42",01:27:01,,,"Lever Chest Press",,,80.000,8,,,,NORMAL_SET,,
"Evening session","2025-06-24 20:20:42",01:27:01,,,"Lever Chest Press",,,86.000,8,,,,NORMAL_SET,,
"Evening session","2025-06-24 20:20:42",01:27:01,,,"Lever Chest Press",,,86.000,8,,,,NORMAL_SET,,
"Evening session","2025-06-24 20:20:42",01:27:01,,,"Incline Bench Press",,,32.000,8,,,,NORMAL_SET,,
"Evening session","2025-06-24 20:20:42",01:27:01,,,"Incline Bench Press",,,34.000,8,,,,NORMAL_SET,,
"Evening session","2025-06-24 20:20:42",01:27:01,,,"Incline Bench Press",,,36.000,8,,,,NORMAL_SET,"2,2,2","1,2,3"
"Evening session","2025-06-24 20:20:42",01:27:01,,,"Lever Seated Dip",,,91.000,8,,,,NORMAL_SET,,
"Evening session","2025-06-24 20:20:42",01:27:01,,,"Lever Seated Dip",,,91.000,8,,,,NORMAL_SET,,
"Evening session","2025-06-24 20:20:42",01:27:01,,,"Lever Seated Dip",,,91.000,8,,,,NORMAL_SET,,
"Evening session","2025-06-24 20:20:42",01:27:01,,,"Lever Seated Fly",,,100.000,8,,,,NORMAL_SET,,
"Evening session","2025-06-24 20:20:42",01:27:01,,,"Lever Seated Fly",,,106.000,8,,,,NORMAL_SET,,
"Evening session","2025-06-24 20:20:42",01:27:01,,,"Lever Seated Fly",,,113.000,8,,,,NORMAL_SET,,
"Evening session","2025-06-23 20:16:44",01:19:42,,,"Scapular Pull-Up",,,69.000,10,,,,NORMAL_SET,,
"Evening session","2025-06-23 20:16:44",01:19:42,,,"Scapular Pull-Up",,,69.000,10,,,,NORMAL_SET,,
"Evening session","2025-06-23 20:16:44",01:19:42,,,"Scapular Pull-Up",,,69.000,8,,,,NORMAL_SET,,
"Evening session","2025-06-23 20:16:44",01:19:42,,,"Cable Curl",,,25.000,8,,,,WARMUP_SET,,
"Evening session","2025-06-23 20:16:44",01:19:42,,,"Cable Curl",,,32.000,8,,,,NORMAL_SET,,
"Evening session","2025-06-23 20:16:44",01:19:42,,,"Cable Curl",,,36.000,8,,,,NORMAL_SET,,
"Evening session","2025-06-23 20:16:44",01:19:42,,,"Dumbbell Incline Biceps Curl",,,20.000,8,,,,NORMAL_SET,,
"Evening session","2025-06-23 20:16:44",01:19:42,,,"Dumbbell Incline Biceps Curl",,,20.000,7,,,,NORMAL_SET,,
"Evening session","2025-06-23 20:16:44",01:19:42,,,"Dumbbell Incline Biceps Curl",,,18.000,6,,,,NORMAL_SET,,
"Evening session","2025-06-23 20:16:44",01:19:42,,,"Cable Low Seated Row",,,59.000,8,,,,NORMAL_SET,,
"Evening session","2025-06-23 20:16:44",01:19:42,,,"Cable Low Seated Row",,,66.000,8,,,,NORMAL_SET,"3,3,3","1,2,3"
"Evening session","2025-06-23 20:16:44",01:19:42,,,"Cable Low Seated Row",,,66.000,8,,,,NORMAL_SET,,
"Evening session","2025-06-23 20:16:44",01:19:42,,,"Concentration Curl",,,18.000,8,,,,NORMAL_SET,,
"Evening session","2025-06-23 20:16:44",01:19:42,,,"Concentration Curl",,,18.000,8,,,,NORMAL_SET,,
"Evening session","2025-06-23 20:16:44",01:19:42,,,"Concentration Curl",,,18.000,8,,,,NORMAL_SET,,
"Evening session","2025-06-23 20:16:44",01:19:42,,,"Cable One Arm Lateral Raise",,,9.000,8,,,,NORMAL_SET,,
"Evening session","2025-06-23 20:16:44",01:19:42,,,"Cable One Arm Lateral Raise",,,9.000,8,,,,NORMAL_SET,,
"Evening session","2025-06-23 20:16:44",01:19:42,,,"Cable One Arm Lateral Raise",,,14.000,7,,,,NORMAL_SET,"1,1,1","1,2,3"
"Evening session","2025-06-23 20:16:44",01:19:42,,,"Cable Wide-Grip Lat Pulldown ",,,100.000,4,,,,NORMAL_SET,"3,3","1,2"
"Evening session","2025-06-23 20:16:44",01:19:42,,,"Cable Wide-Grip Lat Pulldown ",,,86.000,8,,,,NORMAL_SET,,
"Evening session","2025-06-22 18:40:22",00:59:29,,,"Full Squat",,,80.000,8,,,,NORMAL_SET,,
"Evening session","2025-06-22 18:40:22",00:59:29,,,"Full Squat",,,80.000,8,,,,NORMAL_SET,,
"Evening session","2025-06-22 18:40:22",00:59:29,,,"Full Squat",,,90.000,8,,,,NORMAL_SET,,
"Evening session","2025-06-22 18:40:22",00:59:29,,,"Lever Leg Extension",,,66.000,10,,,,NORMAL_SET,,
"Evening session","2025-06-22 18:40:22",00:59:29,,,"Lever Leg Extension",,,86.000,8,,,,NORMAL_SET,,
"Evening session","2025-06-22 18:40:22",00:59:29,,,"Lever Leg Extension",,,79.000,8,,,,NORMAL_SET,,
"Evening session","2025-06-22 18:40:22",00:59:29,,,"Cable One Arm Lateral Raise",,,9.000,8,,,,NORMAL_SET,1,1
"Evening session","2025-06-22 18:40:22",00:59:29,,,"Cable One Arm Lateral Raise",,,9.000,8,,,,NORMAL_SET,,
"Evening session","2025-06-22 18:40:22",00:59:29,,,"Cable One Arm Lateral Raise",,,9.000,8,,,,NORMAL_SET,,
"Evening session","2025-06-22 18:40:22",00:59:29,,,"Lever Seated Crunch",,,36.000,8,,,,NORMAL_SET,,
"Evening session","2025-06-22 18:40:22",00:59:29,,,"Lever Seated Crunch",,,36.000,8,,,,NORMAL_SET,,
"Evening session","2025-06-22 18:40:22",00:59:29,,,"Lever Seated Crunch",,,41.000,8,,,,NORMAL_SET,,
"Evening session","2025-06-22 18:40:22",00:59:29,,,"Handstand Push-Up",,,66.000,5,,,,NORMAL_SET,"3,3,3","1,3,4"
"Evening session","2025-06-22 18:40:22",00:59:29,,,"Handstand Push-Up",,,66.000,5,,,,NORMAL_SET,,
"Evening session","2025-06-22 18:40:22",00:59:29,,,"Handstand Push-Up",,,66.000,5,,,,NORMAL_SET,,
"Evening session","2025-06-20 17:04:21",01:56:38,,,"Cable Pushdown ",,,24.000,8,,,,NORMAL_SET,,
"Evening session","2025-06-20 17:04:21",01:56:38,,,"Cable Pushdown ",,,29.500,8,,,,NORMAL_SET,,
"Evening session","2025-06-20 17:04:21",01:56:38,,,"Cable Pushdown ",,,29.500,8,,,,NORMAL_SET,,
"Evening session","2025-06-20 17:04:21",01:56:38,,,"High Pulley Overhead Tricep Extension",,,23.000,10,,,,NORMAL_SET,,
"Evening session","2025-06-20 17:04:21",01:56:38,,,"High Pulley Overhead Tricep Extension",,,25.000,8,,,,NORMAL_SET,,
"Evening session","2025-06-20 17:04:21",01:56:38,,,"High Pulley Overhead Tricep Extension",,,25.000,8,,,,NORMAL_SET,,
"Evening session","2025-06-20 17:04:21",01:56:38,,,"Cable Curl",,,32.000,8,,,,WARMUP_SET,,
"Evening session","2025-06-20 17:04:21",01:56:38,,,"Cable Curl",,,25.000,8,,,,NORMAL_SET,,
"Evening session","2025-06-20 17:04:21",01:56:38,,,"Cable Curl",,,36.000,8,,,,NORMAL_SET,,
"Evening session","2025-06-20 17:04:21",01:56:38,,,"Dumbbell Incline Biceps Curl",,,20.000,8,,,,NORMAL_SET,,
"Evening session","2025-06-20 17:04:21",01:56:38,,,"Dumbbell Incline Biceps Curl",,,20.000,8,,,,NORMAL_SET,,
"Evening session","2025-06-20 17:04:21",01:56:38,,,"Dumbbell Incline Biceps Curl",,,20.000,6,,,,NORMAL_SET,,
"Evening session","2025-06-20 17:04:21",01:56:38,,,"Standing Military Press",,,40.000,8,,,,NORMAL_SET,,
"Evening session","2025-06-20 17:04:21",01:56:38,,,"Standing Military Press",,,45.000,8,,,,NORMAL_SET,3,3
"Evening session","2025-06-20 17:04:21",01:56:38,,,"Standing Military Press",,,50.000,6,,,,NORMAL_SET,,
"Evening session","2025-06-20 17:04:21",01:56:38,,,"Lever Seated Crunch",,,36.000,8,,,,NORMAL_SET,,
"Evening session","2025-06-20 17:04:21",01:56:38,,,"Lever Seated Crunch",,,36.000,8,,,,NORMAL_SET,,
"Evening session","2025-06-20 17:04:21",01:56:38,,,"Lever Seated Crunch",,,41.000,8,,,,NORMAL_SET,"3,3,3","1,2,3"
"Evening session","2025-06-17 21:36:21",01:34:41,,,"Scapular Pull-Up",,,69.000,10,,,,NORMAL_SET,,
"Evening session","2025-06-17 21:36:21",01:34:41,,,"Scapular Pull-Up",,,69.000,10,,,,NORMAL_SET,,
"Evening session","2025-06-17 21:36:21",01:34:41,,,"Scapular Pull-Up",,,69.000,8,,,,NORMAL_SET,,
"Evening session","2025-06-17 21:36:21",01:34:41,,,"Incline Bench Press",,,32.000,8,,,,NORMAL_SET,,
"Evening session","2025-06-17 21:36:21",01:34:41,,,"Incline Bench Press",,,36.000,8,,,,NORMAL_SET,"1,1,1","1,2,3"
"Evening session","2025-06-17 21:36:21",01:34:41,,,"Incline Bench Press",,,32.000,8,,,,NORMAL_SET,,
"Evening session","2025-06-17 21:36:21",01:34:41,,,"Cable Wide-Grip Lat Pulldown ",,,79.000,8,,,,NORMAL_SET,,
"Evening session","2025-06-17 21:36:21",01:34:41,,,"Cable Wide-Grip Lat Pulldown ",,,86.000,8,,,,NORMAL_SET,,
"Evening session","2025-06-17 21:36:21",01:34:41,,,"Cable Wide-Grip Lat Pulldown ",,,100.000,4,,,,NORMAL_SET,"2,2","1,2"
"Evening session","2025-06-17 21:36:21",01:34:41,,,"Bench Press",,,60.000,8,,,,NORMAL_SET,,
"Evening session","2025-06-17 21:36:21",01:34:41,,,"Bench Press",,,80.000,8,,,,NORMAL_SET,2,3
"Evening session","2025-06-17 21:36:21",01:34:41,,,"Bench Press",,,100.000,1,,,,NORMAL_SET,3,2
"Evening session","2025-06-17 21:36:21",01:34:41,,,"Lever Seated Fly",,,100.000,8,,,,NORMAL_SET,,
"Evening session","2025-06-17 21:36:21",01:34:41,,,"Lever Seated Fly",,,100.000,8,,,,NORMAL_SET,,
"Evening session","2025-06-17 21:36:21",01:34:41,,,"Lever Seated Fly",,,113.000,8,,,,NORMAL_SET,"3,3,3","1,2,3"
"Evening session","2025-06-17 21:36:21",01:34:41,,,"Cable Low Seated Row",,,59.000,8,,,,NORMAL_SET,3,4
"Evening session","2025-06-17 21:36:21",01:34:41,,,"Cable Low Seated Row",,,66.000,8,,,,NORMAL_SET,"1,1,1","1,2,3"
"Evening session","2025-06-17 21:36:21",01:34:41,,,"Cable Low Seated Row",,,66.000,8,,,,NORMAL_SET,"2,2,2","1,2,3"
"Evening session","2025-06-16 19:42:06",01:41:11,,,"Dips between Chairs",,,69.000,10,,,,NORMAL_SET,,
"Evening session","2025-06-16 19:42:06",01:41:11,,,"Dips between Chairs",,,69.000,10,,,,NORMAL_SET,,
"Evening session","2025-06-16 19:42:06",01:41:11,,,"Dips between Chairs",,,69.000,10,,,,NORMAL_SET,,
"Evening session","2025-06-16 19:42:06",01:41:11,,,"Dumbbell Incline Biceps Curl",,,20.000,8,,,,NORMAL_SET,,
"Evening session","2025-06-16 19:42:06",01:41:11,,,"Dumbbell Incline Biceps Curl",,,20.000,8,,,,NORMAL_SET,,
"Evening session","2025-06-16 19:42:06",01:41:11,,,"Dumbbell Incline Biceps Curl",,,20.000,6,,,,NORMAL_SET,,
"Evening session","2025-06-16 19:42:06",01:41:11,,,"High Pulley Overhead Tricep Extension",,,20.000,10,,,,NORMAL_SET,,
"Evening session","2025-06-16 19:42:06",01:41:11,,,"High Pulley Overhead Tricep Extension",,,25.000,10,,,,NORMAL_SET,,
"Evening session","2025-06-16 19:42:06",01:41:11,,,"High Pulley Overhead Tricep Extension",,,27.000,10,,,,NORMAL_SET,,
"Evening session","2025-06-16 19:42:06",01:41:11,,,"Cable Curl",,,32.000,8,,,,WARMUP_SET,,
"Evening session","2025-06-16 19:42:06",01:41:11,,,"Cable Curl",,,34.000,8,,,,NORMAL_SET,,
"Evening session","2025-06-16 19:42:06",01:41:11,,,"Cable Curl",,,34.000,8,,,,NORMAL_SET,,
"Evening session","2025-06-16 19:42:06",01:41:11,,,"Standing Military Press",,,40.000,8,,,,NORMAL_SET,,
"Evening session","2025-06-16 19:42:06",01:41:11,,,"Standing Military Press",,,45.000,8,,,,NORMAL_SET,2,3
"Evening session","2025-06-16 19:42:06",01:41:11,,,"Standing Military Press",,,50.000,6,,,,NORMAL_SET,,
"Evening session","2025-06-16 19:42:06",01:41:11,,,"Lever Seated Crunch",,,32.000,8,,,,NORMAL_SET,,
"Evening session","2025-06-16 19:42:06",01:41:11,,,"Lever Seated Crunch",,,36.000,8,,,,NORMAL_SET,"3,3,3","1,2,3"
"Evening session","2025-06-16 19:42:06",01:41:11,,,"Lever Seated Crunch",,,36.000,8,,,,NORMAL_SET,,
"Evening session","2025-06-16 19:42:06",01:41:11,,,"Lever Seated Crunch",,,36.000,8,,,,NORMAL_SET,,
"Evening session","2025-06-16 19:42:06",01:41:11,,,"Concentration Curl",,,20.000,8,,,,NORMAL_SET,,
"Evening session","2025-06-16 19:42:06",01:41:11,,,"Concentration Curl",,,20.000,8,,,,NORMAL_SET,,
"Evening session","2025-06-16 19:42:06",01:41:11,,,"Concentration Curl",,,20.000,8,,,,NORMAL_SET,,
"Evening session","2025-06-15 20:18:40",00:37:32,,,"Lever Leg Extension",,,79.000,10,,,,NORMAL_SET,,
"Evening session","2025-06-15 20:18:40",00:37:32,,,"Lever Leg Extension",,,86.000,8,,,,NORMAL_SET,,
"Evening session","2025-06-15 20:18:40",00:37:32,,,"Lever Leg Extension",,,90.000,8,,,,NORMAL_SET,"3,3","1,2"
"Evening session","2025-06-15 20:18:40",00:37:32,,,"Standing Military Press",,,40.000,8,,,,NORMAL_SET,,
"Evening session","2025-06-15 20:18:40",00:37:32,,,"Standing Military Press",,,50.000,8,,,,NORMAL_SET,"1,1","1,3"
"Evening session","2025-06-15 20:18:40",00:37:32,,,"Standing Military Press",,,50.000,6,,,,NORMAL_SET,,
"Evening session","2025-06-15 20:18:40",00:37:32,,,"Full Squat",,,80.000,8,,,,NORMAL_SET,,
"Evening session","2025-06-15 20:18:40",00:37:32,,,"Full Squat",,,80.000,8,,,,NORMAL_SET,,
"Evening session","2025-06-15 20:18:40",00:37:32,,,"Full Squat",,,80.000,8,,,,NORMAL_SET,,
"Evening session","2025-06-12 20:24:51",01:19:10,,,Pull-up,,,69.000,8,,,,NORMAL_SET,,
"Evening session","2025-06-12 20:24:51",01:19:10,,,Pull-up,,,69.000,8,,,,NORMAL_SET,,
"Evening session","2025-06-12 20:24:51",01:19:10,,,Pull-up,,,69.000,8,,,,NORMAL_SET,,
"Evening session","2025-06-12 20:24:51",01:19:10,,,"Dumbbell Incline Biceps Curl",,,22.000,6,,,,NORMAL_SET,,
"Evening session","2025-06-12 20:24:51",01:19:10,,,"Dumbbell Incline Biceps Curl",,,22.000,5,,,,NORMAL_SET,,
"Evening session","2025-06-12 20:24:51",01:19:10,,,"Dumbbell Incline Biceps Curl",,,20.000,6,,,,NORMAL_SET,,
"Evening session","2025-06-12 20:24:51",01:19:10,,,"Lever Seated Row",,,66.000,8,,,,NORMAL_SET,,
"Evening session","2025-06-12 20:24:51",01:19:10,,,"Lever Seated Row",,,66.000,8,,,,NORMAL_SET,,
"Evening session","2025-06-12 20:24:51",01:19:10,,,"Lever Seated Row",,,66.000,8,,,,NORMAL_SET,,
"Evening session","2025-06-12 20:24:51",01:19:10,,,"Cable Curl",,,34.000,8,,,,WARMUP_SET,,
"Evening session","2025-06-12 20:24:51",01:19:10,,,"Cable Curl",,,36.000,8,,,,NORMAL_SET,,
"Evening session","2025-06-12 20:24:51",01:19:10,,,"Cable Curl",,,34.000,8,,,,NORMAL_SET,,
"Evening session","2025-06-12 20:24:51",01:19:10,,,"Cable Pushdown ",,,20.000,8,,,,NORMAL_SET,,
"Evening session","2025-06-12 20:24:51",01:19:10,,,"Cable Pushdown ",,,30.000,8,,,,NORMAL_SET,2,2
"Evening session","2025-06-12 20:24:51",01:19:10,,,"Cable Pushdown ",,,30.000,10,,,,NORMAL_SET,"2,3,2,1","1,2,3,4"
"Evening session","2025-06-12 20:24:51",01:19:10,,,"Concentration Curl",,,18.000,8,,,,NORMAL_SET,,
"Evening session","2025-06-12 20:24:51",01:19:10,,,"Concentration Curl",,,18.000,8,,,,NORMAL_SET,,
"Evening session","2025-06-12 20:24:51",01:19:10,,,"Concentration Curl",,,18.000,8,,,,NORMAL_SET,,
"Evening session","2025-06-09 21:39:35",01:02:29,,,"Lever Seated Fly",,,80.000,8,,,,NORMAL_SET,,
"Evening session","2025-06-09 21:39:35",01:02:29,,,"Lever Seated Fly",,,100.000,8,,,,NORMAL_SET,,
"Evening session","2025-06-09 21:39:35",01:02:29,,,"Lever Seated Fly",,,113.000,8,,,,NORMAL_SET,"2,2,2","1,2,3"
"Evening session","2025-06-09 21:39:35",01:02:29,,,"Triceps Pushdown",,,27.000,10,,,,NORMAL_SET,,
"Evening session","2025-06-09 21:39:35",01:02:29,,,"Triceps Pushdown",,,32.000,8,,,,NORMAL_SET,,
"Evening session","2025-06-09 21:39:35",01:02:29,,,"Triceps Pushdown",,,32.000,8,,,,NORMAL_SET,,
"Evening session","2025-06-09 21:39:35",01:02:29,,,"Incline Bench Press",,,32.000,8,,,,NORMAL_SET,"2,2,2","1,2,3"
"Evening session","2025-06-09 21:39:35",01:02:29,,,"Incline Bench Press",,,32.000,8,,,,NORMAL_SET,"3,3,3","1,2,3"
"Evening session","2025-06-09 21:39:35",01:02:29,,,"Incline Bench Press",,,32.000,8,,,,NORMAL_SET,,
"Evening session","2025-06-09 21:39:35",01:02:29,,,"Dips between Chairs",,,70.000,10,,,,NORMAL_SET,,
"Evening session","2025-06-09 21:39:35",01:02:29,,,"Dips between Chairs",,,70.000,10,,,,NORMAL_SET,,
"Evening session","2025-06-09 21:39:35",01:02:29,,,"Dips between Chairs",,,70.000,10,,,,NORMAL_SET,,
"Evening session","2025-06-09 21:39:35",01:02:29,,,"Lever Chest Press",,,80.000,8,,,,NORMAL_SET,,
"Evening session","2025-06-09 21:39:35",01:02:29,,,"Lever Chest Press",,,86.000,8,,,,NORMAL_SET,,
"Evening session","2025-06-09 21:39:35",01:02:29,,,"Lever Chest Press",,,86.000,8,,,,NORMAL_SET,,
"Evening session","2025-06-09 21:39:35",01:02:29,,,"Lever Seated Dip",,,91.000,10,,,,NORMAL_SET,,
"Evening session","2025-06-09 21:39:35",01:02:29,,,"Lever Seated Dip",,,91.000,10,,,,NORMAL_SET,,
"Evening session","2025-06-09 21:39:35",01:02:29,,,"Lever Seated Dip",,,91.000,10,,,,NORMAL_SET,,
"Evening session","2025-06-05 23:04:48",01:26:26,,,"Scapular Pull-Up",,,69.000,10,,,,NORMAL_SET,"3,3","1,3"
"Evening session","2025-06-05 23:04:48",01:26:26,,,"Scapular Pull-Up",,,69.000,10,,,,NORMAL_SET,,
"Evening session","2025-06-05 23:04:48",01:26:26,,,"Scapular Pull-Up",,,69.000,9,,,,NORMAL_SET,,
"Evening session","2025-06-05 23:04:48",01:26:26,,,"Incline Bench Press",,,30.000,8,,,,NORMAL_SET,,
"Evening session","2025-06-05 23:04:48",01:26:26,,,"Incline Bench Press",,,32.000,8,,,,NORMAL_SET,,
"Evening session","2025-06-05 23:04:48",01:26:26,,,"Incline Bench Press",,,34.000,8,,,,NORMAL_SET,"1,1,1","1,2,3"
"Evening session","2025-06-05 23:04:48",01:26:26,,,"Cable Pushdown ",,,24.000,8,,,,NORMAL_SET,,
"Evening session","2025-06-05 23:04:48",01:26:26,,,"Cable Pushdown ",,,29.500,8,,,,NORMAL_SET,,
"Evening session","2025-06-05 23:04:48",01:26:26,,,"Cable Pushdown ",,,29.500,8,,,,NORMAL_SET,,
"Evening session","2025-06-05 23:04:48",01:26:26,,,"Lever Preacher Curl",,,60.000,10,,,,NORMAL_SET,"2,3","3,4"
"Evening session","2025-06-05 23:04:48",01:26:26,,,"Lever Preacher Curl",,,60.000,10,,,,NORMAL_SET,"3,3,3","1,2,3"
"Evening session","2025-06-05 23:04:48",01:26:26,,,"Lever Preacher Curl",,,64.000,8,,,,NORMAL_SET,"2,2","1,2"
"Evening session","2025-06-05 23:04:48",01:26:26,,,"Standing Military Press",,,50.000,5,,,,NORMAL_SET,,
"Evening session","2025-06-05 23:04:48",01:26:26,,,"Standing Military Press",,,40.000,8,,,,NORMAL_SET,,
"Evening session","2025-06-05 23:04:48",01:26:26,,,"Standing Military Press",,,50.000,6,,,,NORMAL_SET,,
"Evening session","2025-06-04 20:26:19",01:04:59,,,"Lever Seated Dip",,,91.000,10,,,,NORMAL_SET,,
"Evening session","2025-06-04 20:26:19",01:04:59,,,"Lever Seated Dip",,,91.000,10,,,,NORMAL_SET,,
"Evening session","2025-06-04 20:26:19",01:04:59,,,"Lever Seated Dip",,,91.000,10,,,,NORMAL_SET,,
"Evening session","2025-06-04 20:26:19",01:04:59,,,"Incline Bench Press",,,28.000,8,,,,NORMAL_SET,,
"Evening session","2025-06-04 20:26:19",01:04:59,,,"Incline Bench Press",,,30.000,8,,,,NORMAL_SET,"2,2,2","1,2,3"
"Evening session","2025-06-04 20:26:19",01:04:59,,,"Incline Bench Press",,,30.000,8,,,,NORMAL_SET,"3,3,3","1,2,3"
"Evening session","2025-06-04 20:26:19",01:04:59,,,"Triceps Pushdown",,,27.000,10,,,,NORMAL_SET,,
"Evening session","2025-06-04 20:26:19",01:04:59,,,"Triceps Pushdown",,,32.000,8,,,,NORMAL_SET,,
"Evening session","2025-06-04 20:26:19",01:04:59,,,"Triceps Pushdown",,,38.000,8,,,,NORMAL_SET,,
"Evening session","2025-06-04 20:26:19",01:04:59,,,"Lever Seated Fly",,,80.000,8,,,,NORMAL_SET,,
"Evening session","2025-06-04 20:26:19",01:04:59,,,"Lever Seated Fly",,,100.000,8,,,,NORMAL_SET,,
"Evening session","2025-06-04 20:26:19",01:04:59,,,"Lever Seated Fly",,,100.000,8,,,,NORMAL_SET,,
"Evening session","2025-06-04 20:26:19",01:04:59,,,"Dips between Chairs",,,70.000,10,,,,NORMAL_SET,,
"Evening session","2025-06-04 20:26:19",01:04:59,,,"Dips between Chairs",,,70.000,10,,,,NORMAL_SET,,
"Evening session","2025-06-04 20:26:19",01:04:59,,,"Dips between Chairs",,,70.000,10,,,,NORMAL_SET,,
"Evening session","2025-06-04 20:26:19",01:04:59,,,"Bench Press",,,60.000,8,,,,NORMAL_SET,,
"Evening session","2025-06-04 20:26:19",01:04:59,,,"Bench Press",,,80.000,5,,,,NORMAL_SET,,
"Evening session","2025-06-04 20:26:19",01:04:59,,,"Bench Press",,,80.000,6,,,,NORMAL_SET,,
"Evening session","2025-06-03 20:39:38",01:16:31,,,"Dips between Chairs",,,70.000,10,,,,NORMAL_SET,,
"Evening session","2025-06-03 20:39:38",01:16:31,,,"Dips between Chairs",,,70.000,10,,,,NORMAL_SET,,
"Evening session","2025-06-03 20:39:38",01:16:31,,,"Dips between Chairs",,,70.000,10,,,,NORMAL_SET,,
"Evening session","2025-06-03 20:39:38",01:16:31,,,"Lever Seated Row ",,,79.000,8,,,,NORMAL_SET,,
"Evening session","2025-06-03 20:39:38",01:16:31,,,"Lever Seated Row ",,,86.000,8,,,,NORMAL_SET,,
"Evening session","2025-06-03 20:39:38",01:16:31,,,"Lever Seated Row ",,,86.000,8,,,,NORMAL_SET,,
"Evening session","2025-06-03 20:39:38",01:16:31,,,"Cable Pushdown ",,,24.000,8,,,,NORMAL_SET,,
"Evening session","2025-06-03 20:39:38",01:16:31,,,"Cable Pushdown ",,,29.500,8,,,,NORMAL_SET,,
"Evening session","2025-06-03 20:39:38",01:16:31,,,"Cable Pushdown ",,,33.600,7,,,,NORMAL_SET,,
"Evening session","2025-06-03 20:39:38",01:16:31,,,"Lever Seated Shoulder Press",,,64.000,8,,,,NORMAL_SET,"1,1,1","1,2,3"
"Evening session","2025-06-03 20:39:38",01:16:31,,,"Lever Seated Shoulder Press",,,41.000,8,,,,NORMAL_SET,,
"Evening session","2025-06-03 20:39:38",01:16:31,,,"Lever Seated Shoulder Press",,,41.000,8,,,,NORMAL_SET,,
"Evening session","2025-06-03 20:39:38",01:16:31,,,"Biceps Curl",,,20.000,6,,,,NORMAL_SET,,
"Evening session","2025-06-03 20:39:38",01:16:31,,,"Biceps Curl",,,20.000,6,,,,NORMAL_SET,,
"Evening session","2025-06-03 20:39:38",01:16:31,,,"Biceps Curl",,,20.000,6,,,,NORMAL_SET,,
"Evening session","2025-06-03 20:39:38",01:16:31,,,Pull-up,,,69.000,8,,,,NORMAL_SET,,
"Evening session","2025-06-03 20:39:38",01:16:31,,,Pull-up,,,69.000,8,,,,NORMAL_SET,,
"Evening session","2025-06-03 20:39:38",01:16:31,,,Pull-up,,,69.000,8,,,,NORMAL_SET,,
"Evening session","2025-05-29 17:27:59",01:53:54,,,"Bench Press",,,60.000,10,,,,NORMAL_SET,3,4
"Evening session","2025-05-29 17:27:59",01:53:54,,,"Bench Press",,,80.000,8,,,,NORMAL_SET,1,3
"Evening session","2025-05-29 17:27:59",01:53:54,,,"Bench Press",,,100.000,2,,,,NORMAL_SET,2,2
"Evening session","2025-05-29 17:27:59",01:53:54,,,"Triceps Pushdown",,,27.000,10,,,,NORMAL_SET,,
"Evening session","2025-05-29 17:27:59",01:53:54,,,"Triceps Pushdown",,,32.000,8,,,,NORMAL_SET,,
"Evening session","2025-05-29 17:27:59",01:53:54,,,"Triceps Pushdown",,,38.000,8,,,,NORMAL_SET,,
"Evening session","2025-05-29 17:27:59",01:53:54,,,"Standing Military Press",,,40.000,8,,,,NORMAL_SET,,
"Evening session","2025-05-29 17:27:59",01:53:54,,,"Standing Military Press",,,40.000,8,,,,NORMAL_SET,,
"Evening session","2025-05-29 17:27:59",01:53:54,,,"Standing Military Press",,,50.000,4,,,,NORMAL_SET,,
"Evening session","2025-05-29 17:27:59",01:53:54,,,"Cable Standing Alternate Chest Fly",,,13.000,8,,,,NORMAL_SET,,
"Evening session","2025-05-29 17:27:59",01:53:54,,,"Cable Standing Alternate Chest Fly",,,15.000,8,,,,NORMAL_SET,,
"Evening session","2025-05-29 17:27:59",01:53:54,,,"Cable Standing Alternate Chest Fly",,,18.000,8,,,,NORMAL_SET,1,1
"Evening session","2025-05-29 17:27:59",01:53:54,,,"High Pulley Overhead Tricep Extension",,,20.000,10,,,,NORMAL_SET,3,4
"Evening session","2025-05-29 17:27:59",01:53:54,,,"High Pulley Overhead Tricep Extension",,,20.000,10,,,,NORMAL_SET,,
"Evening session","2025-05-29 17:27:59",01:53:54,,,"High Pulley Overhead Tricep Extension",,,24.000,10,,,,NORMAL_SET,,
"Evening session","2025-05-28 19:48:05",01:52:39,,,"Full Squat",,,80.000,8,,,,NORMAL_SET,,
"Evening session","2025-05-28 19:48:05",01:52:39,,,"Full Squat",,,80.000,8,,,,NORMAL_SET,,
"Evening session","2025-05-28 19:48:05",01:52:39,,,"Full Squat",,,90.000,8,,,,NORMAL_SET,"3,3","1,3"
"Evening session","2025-05-28 19:48:05",01:52:39,,,"Lever Leg Extension",,,79.000,10,,,,NORMAL_SET,,
"Evening session","2025-05-28 19:48:05",01:52:39,,,"Lever Leg Extension",,,86.000,10,,,,NORMAL_SET,,
"Evening session","2025-05-28 19:48:05",01:52:39,,,"Lever Leg Extension",,,90.000,10,,,,NORMAL_SET,"2,2,2","1,2,3"
"Evening session","2025-05-28 19:48:05",01:52:39,,,"Standing Military Press",,,30.000,8,,,,NORMAL_SET,,
"Evening session","2025-05-28 19:48:05",01:52:39,,,"Standing Military Press",,,40.000,8,,,,NORMAL_SET,,
"Evening session","2025-05-28 19:48:05",01:52:39,,,"Lever Seated Hip Abduction",,,45.000,8,,,,NORMAL_SET,1,1
"Evening session","2025-05-28 19:48:05",01:52:39,,,"Lever Seated Hip Abduction",,,45.000,8,,,,NORMAL_SET,,
"Evening session","2025-05-28 19:48:05",01:52:39,,,"Lever Seated Hip Abduction",,,32.000,8,,,,NORMAL_SET,,
"Evening session","2025-05-28 19:48:05",01:52:39,,,"Lever Seated Calf Raise",,,40.000,10,,,,NORMAL_SET,,
"Evening session","2025-05-28 19:48:05",01:52:39,,,"Lever Seated Calf Raise",,,60.000,10,,,,NORMAL_SET,"3,3","1,3"
"Evening session","2025-05-28 19:48:05",01:52:39,,,"Lever Seated Calf Raise",,,60.000,10,,,,NORMAL_SET,,
"Evening session","2025-05-28 19:48:05",01:52:39,,,"Lever Seated Hip Abduction",,,32.000,8,,,,NORMAL_SET,,
"Evening session","2025-05-28 19:48:05",01:52:39,,,"Lever Seated Hip Abduction",,,32.000,8,,,,NORMAL_SET,,
"Evening session","2025-05-28 19:48:05",01:52:39,,,"Lever Seated Hip Abduction",,,32.000,8,,,,NORMAL_SET,,
"Evening session","2025-05-28 19:48:05",01:52:39,,,"Sled Hack Squat ",,,60.000,8,,,,NORMAL_SET,,
"Evening session","2025-05-28 19:48:05",01:52:39,,,"Sled Hack Squat ",,,80.000,8,,,,NORMAL_SET,1,1
"Evening session","2025-05-28 19:48:05",01:52:39,,,"Sled Hack Squat ",,,80.000,8,,,,NORMAL_SET,,
"Evening session","2025-05-27 19:28:40",01:53:07,,,"Scapular Pull-Up",,,69.000,10,,,,NORMAL_SET,"1,1,1","1,2,3"
"Evening session","2025-05-27 19:28:40",01:53:07,,,"Scapular Pull-Up",,,69.000,10,,,,NORMAL_SET,"2,2,2","1,2,3"
"Evening session","2025-05-27 19:28:40",01:53:07,,,"Scapular Pull-Up",,,69.000,9,,,,NORMAL_SET,"3,3","1,2"
"Evening session","2025-05-27 19:28:40",01:53:07,,,"Biceps Curl",,,22.000,5,,,,NORMAL_SET,,
"Evening session","2025-05-27 19:28:40",01:53:07,,,"Biceps Curl",,,22.000,5,,,,NORMAL_SET,,
"Evening session","2025-05-27 19:28:40",01:53:07,,,"Biceps Curl",,,22.000,5,,,,NORMAL_SET,,
"Evening session","2025-05-27 19:28:40",01:53:07,,,"Cable Wide Neutral Grip PullDown",,,79.000,8,,,,NORMAL_SET,,
"Evening session","2025-05-27 19:28:40",01:53:07,,,"Cable Wide Neutral Grip PullDown",,,86.000,8,,,,NORMAL_SET,1,1
"Evening session","2025-05-27 19:28:40",01:53:07,,,"Cable Wide Neutral Grip PullDown",,,79.000,7,,,,NORMAL_SET,,
"Evening session","2025-05-27 19:28:40",01:53:07,,,"Dumbbell Incline Biceps Curl",,,20.000,8,,,,NORMAL_SET,,
"Evening session","2025-05-27 19:28:40",01:53:07,,,"Dumbbell Incline Biceps Curl",,,20.000,8,,,,NORMAL_SET,,
"Evening session","2025-05-27 19:28:40",01:53:07,,,"Dumbbell Incline Biceps Curl",,,18.000,8,,,,NORMAL_SET,,
"Evening session","2025-05-27 19:28:40",01:53:07,,,"Lever Seated Row ",,,79.000,8,,,,NORMAL_SET,,
"Evening session","2025-05-27 19:28:40",01:53:07,,,"Lever Seated Row ",,,86.000,8,,,,NORMAL_SET,,
"Evening session","2025-05-27 19:28:40",01:53:07,,,"Lever Seated Row ",,,86.000,8,,,,NORMAL_SET,,
"Evening session","2025-05-27 19:28:40",01:53:07,,,"Cable Curl",,,34.000,8,,,,WARMUP_SET,,
"Evening session","2025-05-27 19:28:40",01:53:07,,,"Cable Curl",,,36.500,6,,,,NORMAL_SET,,
"Evening session","2025-05-27 19:28:40",01:53:07,,,"Cable Curl",,,41.000,6,,,,NORMAL_SET,,
"Evening session","2025-05-27 19:28:40",01:53:07,,,"Jump Rope",,,,,,,01:30,NORMAL_SET,,
"Evening session","2025-05-27 19:28:40",01:53:07,,,"Jump Rope",,,,,,,01:30,NORMAL_SET,,
"Evening session","2025-05-27 19:28:40",01:53:07,,,"Jump Rope",,,,,,,01:30,NORMAL_SET,,
"Evening session","2025-05-27 19:28:40",01:53:07,,,"Jump Rope",,,,,,,01:30,NORMAL_SET,,
"Evening session","2025-05-26 21:20:11",00:59:21,,,"Bench Press",,,60.000,8,,,,NORMAL_SET,,
"Evening session","2025-05-26 21:20:11",00:59:21,,,"Bench Press",,,80.000,6,,,,NORMAL_SET,,
"Evening session","2025-05-26 21:20:11",00:59:21,,,"Bench Press",,,80.000,6,,,,NORMAL_SET,,
"Evening session","2025-05-26 21:20:11",00:59:21,,,"Lever Seated Dip",,,91.000,10,,,,NORMAL_SET,,
"Evening session","2025-05-26 21:20:11",00:59:21,,,"Lever Seated Dip",,,91.000,10,,,,NORMAL_SET,,
"Evening session","2025-05-26 21:20:11",00:59:21,,,"Lever Seated Dip",,,91.000,10,,,,NORMAL_SET,,
"Evening session","2025-05-26 21:20:11",00:59:21,,,"Lever Chest Press",,,80.000,8,,,,NORMAL_SET,,
"Evening session","2025-05-26 21:20:11",00:59:21,,,"Lever Chest Press",,,80.000,8,,,,NORMAL_SET,,
"Evening session","2025-05-26 21:20:11",00:59:21,,,"Lever Chest Press",,,80.000,8,,,,NORMAL_SET,,
"Evening session","2025-05-26 21:20:11",00:59:21,,,"Triceps Pushdown",,,59.000,10,,,,NORMAL_SET,,
"Evening session","2025-05-26 21:20:11",00:59:21,,,"Triceps Pushdown",,,64.000,8,,,,NORMAL_SET,,
"Evening session","2025-05-26 21:20:11",00:59:21,,,"Triceps Pushdown",,,77.000,8,,,,NORMAL_SET,2,1
"Evening session","2025-05-25 21:14:52",01:24:57,,,"Lever Seated Leg Press",,,134.000,8,,,,NORMAL_SET,,
"Evening session","2025-05-25 21:14:52",01:24:57,,,"Lever Seated Leg Press",,,134.000,8,,,,NORMAL_SET,,
"Evening session","2025-05-25 21:14:52",01:24:57,,,"Lever Seated Leg Press",,,134.000,8,,,,NORMAL_SET,,
"Evening session","2025-05-25 21:14:52",01:24:57,,,"Standing Military Press",,,40.000,8,,,,NORMAL_SET,,
"Evening session","2025-05-25 21:14:52",01:24:57,,,"Standing Military Press",,,40.000,8,,,,NORMAL_SET,,
"Evening session","2025-05-25 21:14:52",01:24:57,,,"Standing Military Press",,,45.000,7,,,,NORMAL_SET,,
"Evening session","2025-05-25 21:14:52",01:24:57,,,"Full Squat",,,80.000,8,,,,NORMAL_SET,,
"Evening session","2025-05-25 21:14:52",01:24:57,,,"Full Squat",,,90.000,8,,,,NORMAL_SET,,
"Evening session","2025-05-25 21:14:52",01:24:57,,,"Full Squat",,,100.000,8,,,,NORMAL_SET,"2,3,2","1,2,3"
"Evening session","2025-05-25 21:14:52",01:24:57,,,"Lever Seated Reverse Fly",,,66.000,10,,,,NORMAL_SET,,
"Evening session","2025-05-25 21:14:52",01:24:57,,,"Lever Seated Reverse Fly",,,73.000,10,,,,NORMAL_SET,"3,3,3","1,2,3"
"Evening session","2025-05-25 21:14:52",01:24:57,,,"Lever Seated Reverse Fly",,,73.000,10,,,,NORMAL_SET,,
"Evening session","2025-05-25 21:14:52",01:24:57,,,"Lever Seated Calf Raise",,,40.000,10,,,,NORMAL_SET,,
"Evening session","2025-05-25 21:14:52",01:24:57,,,"Lever Seated Calf Raise",,,60.000,10,,,,NORMAL_SET,"1,2,1","1,2,3"
"Evening session","2025-05-25 21:14:52",01:24:57,,,"Lever Seated Calf Raise",,,60.000,10,,,,NORMAL_SET,"2,3,2","1,2,3"
"Evening session","2025-05-25 21:14:52",01:24:57,,,"Handstand Push-Up",,,66.000,5,,,,NORMAL_SET,1,1
"Evening session","2025-05-25 21:14:52",01:24:57,,,"Handstand Push-Up",,,66.000,5,,,,NORMAL_SET,,
"Evening session","2025-05-25 21:14:52",01:24:57,,,"Handstand Push-Up",,,66.000,2,,,,NORMAL_SET,,
"Evening session","2025-05-25 21:14:52",01:24:57,,,"Triceps Pushdown",,,59.000,10,,,,NORMAL_SET,,
"Evening session","2025-05-25 21:14:52",01:24:57,,,"Triceps Pushdown",,,64.000,8,,,,NORMAL_SET,,
"Evening session","2025-05-25 21:14:52",01:24:57,,,"Triceps Pushdown",,,77.000,5,,,,NORMAL_SET,3,2
"Evening session","2025-05-25 21:14:52",01:24:57,,,"Dumbbell Incline Biceps Curl",,,18.000,8,,,,NORMAL_SET,,
"Evening session","2025-05-25 21:14:52",01:24:57,,,"Dumbbell Incline Biceps Curl",,,18.000,8,,,,NORMAL_SET,,
"Evening session","2025-05-25 21:14:52",01:24:57,,,"Dumbbell Incline Biceps Curl",,,18.000,8,,,,NORMAL_SET,,
"Evening session","2025-05-23 21:17:34",01:05:57,,,"Scapular Pull-Up",,,66.000,10,,,,NORMAL_SET,"3,3,3","1,3,4"
"Evening session","2025-05-23 21:17:34",01:05:57,,,"Scapular Pull-Up",,,66.000,10,,,,NORMAL_SET,,
"Evening session","2025-05-23 21:17:34",01:05:57,,,"Scapular Pull-Up",,,66.000,10,,,,NORMAL_SET,,
"Evening session","2025-05-23 21:17:34",01:05:57,,,"Triceps Pushdown",,,59.000,10,,,,NORMAL_SET,,
"Evening session","2025-05-23 21:17:34",01:05:57,,,"Triceps Pushdown",,,64.000,8,,,,NORMAL_SET,,
"Evening session","2025-05-23 21:17:34",01:05:57,,,"Triceps Pushdown",,,64.000,8,,,,NORMAL_SET,,
"Evening session","2025-05-23 21:17:34",01:05:57,,,"Dumbbell Incline Biceps Curl",,,22.000,6,,,,NORMAL_SET,,
"Evening session","2025-05-23 21:17:34",01:05:57,,,"Dumbbell Incline Biceps Curl",,,22.000,6,,,,NORMAL_SET,,
"Evening session","2025-05-23 21:17:34",01:05:57,,,"Dumbbell Incline Biceps Curl",,,18.000,8,,,,NORMAL_SET,,
"Evening session","2025-05-23 21:17:34",01:05:57,,,"Lever Chest Press",,,80.000,8,,,,NORMAL_SET,,
"Evening session","2025-05-23 21:17:34",01:05:57,,,"Lever Chest Press",,,80.000,8,,,,NORMAL_SET,,
"Evening session","2025-05-23 21:17:34",01:05:57,,,"Lever Chest Press",,,80.000,8,,,,NORMAL_SET,,
"Evening session","2025-05-22 19:57:01",01:35:56,,,"Bench Press",,,60.000,8,,,,NORMAL_SET,3,4
"Evening session","2025-05-22 19:57:01",01:35:56,,,"Bench Press",,,70.000,8,,,,NORMAL_SET,1,3
"Evening session","2025-05-22 19:57:01",01:35:56,,,"Bench Press",,,100.000,3,,,,NORMAL_SET,"3,1","1,2"
"Evening session","2025-05-22 19:57:01",01:35:56,,,"Scapular Pull-Up",,,66.000,10,,,,NORMAL_SET,1,1
"Evening session","2025-05-22 19:57:01",01:35:56,,,"Scapular Pull-Up",,,66.000,10,,,,NORMAL_SET,,
"Evening session","2025-05-22 19:57:01",01:35:56,,,"Scapular Pull-Up",,,66.000,8,,,,NORMAL_SET,,
"Evening session","2025-05-22 19:57:01",01:35:56,,,"Concentration Curl",,,18.000,8,,,,NORMAL_SET,,
"Evening session","2025-05-22 19:57:01",01:35:56,,,"Concentration Curl",,,18.000,10,,,,NORMAL_SET,"1,1","3,4"
"Evening session","2025-05-22 19:57:01",01:35:56,,,"Concentration Curl",,,18.000,10,,,,NORMAL_SET,"2,2","3,4"
"Evening session","2025-05-22 19:57:01",01:35:56,,,"Dips between Chairs",,,70.000,10,,,,NORMAL_SET,,
"Evening session","2025-05-22 19:57:01",01:35:56,,,"Dips between Chairs",,,70.000,10,,,,NORMAL_SET,,
"Evening session","2025-05-22 19:57:01",01:35:56,,,"Dips between Chairs",,,70.000,10,,,,NORMAL_SET,,
"Evening session","2025-05-22 19:57:01",01:35:56,,,"High Pulley Overhead Tricep Extension",,,54.000,10,,,,NORMAL_SET,"1,2","3,4"
"Evening session","2025-05-22 19:57:01",01:35:56,,,"High Pulley Overhead Tricep Extension",,,59.000,8,,,,DROP_SET,,
"Evening session","2025-05-22 19:57:01",01:35:56,,,"Lever Seated Reverse Fly",,,66.000,10,,,,NORMAL_SET,,
"Evening session","2025-05-22 19:57:01",01:35:56,,,"Lever Seated Reverse Fly",,,73.000,10,,,,NORMAL_SET,"2,2,2","1,2,3"
"Evening session","2025-05-22 19:57:01",01:35:56,,,"Lever Seated Fly",,,100.000,8,,,,NORMAL_SET,,
"Evening session","2025-05-22 19:57:01",01:35:56,,,"Lever Seated Fly",,,113.000,8,,,,NORMAL_SET,"1,1,1","1,2,3"
"Evening session","2025-05-20 19:04:47",01:44:49,,,Pull-up,,,69.000,8,,,,NORMAL_SET,,
"Evening session","2025-05-20 19:04:47",01:44:49,,,Pull-up,,,69.000,8,,,,NORMAL_SET,,
"Evening session","2025-05-20 19:04:47",01:44:49,,,Pull-up,,,69.000,8,,,,NORMAL_SET,,
"Evening session","2025-05-20 19:04:47",01:44:49,,,"Dumbbell Incline Biceps Curl",,,22.000,6,,,,NORMAL_SET,"1,1","1,2"
"Evening session","2025-05-20 19:04:47",01:44:49,,,"Dumbbell Incline Biceps Curl",,,22.000,6,,,,NORMAL_SET,"2,2","1,2"
"Evening session","2025-05-20 19:04:47",01:44:49,,,"Dumbbell Incline Biceps Curl",,,22.000,5,,,,NORMAL_SET,"3,3","1,2"
"Evening session","2025-05-20 19:04:47",01:44:49,,,"Lever Front Pulldown",,,79.000,8,,,,NORMAL_SET,,
"Evening session","2025-05-20 19:04:47",01:44:49,,,"Lever Front Pulldown",,,86.000,8,,,,NORMAL_SET,,
"Evening session","2025-05-20 19:04:47",01:44:49,,,"Lever Front Pulldown",,,100.000,4,,,,NORMAL_SET,1,1
"Evening session","2025-05-20 19:04:47",01:44:49,,,"Cable Curl",,,34.000,8,,,,WARMUP_SET,,
"Evening session","2025-05-20 19:04:47",01:44:49,,,"Cable Curl",,,36.500,8,,,,NORMAL_SET,,
"Evening session","2025-05-20 19:04:47",01:44:49,,,"Cable Curl",,,36.500,7,,,,NORMAL_SET,,
"Evening session","2025-05-20 19:04:47",01:44:49,,,"Cable Low Seated Row",,,45.000,10,,,,NORMAL_SET,,
"Evening session","2025-05-20 19:04:47",01:44:49,,,"Cable Low Seated Row",,,52.000,10,,,,DROP_SET,1,1
"Evening session","2025-05-20 19:04:47",01:44:49,,,"Lever Preacher Curl",,,50.000,10,,,,NORMAL_SET,1,4
"Evening session","2025-05-20 19:04:47",01:44:49,,,"Lever Preacher Curl",,,60.000,10,,,,NORMAL_SET,"1,2","3,4"
"Evening session","2025-05-20 19:04:47",01:44:49,,,"Lever Preacher Curl",,,64.000,8,,,,NORMAL_SET,"1,1,2","1,2,3"
"Evening session","2025-05-19 17:39:02",01:34:31,,,"Triceps Pushdown",,,64.000,8,,,,NORMAL_SET,,
"Evening session","2025-05-19 17:39:02",01:34:31,,,"Triceps Pushdown",,,54.000,8,,,,NORMAL_SET,,
"Evening session","2025-05-19 17:39:02",01:34:31,,,"Triceps Pushdown",,,77.000,8,,,,NORMAL_SET,"1,2","1,2"
"Evening session","2025-05-19 17:39:02",01:34:31,,,"Incline Bench Press",,,28.000,8,,,,NORMAL_SET,,
"Evening session","2025-05-19 17:39:02",01:34:31,,,"Incline Bench Press",,,28.000,8,,,,NORMAL_SET,,
"Evening session","2025-05-19 17:39:02",01:34:31,,,"Incline Bench Press",,,30.000,8,,,,NORMAL_SET,"1,1,1","1,2,3"
"Evening session","2025-05-19 17:39:02",01:34:31,,,"High Pulley Overhead Tricep Extension",,,41.000,8,,,,NORMAL_SET,,
"Evening session","2025-05-19 17:39:02",01:34:31,,,"High Pulley Overhead Tricep Extension",,,54.000,8,,,,NORMAL_SET,,
"Evening session","2025-05-19 17:39:02",01:34:31,,,"High Pulley Overhead Tricep Extension",,,59.000,8,,,,NORMAL_SET,"3,3","1,2"
"Evening session","2025-05-19 17:39:02",01:34:31,,,"Lever Seated Fly",,,100.000,8,,,,NORMAL_SET,,
"Evening session","2025-05-19 17:39:02",01:34:31,,,"Lever Seated Fly",,,104.000,8,,,,NORMAL_SET,,
"Evening session","2025-05-19 17:39:02",01:34:31,,,"Lever Seated Fly",,,104.000,8,,,,NORMAL_SET,,
"Evening session","2025-05-19 17:39:02",01:34:31,,,"Lever Seated Dip",,,91.000,10,,,,NORMAL_SET,,
"Evening session","2025-05-19 17:39:02",01:34:31,,,"Lever Seated Dip",,,91.000,10,,,,NORMAL_SET,,
"Evening session","2025-05-19 17:39:02",01:34:31,,,"Lever Seated Dip",,,91.000,10,,,,NORMAL_SET,,
"Evening session","2025-05-19 17:39:02",01:34:31,,,"Pseudo Planche Push-up",,,66.000,8,,,,NORMAL_SET,,
"Evening session","2025-05-19 17:39:02",01:34:31,,,"Pseudo Planche Push-up",,,66.000,8,,,,NORMAL_SET,,
"Evening session","2025-05-19 17:39:02",01:34:31,,,"Pseudo Planche Push-up",,,66.000,8,,,,NORMAL_SET,,
"Evening session","2025-05-18 14:43:26",01:21:41,,,"Lever Seated Calf Raise",,,40.000,10,,,,NORMAL_SET,"3,3,3","1,2,3"
"Evening session","2025-05-18 14:43:26",01:21:41,,,"Lever Seated Calf Raise",,,40.000,10,,,,NORMAL_SET,,
"Evening session","2025-05-18 14:43:26",01:21:41,,,"Lever Seated Calf Raise",,,60.000,8,,,,NORMAL_SET,"1,1,1","1,2,3"
"Evening session","2025-05-18 14:43:26",01:21:41,,,"Full Squat",,,60.000,8,,,,NORMAL_SET,3,4
"Evening session","2025-05-18 14:43:26",01:21:41,,,"Full Squat",,,80.000,8,,,,NORMAL_SET,3,3
"Evening session","2025-05-18 14:43:26",01:21:41,,,"Full Squat",,,100.000,8,,,,NORMAL_SET,"1,2,1","1,2,3"
"Evening session","2025-05-18 14:43:26",01:21:41,,,"Standing Military Press",,,40.000,8,,,,NORMAL_SET,,
"Evening session","2025-05-18 14:43:26",01:21:41,,,"Standing Military Press",,,40.000,8,,,,NORMAL_SET,,
"Evening session","2025-05-18 14:43:26",01:21:41,,,"Standing Military Press",,,45.000,8,,,,NORMAL_SET,1,3
"Evening session","2025-05-18 14:43:26",01:21:41,,,"Lever Seated Reverse Fly",,,52.000,10,,,,NORMAL_SET,,
"Evening session","2025-05-18 14:43:26",01:21:41,,,"Lever Seated Reverse Fly",,,66.000,10,,,,NORMAL_SET,,
"Evening session","2025-05-18 14:43:26",01:21:41,,,"Lever Seated Reverse Fly",,,73.000,10,,,,NORMAL_SET,1,1
"Evening session","2025-05-18 14:43:26",01:21:41,,,"Lever Leg Extension",,,79.000,10,,,,NORMAL_SET,,
"Evening session","2025-05-18 14:43:26",01:21:41,,,"Lever Leg Extension",,,86.000,10,,,,NORMAL_SET,,
"Evening session","2025-05-18 14:43:26",01:21:41,,,"Lever Leg Extension",,,90.000,10,,,,NORMAL_SET,"1,1,1","1,2,3"
"Evening session","2025-05-14 20:07:27",00:45:59,,,Pull-up,,,69.000,8,,,,NORMAL_SET,,
"Evening session","2025-05-14 20:07:27",00:45:59,,,Pull-up,,,69.000,8,,,,NORMAL_SET,,
"Evening session","2025-05-14 20:07:27",00:45:59,,,Pull-up,,,69.000,8,,,,NORMAL_SET,,
"Evening session","2025-05-14 20:07:27",00:45:59,,,"Concentration Curl",,,18.000,8,,,,NORMAL_SET,,
"Evening session","2025-05-14 20:07:27",00:45:59,,,"Concentration Curl",,,18.000,8,,,,NORMAL_SET,,
"Evening session","2025-05-14 20:07:27",00:45:59,,,"Concentration Curl",,,18.000,8,,,,NORMAL_SET,,
"Evening session","2025-05-14 20:07:27",00:45:59,,,"Lever Seated Row",,,66.000,8,,,,NORMAL_SET,,
"Evening session","2025-05-14 20:07:27",00:45:59,,,"Lever Seated Row",,,66.000,8,,,,NORMAL_SET,,
"Evening session","2025-05-14 20:07:27",00:45:59,,,"Lever Seated Row",,,66.000,8,,,,NORMAL_SET,,
"Evening session","2025-05-14 20:07:27",00:45:59,,,"Barbell Curl",,,30.000,8,,,,NORMAL_SET,,
"Evening session","2025-05-14 20:07:27",00:45:59,,,"Barbell Curl",,,30.000,8,,,,NORMAL_SET,,
"Evening session","2025-05-14 20:07:27",00:45:59,,,"Barbell Curl",,,30.000,8,,,,NORMAL_SET,,
"Evening session","2025-05-12 19:59:18",01:33:18,,,"Cable Pushdown ",,,27.000,8,,,,NORMAL_SET,,
"Evening session","2025-05-12 19:59:18",01:33:18,,,"Cable Pushdown ",,,29.500,8,,,,NORMAL_SET,,
"Evening session","2025-05-12 19:59:18",01:33:18,,,"Cable Pushdown ",,,38.500,6,,,,NORMAL_SET,,
"Evening session","2025-05-12 19:59:18",01:33:18,,,"Lever Chest Press",,,100.000,8,,,,NORMAL_SET,,
"Evening session","2025-05-12 19:59:18",01:33:18,,,"Lever Chest Press",,,118.000,5,,,,NORMAL_SET,2,2
"Evening session","2025-05-12 19:59:18",01:33:18,,,"Lever Chest Press",,,107.000,8,,,,NORMAL_SET,,
"Evening session","2025-05-12 19:59:18",01:33:18,,,"High Pulley Overhead Tricep Extension",,,41.000,8,,,,NORMAL_SET,,
"Evening session","2025-05-12 19:59:18",01:33:18,,,"High Pulley Overhead Tricep Extension",,,54.000,8,,,,NORMAL_SET,,
"Evening session","2025-05-12 19:59:18",01:33:18,,,"High Pulley Overhead Tricep Extension",,,59.000,8,,,,NORMAL_SET,"2,2,3","1,2,3"
"Evening session","2025-05-12 19:59:18",01:33:18,,,"Dumbbell Incline Bench Press",,,32.000,8,,,,NORMAL_SET,,
"Evening session","2025-05-12 19:59:18",01:33:18,,,"Dumbbell Incline Bench Press",,,32.000,8,,,,NORMAL_SET,,
"Evening session","2025-05-12 19:59:18",01:33:18,,,"Dumbbell Incline Bench Press",,,32.000,8,,,,NORMAL_SET,,
"Evening session","2025-05-12 19:59:18",01:33:18,,,"Triceps Pushdown",,,64.000,8,,,,NORMAL_SET,,
"Evening session","2025-05-12 19:59:18",01:33:18,,,"Triceps Pushdown",,,73.000,8,,,,NORMAL_SET,"3,3","1,2"
"Evening session","2025-05-12 19:59:18",01:33:18,,,"Triceps Pushdown",,,77.000,7,,,,NORMAL_SET,"1,1","1,2"
"Evening session","2025-05-12 19:59:18",01:33:18,,,"Lever Seated Fly",,,100.000,8,,,,NORMAL_SET,,
"Evening session","2025-05-12 19:59:18",01:33:18,,,"Lever Seated Fly",,,104.000,8,,,,NORMAL_SET,"3,3,3","1,2,3"
"Evening session","2025-05-12 19:59:18",01:33:18,,,"Lever Seated Fly",,,104.000,8,,,,NORMAL_SET,,
"Morning session","2025-05-11 11:39:28",01:20:23,,,"Lever Seated Leg Press",,,134.000,8,,,,NORMAL_SET,,
"Morning session","2025-05-11 11:39:28",01:20:23,,,"Lever Seated Leg Press",,,141.000,8,,,,NORMAL_SET,,
"Morning session","2025-05-11 11:39:28",01:20:23,,,"Lever Seated Leg Press",,,147.000,8,,,,NORMAL_SET,"1,1,2","1,2,3"
"Morning session","2025-05-11 11:39:28",01:20:23,,,"Lever Leg Extension",,,79.000,8,,,,NORMAL_SET,,
"Morning session","2025-05-11 11:39:28",01:20:23,,,"Lever Leg Extension",,,79.000,8,,,,NORMAL_SET,,
"Morning session","2025-05-11 11:39:28",01:20:23,,,"Lever Leg Extension",,,86.000,8,,,,NORMAL_SET,"3,3","1,2"
"Morning session","2025-05-11 11:39:28",01:20:23,,,"Standing Military Press",,,40.000,8,,,,NORMAL_SET,,
"Morning session","2025-05-11 11:39:28",01:20:23,,,"Standing Military Press",,,40.000,8,,,,NORMAL_SET,,
"Morning session","2025-05-11 11:39:28",01:20:23,,,"Standing Military Press",,,40.000,8,,,,NORMAL_SET,,
"Morning session","2025-05-11 11:39:28",01:20:23,,,"Full Squat",,,80.000,8,,,,NORMAL_SET,"2,2,1,1","1,2,3,4"
"Morning session","2025-05-11 11:39:28",01:20:23,,,"Full Squat",,,80.000,8,,,,NORMAL_SET,"3,3,2,2","1,2,3,4"
"Morning session","2025-05-11 11:39:28",01:20:23,,,Pull-up,,,69.000,8,,,,NORMAL_SET,,
"Morning session","2025-05-11 11:39:28",01:20:23,,,Pull-up,,,69.000,8,,,,NORMAL_SET,,
"Morning session","2025-05-11 11:39:28",01:20:23,,,Pull-up,,,69.000,8,,,,NORMAL_SET,,
"Morning session","2025-05-11 11:39:28",01:20:23,,,"Biceps Curl",,,22.000,3,,,,NORMAL_SET,,
"Morning session","2025-05-11 11:39:28",01:20:23,,,"Biceps Curl",,,22.000,3,,,,NORMAL_SET,,
"Morning session","2025-05-11 11:39:28",01:20:23,,,"Biceps Curl",,,22.000,3,,,,NORMAL_SET,,
"Evening session","2025-05-09 16:36:05",01:17:04,,,"Lever Chest Press",,,100.000,8,,,,NORMAL_SET,,
"Evening session","2025-05-09 16:36:05",01:17:04,,,"Lever Chest Press",,,113.000,8,,,,NORMAL_SET,2,1
"Evening session","2025-05-09 16:36:05",01:17:04,,,"Lever Chest Press",,,113.000,8,,,,NORMAL_SET,3,1
"Evening session","2025-05-09 16:36:05",01:17:04,,,"Cable Pushdown ",,,27.000,10,,,,NORMAL_SET,,
"Evening session","2025-05-09 16:36:05",01:17:04,,,"Cable Pushdown ",,,27.000,8,,,,NORMAL_SET,,
"Evening session","2025-05-09 16:36:05",01:17:04,,,"Cable Pushdown ",,,38.500,5,,,,NORMAL_SET,,
"Evening session","2025-05-09 16:36:05",01:17:04,,,"Lever Leg Extension",,,79.000,8,,,,NORMAL_SET,,
"Evening session","2025-05-09 16:36:05",01:17:04,,,"Lever Leg Extension",,,79.000,8,,,,NORMAL_SET,,
"Evening session","2025-05-09 16:36:05",01:17:04,,,"Lever Leg Extension",,,86.000,8,,,,NORMAL_SET,"2,2","1,2"
"Evening session","2025-05-09 16:36:05",01:17:04,,,"Dumbbell Incline Biceps Curl",,,20.000,8,,,,NORMAL_SET,,
"Evening session","2025-05-09 16:36:05",01:17:04,,,"Dumbbell Incline Biceps Curl",,,20.000,7,,,,NORMAL_SET,,
"Evening session","2025-05-09 16:36:05",01:17:04,,,"Dumbbell Incline Biceps Curl",,,20.000,6,,,,NORMAL_SET,,
"Evening session","2025-05-09 16:36:05",01:17:04,,,"Lever Seated Row",,,66.000,8,,,,NORMAL_SET,,
"Evening session","2025-05-09 16:36:05",01:17:04,,,"Lever Seated Row",,,79.000,8,,,,NORMAL_SET,,
"Evening session","2025-05-09 16:36:05",01:17:04,,,"Lever Seated Row",,,86.000,8,,,,NORMAL_SET,"2,2,2","1,2,3"
"Evening session","2025-05-08 19:41:46",02:00:40,,,"Cable Pushdown ",,,27.000,10,,,,NORMAL_SET,,
"Evening session","2025-05-08 19:41:46",02:00:40,,,"Cable Pushdown ",,,32.000,8,,,,NORMAL_SET,,
"Evening session","2025-05-08 19:41:46",02:00:40,,,"Cable Pushdown ",,,32.000,8,,,,NORMAL_SET,,
"Evening session","2025-05-08 19:41:46",02:00:40,,,"Biceps Curl",,,20.000,8,,,,NORMAL_SET,,
"Evening session","2025-05-08 19:41:46",02:00:40,,,"Biceps Curl",,,20.000,8,,,,NORMAL_SET,,
"Evening session","2025-05-08 19:41:46",02:00:40,,,"Biceps Curl",,,20.000,8,,,,NORMAL_SET,,
"Evening session","2025-05-08 19:41:46",02:00:40,,,"Lever Preacher Curl",,,45.000,8,,,,NORMAL_SET,,
"Evening session","2025-05-08 19:41:46",02:00:40,,,"Lever Preacher Curl",,,54.000,8,,,,NORMAL_SET,,
"Evening session","2025-05-08 19:41:46",02:00:40,,,"Lever Preacher Curl",,,54.000,8,,,,NORMAL_SET,,
"Evening session","2025-05-08 19:41:46",02:00:40,,,"Cable Curl",,,34.000,8,,,,WARMUP_SET,,
"Evening session","2025-05-08 19:41:46",02:00:40,,,"Cable Curl",,,36.500,8,,,,NORMAL_SET,,
"Evening session","2025-05-08 19:41:46",02:00:40,,,"Cable Curl",,,36.500,7,,,,NORMAL_SET,,
"Evening session","2025-05-08 19:41:46",02:00:40,,,"Standing Military Press",,,40.000,8,,,,NORMAL_SET,,
"Evening session","2025-05-08 19:41:46",02:00:40,,,"Standing Military Press",,,50.000,6,,,,NORMAL_SET,,
"Evening session","2025-05-08 19:41:46",02:00:40,,,"Standing Military Press",,,50.000,6,,,,NORMAL_SET,,
"Evening session","2025-05-08 19:41:46",02:00:40,,,Pull-up,,,69.000,8,,,,NORMAL_SET,1,2
"Evening session","2025-05-08 19:41:46",02:00:40,,,Pull-up,,,69.000,10,,,,NORMAL_SET,"1,2,1","1,2,3"
"Evening session","2025-05-08 19:41:46",02:00:40,,,Pull-up,,,69.000,8,,,,NORMAL_SET,3,2
"Evening session","2025-05-08 19:41:46",02:00:40,,,"Lever Chest Press",,,100.000,8,,,,NORMAL_SET,,
"Evening session","2025-05-08 19:41:46",02:00:40,,,"Lever Chest Press",,,113.000,8,,,,NORMAL_SET,1,1
"Evening session","2025-05-08 19:41:46",02:00:40,,,"Lever Chest Press",,,113.000,6,,,,NORMAL_SET,2,1
"Evening session","2025-05-07 19:52:03",01:18:05,,,Pull-up,,,65.000,8,,,,NORMAL_SET,,
"Evening session","2025-05-07 19:52:03",01:18:05,,,Pull-up,,,65.000,10,,,,NORMAL_SET,,
"Evening session","2025-05-07 19:52:03",01:18:05,,,Pull-up,,,65.000,10,,,,NORMAL_SET,,
"Evening session","2025-05-07 19:52:03",01:18:05,,,"Cable Curl",,,34.000,8,,,,WARMUP_SET,,
"Evening session","2025-05-07 19:52:03",01:18:05,,,"Cable Curl",,,36.500,8,,,,NORMAL_SET,,
"Evening session","2025-05-07 19:52:03",01:18:05,,,"Cable Curl",,,38.000,8,,,,NORMAL_SET,,
"Evening session","2025-05-07 19:52:03",01:18:05,,,"Cable Bar Lateral Pulldown",,,79.000,8,,,,NORMAL_SET,"1,1","3,4"
"Evening session","2025-05-07 19:52:03",01:18:05,,,"Cable Bar Lateral Pulldown",,,86.000,6,,,,NORMAL_SET,"1,2,2,2","1,2,3,4"
"Evening session","2025-05-07 19:52:03",01:18:05,,,"Cable Bar Lateral Pulldown",,,86.000,6,,,,NORMAL_SET,"2,3,3,3","1,2,3,4"
"Evening session","2025-05-07 19:52:03",01:18:05,,,"Dumbbell Incline Biceps Curl",,,20.000,8,,,,NORMAL_SET,3,1
"Evening session","2025-05-07 19:52:03",01:18:05,,,"Dumbbell Incline Biceps Curl",,,20.000,6,,,,NORMAL_SET,,
"Evening session","2025-05-07 19:52:03",01:18:05,,,"Dumbbell Incline Biceps Curl",,,20.000,6,,,,NORMAL_SET,,
"Evening session","2025-05-07 19:52:03",01:18:05,,,"Standing Military Press",,,40.000,8,,,,NORMAL_SET,,
"Evening session","2025-05-07 19:52:03",01:18:05,,,"Standing Military Press",,,50.000,7,,,,NORMAL_SET,"3,3,3","1,2,3"
"Evening session","2025-05-07 19:52:03",01:18:05,,,"Standing Military Press",,,50.000,6,,,,NORMAL_SET,,
"Evening session","2025-05-06 19:49:28",01:20:20,,,"Cable Pushdown ",,,27.000,10,,,,NORMAL_SET,,
"Evening session","2025-05-06 19:49:28",01:20:20,,,"Cable Pushdown ",,,32.000,8,,,,NORMAL_SET,,
"Evening session","2025-05-06 19:49:28",01:20:20,,,"Cable Pushdown ",,,34.000,7,,,,NORMAL_SET,,
"Evening session","2025-05-06 19:49:28",01:20:20,,,"Lever Seated Fly",,,100.000,8,,,,NORMAL_SET,3,3
"Evening session","2025-05-06 19:49:28",01:20:20,,,"Lever Seated Fly",,,104.000,8,,,,NORMAL_SET,"1,1,1","1,2,3"
"Evening session","2025-05-06 19:49:28",01:20:20,,,"Lever Seated Fly",,,104.000,8,,,,NORMAL_SET,"2,2,2","1,2,3"
"Evening session","2025-05-06 19:49:28",01:20:20,,,Kickback,,,12.000,8,,,,NORMAL_SET,,
"Evening session","2025-05-06 19:49:28",01:20:20,,,Kickback,,,12.000,10,,,,NORMAL_SET,,
"Evening session","2025-05-06 19:49:28",01:20:20,,,Kickback,,,12.000,10,,,,NORMAL_SET,,
"Evening session","2025-05-06 19:49:28",01:20:20,,,"Dumbbell Incline Bench Press",,,28.000,8,,,,NORMAL_SET,,
"Evening session","2025-05-06 19:49:28",01:20:20,,,"Dumbbell Incline Bench Press",,,36.000,8,,,,NORMAL_SET,"1,1,2","1,2,3"
"Evening session","2025-05-06 19:49:28",01:20:20,,,"Dumbbell Incline Bench Press",,,34.000,8,,,,NORMAL_SET,"2,2,3","1,2,3"
"Evening session","2025-05-06 19:49:28",01:20:20,,,"High Pulley Overhead Tricep Extension",,,41.000,8,,,,NORMAL_SET,,
"Evening session","2025-05-06 19:49:28",01:20:20,,,"High Pulley Overhead Tricep Extension",,,54.000,8,,,,NORMAL_SET,,
"Evening session","2025-05-06 19:49:28",01:20:20,,,"High Pulley Overhead Tricep Extension",,,59.000,8,,,,NORMAL_SET,"1,1,2","1,2,3"
"Evening session","2025-05-06 19:49:28",01:20:20,,,"Lever Chest Press",,,100.000,8,,,,NORMAL_SET,,
"Evening session","2025-05-06 19:49:28",01:20:20,,,"Lever Chest Press",,,100.000,7,,,,NORMAL_SET,,
"Evening session","2025-05-06 19:49:28",01:20:20,,,"Lever Chest Press",,,100.000,5,,,,NORMAL_SET,,
"Evening session","2025-05-05 22:09:27",01:14:36,,,Pull-up,,,65.000,10,,,,NORMAL_SET,,
"Evening session","2025-05-05 22:09:27",01:14:36,,,Pull-up,,,65.000,8,,,,NORMAL_SET,,
"Evening session","2025-05-05 22:09:27",01:14:36,,,Pull-up,,,65.000,10,,,,NORMAL_SET,,
"Evening session","2025-05-05 22:09:27",01:14:36,,,"Cable Curl",,,34.000,8,,,,WARMUP_SET,,
"Evening session","2025-05-05 22:09:27",01:14:36,,,"Cable Curl",,,36.500,8,,,,NORMAL_SET,,
"Evening session","2025-05-05 22:09:27",01:14:36,,,"Cable Curl",,,36.500,8,,,,NORMAL_SET,,
"Evening session","2025-05-05 22:09:27",01:14:36,,,"Cable Lateral Pulldown with V-bar",,,80.000,8,,,,NORMAL_SET,,
"Evening session","2025-05-05 22:09:27",01:14:36,,,"Cable Lateral Pulldown with V-bar",,,86.000,8,,,,NORMAL_SET,1,1
"Evening session","2025-05-05 22:09:27",01:14:36,,,"Cable Lateral Pulldown with V-bar",,,86.000,8,,,,NORMAL_SET,,
"Evening session","2025-05-05 22:09:27",01:14:36,,,"Dumbbell Incline Biceps Curl",,,18.000,8,,,,NORMAL_SET,,
"Evening session","2025-05-05 22:09:27",01:14:36,,,"Dumbbell Incline Biceps Curl",,,18.000,8,,,,NORMAL_SET,,
"Evening session","2025-05-05 22:09:27",01:14:36,,,"Dumbbell Incline Biceps Curl",,,18.000,8,,,,NORMAL_SET,,
"Evening session","2025-05-04 19:58:32",01:23:03,,,"Lever Leg Extension",,,73.000,8,,,,NORMAL_SET,,
"Evening session","2025-05-04 19:58:32",01:23:03,,,"Lever Leg Extension",,,79.000,8,,,,NORMAL_SET,,
"Evening session","2025-05-04 19:58:32",01:23:03,,,"Lever Leg Extension",,,86.000,8,,,,NORMAL_SET,"1,1","1,2"
"Evening session","2025-05-04 19:58:32",01:23:03,,,"Lever Seated Leg Press",,,134.000,8,,,,NORMAL_SET,,
"Evening session","2025-05-04 19:58:32",01:23:03,,,"Lever Seated Leg Press",,,134.000,8,,,,NORMAL_SET,,
"Evening session","2025-05-04 19:58:32",01:23:03,,,"Lever Seated Leg Press",,,141.000,8,,,,NORMAL_SET,,
"Evening session","2025-05-04 19:58:32",01:23:03,,,"Full Squat",,,60.000,6,,,,NORMAL_SET,,
"Evening session","2025-05-04 19:58:32",01:23:03,,,"Full Squat",,,80.000,6,,,,NORMAL_SET,,
"Evening session","2025-05-04 19:58:32",01:23:03,,,"Full Squat",,,100.000,6,,,,NORMAL_SET,1,1
"Evening session","2025-05-04 19:58:32",01:23:03,,,"Standing Military Press",,,40.000,8,,,,NORMAL_SET,,
"Evening session","2025-05-04 19:58:32",01:23:03,,,"Standing Military Press",,,50.000,7,,,,NORMAL_SET,"1,1,1","1,2,3"
"Evening session","2025-05-04 19:58:32",01:23:03,,,"Standing Military Press",,,50.000,7,,,,NORMAL_SET,"2,2,2","1,2,3"
"Evening session","2025-05-04 19:58:32",01:23:03,,,"Cable Pushdown ",,,27.000,8,,,,NORMAL_SET,,
"Evening session","2025-05-04 19:58:32",01:23:03,,,"Cable Pushdown ",,,32.000,8,,,,NORMAL_SET,,
"Evening session","2025-05-04 19:58:32",01:23:03,,,"Cable Pushdown ",,,34.000,7,,,,NORMAL_SET,,
"Evening session","2025-05-04 19:58:32",01:23:03,,,"Cable Curl",,,34.000,8,,,,WARMUP_SET,,
"Evening session","2025-05-04 19:58:32",01:23:03,,,"Cable Curl",,,36.500,8,,,,NORMAL_SET,,
"Evening session","2025-05-04 19:58:32",01:23:03,,,"Cable Curl",,,36.500,8,,,,NORMAL_SET,,
"Morning session","2025-05-03 11:44:46",00:42:00,,,"Cable Pushdown ",,,32.000,8,,,,NORMAL_SET,,
"Morning session","2025-05-03 11:44:46",00:42:00,,,"Cable Pushdown ",,,32.000,8,,,,NORMAL_SET,,
"Morning session","2025-05-03 11:44:46",00:42:00,,,"Cable Pushdown ",,,34.000,7,,,,NORMAL_SET,,
"Morning session","2025-05-03 11:44:46",00:42:00,,,"Cable Curl",,,34.000,8,,,,WARMUP_SET,,
"Morning session","2025-05-03 11:44:46",00:42:00,,,"Cable Curl",,,36.500,8,,,,NORMAL_SET,,
"Morning session","2025-05-03 11:44:46",00:42:00,,,"Cable Curl",,,36.500,8,,,,NORMAL_SET,,
"Morning session","2025-05-03 11:44:46",00:42:00,,,"Lever Seated Dip",,,91.000,10,,,,NORMAL_SET,,
"Morning session","2025-05-03 11:44:46",00:42:00,,,"Lever Seated Dip",,,91.000,10,,,,NORMAL_SET,,
"Morning session","2025-05-03 11:44:46",00:42:00,,,"Lever Seated Dip",,,91.000,10,,,,NORMAL_SET,,
"Morning session","2025-05-03 11:44:46",00:42:00,,,"Hammer Curl",,,20.000,8,,,,NORMAL_SET,"1,1,1","1,2,3"
"Morning session","2025-05-03 11:44:46",00:42:00,,,"Hammer Curl",,,20.000,8,,,,NORMAL_SET,"2,2,2","1,2,3"
"Morning session","2025-05-03 11:44:46",00:42:00,,,"Hammer Curl",,,20.000,8,,,,NORMAL_SET,"3,3,3","1,2,3"
"Morning session","2025-05-03 11:44:46",00:42:00,,,Pull-up,,,65.000,8,,,,NORMAL_SET,,
"Morning session","2025-05-03 11:44:46",00:42:00,,,Pull-up,,,65.000,8,,,,NORMAL_SET,,
"Morning session","2025-05-03 11:44:46",00:42:00,,,Pull-up,,,65.000,8,,,,NORMAL_SET,,
"Evening session","2025-04-29 23:31:09",01:11:48,,,"Cable Wide-Grip Lat Pulldown ",,,79.000,8,,,,NORMAL_SET,,
"Evening session","2025-04-29 23:31:09",01:11:48,,,"Cable Wide-Grip Lat Pulldown ",,,79.000,8,,,,NORMAL_SET,,
"Evening session","2025-04-29 23:31:09",01:11:48,,,"Cable Wide-Grip Lat Pulldown ",,,79.000,8,,,,NORMAL_SET,,
"Evening session","2025-04-29 23:31:09",01:11:48,,,"Lever Preacher Curl",,,45.000,8,,,,NORMAL_SET,,
"Evening session","2025-04-29 23:31:09",01:11:48,,,"Lever Preacher Curl",,,50.000,8,,,,NORMAL_SET,,
"Evening session","2025-04-29 23:31:09",01:11:48,,,"Lever Preacher Curl",,,54.000,8,,,,NORMAL_SET,"3,3,3","1,2,3"
"Evening session","2025-04-29 23:31:09",01:11:48,,,Pull-up,,,65.000,8,,,,NORMAL_SET,,
"Evening session","2025-04-29 23:31:09",01:11:48,,,Pull-up,,,65.000,8,,,,NORMAL_SET,,
"Evening session","2025-04-29 23:31:09",01:11:48,,,Pull-up,,,65.000,8,,,,NORMAL_SET,,
"Evening session","2025-04-29 23:31:09",01:11:48,,,"Cable Curl",,,64.000,8,,,,WARMUP_SET,,
"Evening session","2025-04-29 23:31:09",01:11:48,,,"Cable Curl",,,64.000,8,,,,NORMAL_SET,,
"Evening session","2025-04-29 23:31:09",01:11:48,,,"Cable Curl",,,68.000,8,,,,NORMAL_SET,,
"Evening session","2025-04-29 23:31:09",01:11:48,,,"Concentration Curl",,,18.000,8,,,,NORMAL_SET,,
"Evening session","2025-04-29 23:31:09",01:11:48,,,"Concentration Curl",,,18.000,8,,,,NORMAL_SET,,
"Evening session","2025-04-29 23:31:09",01:11:48,,,"Concentration Curl",,,18.000,8,,,,NORMAL_SET,,
"Evening session","2025-04-29 23:31:09",01:11:48,,,"Lever Seated Row",,,66.000,8,,,,NORMAL_SET,,
"Evening session","2025-04-29 23:31:09",01:11:48,,,"Lever Seated Row",,,52.000,8,,,,NORMAL_SET,,
"Evening session","2025-04-29 23:31:09",01:11:48,,,"Lever Seated Row",,,52.000,8,,,,NORMAL_SET,,
"Evening session","2025-04-28 22:16:06",01:33:35,,,"Dumbbell Incline Bench Press",,,30.000,10,,,,NORMAL_SET,"1,1","3,4"
"Evening session","2025-04-28 22:16:06",01:33:35,,,"Dumbbell Incline Bench Press",,,32.000,8,,,,NORMAL_SET,,
"Evening session","2025-04-28 22:16:06",01:33:35,,,"Dumbbell Incline Bench Press",,,32.000,8,,,,NORMAL_SET,,
"Evening session","2025-04-28 22:16:06",01:33:35,,,"Cable Pushdown ",,,27.000,8,,,,NORMAL_SET,,
"Evening session","2025-04-28 22:16:06",01:33:35,,,"Cable Pushdown ",,,29.300,8,,,,NORMAL_SET,,
"Evening session","2025-04-28 22:16:06",01:33:35,,,"Cable Pushdown ",,,27.000,8,,,,NORMAL_SET,,
"Evening session","2025-04-28 22:16:06",01:33:35,,,"Lever Seated Fly",,,86.000,8,,,,NORMAL_SET,,
"Evening session","2025-04-28 22:16:06",01:33:35,,,"Lever Seated Fly",,,93.000,8,,,,NORMAL_SET,"3,3","1,2"
"Evening session","2025-04-28 22:16:06",01:33:35,,,"Lever Seated Fly",,,100.000,8,,,,NORMAL_SET,"1,1,2","1,2,3"
"Evening session","2025-04-28 22:16:06",01:33:35,,,"Lever Seated Dip",,,91.000,10,,,,NORMAL_SET,,
"Evening session","2025-04-28 22:16:06",01:33:35,,,"Lever Seated Dip",,,91.000,10,,,,NORMAL_SET,,
"Evening session","2025-04-28 22:16:06",01:33:35,,,"Lever Seated Dip",,,91.000,10,,,,NORMAL_SET,,
"Evening session","2025-04-28 22:16:06",01:33:35,,,"Dips between Chairs",,,70.000,10,,,,NORMAL_SET,"1,1,3","1,2,3"
"Evening session","2025-04-28 22:16:06",01:33:35,,,"Dips between Chairs",,,70.000,10,,,,NORMAL_SET,"2,2","1,2"
"Evening session","2025-04-28 22:16:06",01:33:35,,,"Dips between Chairs",,,70.000,10,,,,NORMAL_SET,"3,3","1,2"
"Evening session","2025-04-28 22:16:06",01:33:35,,,"Lever Chest Press",,,86.000,8,,,,NORMAL_SET,,
"Evening session","2025-04-28 22:16:06",01:33:35,,,"Lever Chest Press",,,86.000,8,,,,NORMAL_SET,,
"Evening session","2025-04-28 22:16:06",01:33:35,,,"Lever Chest Press",,,73.000,6,,,,NORMAL_SET,,
"Evening session","2025-04-27 18:19:26",00:41:20,,,"Lever Leg Extension",,,66.000,10,,,,NORMAL_SET,,
"Evening session","2025-04-27 18:19:26",00:41:20,,,"Lever Leg Extension",,,73.000,8,,,,NORMAL_SET,,
"Evening session","2025-04-27 18:19:26",00:41:20,,,"Lever Leg Extension",,,79.000,10,,,,NORMAL_SET,"3,3","1,3"
"Evening session","2025-04-27 18:19:26",00:41:20,,,"Lever Seated Calf Raise",,,30.000,10,,,,NORMAL_SET,,
"Evening session","2025-04-27 18:19:26",00:41:20,,,"Lever Seated Calf Raise",,,40.000,10,,,,NORMAL_SET,1,1
"Evening session","2025-04-27 18:19:26",00:41:20,,,"Lever Seated Calf Raise",,,40.000,10,,,,NORMAL_SET,,
"Evening session","2025-04-27 18:19:26",00:41:20,,,"Lever Standing Calf Raise",,,40.000,10,,,,NORMAL_SET,1,1
"Evening session","2025-04-27 18:19:26",00:41:20,,,"Lever Standing Calf Raise",,,40.000,10,,,,NORMAL_SET,,
"Evening session","2025-04-27 18:19:26",00:41:20,,,"Lever Standing Calf Raise",,,40.000,10,,,,NORMAL_SET,,
"Evening session","2025-04-27 18:19:26",00:41:20,,,"Lever Seated Leg Press",,,120.000,8,,,,NORMAL_SET,,
"Evening session","2025-04-27 18:19:26",00:41:20,,,"Lever Seated Leg Press",,,134.000,8,,,,NORMAL_SET,,
"Evening session","2025-04-27 18:19:26",00:41:20,,,"Lever Seated Leg Press",,,141.000,8,,,,NORMAL_SET,"3,3","1,2"
"Evening session","2025-04-23 21:31:48",01:20:09,,,Pull-up,,,65.000,8,,,,NORMAL_SET,,
"Evening session","2025-04-23 21:31:48",01:20:09,,,Pull-up,,,65.000,8,,,,NORMAL_SET,,
"Evening session","2025-04-23 21:31:48",01:20:09,,,Pull-up,,,65.000,8,,,,NORMAL_SET,,
"Evening session","2025-04-23 21:31:48",01:20:09,,,"Dumbbell Incline Curl ",,,16.000,8,,,,NORMAL_SET,"3,3,3","1,2,3"
"Evening session","2025-04-23 21:31:48",01:20:09,,,"Dumbbell Incline Curl ",,,16.000,8,,,,NORMAL_SET,,
"Evening session","2025-04-23 21:31:48",01:20:09,,,"Dumbbell Incline Curl ",,,16.000,8,,,,NORMAL_SET,,
"Evening session","2025-04-23 21:31:48",01:20:09,,,"Cable Wide-Grip Lat Pulldown ",,,79.000,8,,,,NORMAL_SET,,
"Evening session","2025-04-23 21:31:48",01:20:09,,,"Cable Wide-Grip Lat Pulldown ",,,79.000,8,,,,NORMAL_SET,,
"Evening session","2025-04-23 21:31:48",01:20:09,,,"Cable Wide-Grip Lat Pulldown ",,,79.000,8,,,,NORMAL_SET,,
"Evening session","2025-04-23 21:31:48",01:20:09,,,"Cable Curl",,,64.000,8,,,,WARMUP_SET,,
"Evening session","2025-04-23 21:31:48",01:20:09,,,"Cable Curl",,,64.000,8,,,,NORMAL_SET,,
"Evening session","2025-04-23 21:31:48",01:20:09,,,"Cable Curl",,,68.000,8,,,,NORMAL_SET,,
"Evening session","2025-04-23 21:31:48",01:20:09,,,"Lever Seated Row",,,66.000,8,,,,NORMAL_SET,,
"Evening session","2025-04-23 21:31:48",01:20:09,,,"Lever Seated Row",,,66.000,8,,,,NORMAL_SET,,
"Evening session","2025-04-23 21:31:48",01:20:09,,,"Lever Seated Row",,,86.000,8,,,,NORMAL_SET,"1,1,1","1,2,3"
"Evening session","2025-04-23 21:31:48",01:20:09,,,"Standing Military Press",,,40.000,8,,,,NORMAL_SET,,
"Evening session","2025-04-23 21:31:48",01:20:09,,,"Standing Military Press",,,40.000,8,,,,NORMAL_SET,,
"Evening session","2025-04-23 21:31:48",01:20:09,,,"Standing Military Press",,,40.000,8,,,,NORMAL_SET,,
"Evening session","2025-04-22 19:53:10",01:25:37,,,"Lever Seated Fly",,,79.000,8,,,,NORMAL_SET,,
"Evening session","2025-04-22 19:53:10",01:25:37,,,"Lever Seated Fly",,,86.000,8,,,,NORMAL_SET,"3,3","1,2"
"Evening session","2025-04-22 19:53:10",01:25:37,,,"Lever Seated Fly",,,93.000,8,,,,NORMAL_SET,"2,2,3","1,2,3"
"Evening session","2025-04-22 19:53:10",01:25:37,,,"Cable Pushdown ",,,54.000,8,,,,NORMAL_SET,,
"Evening session","2025-04-22 19:53:10",01:25:37,,,"Cable Pushdown ",,,54.000,8,,,,NORMAL_SET,,
"Evening session","2025-04-22 19:53:10",01:25:37,,,"Cable Pushdown ",,,54.000,8,,,,NORMAL_SET,,
"Evening session","2025-04-22 19:53:10",01:25:37,,,"Lever Lying Chest Press",,,80.000,8,,,,NORMAL_SET,2,4
"Evening session","2025-04-22 19:53:10",01:25:37,,,"Lever Lying Chest Press",,,100.000,8,,,,NORMAL_SET,"1,2,1,3","1,2,3,4"
"Evening session","2025-04-22 19:53:10",01:25:37,,,"Lever Lying Chest Press",,,100.000,8,,,,NORMAL_SET,"2,3,2","1,2,3"
"Evening session","2025-04-22 19:53:10",01:25:37,,,"Lever Seated Dip",,,91.000,10,,,,NORMAL_SET,,
"Evening session","2025-04-22 19:53:10",01:25:37,,,"Lever Seated Dip",,,91.000,10,,,,NORMAL_SET,,
"Evening session","2025-04-22 19:53:10",01:25:37,,,"Lever Seated Dip",,,91.000,10,,,,NORMAL_SET,,
"Evening session","2025-04-22 19:53:10",01:25:37,,,"Dumbbell Incline Bench Press",,,28.000,8,,,,NORMAL_SET,,
"Evening session","2025-04-22 19:53:10",01:25:37,,,"Dumbbell Incline Bench Press",,,28.000,8,,,,NORMAL_SET,,
"Evening session","2025-04-22 19:53:10",01:25:37,,,"Dumbbell Incline Bench Press",,,30.000,8,,,,NORMAL_SET,,
"Evening session","2025-04-22 19:53:10",01:25:37,,,"Dips between Chairs",,,66.000,10,,,,NORMAL_SET,,
"Evening session","2025-04-22 19:53:10",01:25:37,,,"Dips between Chairs",,,66.000,10,,,,NORMAL_SET,,
"Evening session","2025-04-22 19:53:10",01:25:37,,,"Dips between Chairs",,,66.000,10,,,,NORMAL_SET,,
"Evening session","2025-04-20 14:55:12",01:01:28,,,"Lever Seated Leg Press",,,120.000,8,,,,NORMAL_SET,,
"Evening session","2025-04-20 14:55:12",01:01:28,,,"Lever Seated Leg Press",,,134.000,8,,,,NORMAL_SET,,
"Evening session","2025-04-20 14:55:12",01:01:28,,,"Lever Seated Leg Press",,,141.000,8,,,,NORMAL_SET,"2,2","1,2"
"Evening session","2025-04-20 14:55:12",01:01:28,,,"Lever Leg Extension",,,66.000,8,,,,NORMAL_SET,,
"Evening session","2025-04-20 14:55:12",01:01:28,,,"Lever Leg Extension",,,73.000,8,,,,NORMAL_SET,,
"Evening session","2025-04-20 14:55:12",01:01:28,,,"Lever Leg Extension",,,79.000,8,,,,NORMAL_SET,,
"Evening session","2025-04-20 14:55:12",01:01:28,,,"Standing Military Press",,,40.000,8,,,,NORMAL_SET,,
"Evening session","2025-04-20 14:55:12",01:01:28,,,"Standing Military Press",,,40.000,8,,,,NORMAL_SET,,
"Evening session","2025-04-20 14:55:12",01:01:28,,,"Standing Military Press",,,40.000,8,,,,NORMAL_SET,,
"Evening session","2025-04-20 14:55:12",01:01:28,,,"Lateral Raise",,,18.000,6,,,,NORMAL_SET,"1,2","1,2"
"Evening session","2025-04-20 14:55:12",01:01:28,,,"Lateral Raise",,,14.000,6,,,,NORMAL_SET,,
"Evening session","2025-04-20 14:55:12",01:01:28,,,"Lateral Raise",,,16.000,6,,,,NORMAL_SET,,
"Evening session","2025-04-20 14:55:12",01:01:28,,,"Cable Curl",,,64.000,8,,,,WARMUP_SET,,
"Evening session","2025-04-20 14:55:12",01:01:28,,,"Cable Curl",,,64.000,8,,,,NORMAL_SET,,
"Evening session","2025-04-20 14:55:12",01:01:28,,,"Cable Curl",,,68.000,8,,,,NORMAL_SET,,
"Evening session","2025-04-20 14:55:12",01:01:28,,,"Cable Pushdown ",,,64.000,8,,,,NORMAL_SET,,
"Evening session","2025-04-20 14:55:12",01:01:28,,,"Cable Pushdown ",,,54.000,8,,,,NORMAL_SET,,
"Evening session","2025-04-20 14:55:12",01:01:28,,,"Cable Pushdown ",,,54.000,8,,,,NORMAL_SET,,
"Evening session","2025-04-17 19:15:11",01:46:36,,,Pull-up,,,65.000,8,,,,NORMAL_SET,,
"Evening session","2025-04-17 19:15:11",01:46:36,,,Pull-up,,,65.000,8,,,,NORMAL_SET,,
"Evening session","2025-04-17 19:15:11",01:46:36,,,Pull-up,,,65.000,8,,,,NORMAL_SET,,
"Evening session","2025-04-17 19:15:11",01:46:36,,,"Lever Preacher Curl",,,45.000,8,,,,NORMAL_SET,,
"Evening session","2025-04-17 19:15:11",01:46:36,,,"Lever Preacher Curl",,,50.000,8,,,,NORMAL_SET,,
"Evening session","2025-04-17 19:15:11",01:46:36,,,"Lever Preacher Curl",,,54.000,8,,,,NORMAL_SET,"2,2,2","1,2,3"
"Evening session","2025-04-17 19:15:11",01:46:36,,,"Cable Pushdown ",,,41.000,8,,,,NORMAL_SET,,
"Evening session","2025-04-17 19:15:11",01:46:36,,,"Cable Pushdown ",,,50.000,8,,,,NORMAL_SET,,
"Evening session","2025-04-17 19:15:11",01:46:36,,,"Cable Pushdown ",,,54.000,8,,,,NORMAL_SET,1,1
"Evening session","2025-04-17 19:15:11",01:46:36,,,"Cable Curl",,,64.000,8,,,,WARMUP_SET,,
"Evening session","2025-04-17 19:15:11",01:46:36,,,"Cable Curl",,,64.000,8,,,,NORMAL_SET,,
"Evening session","2025-04-17 19:15:11",01:46:36,,,"Cable Curl",,,64.000,8,,,,NORMAL_SET,,
"Evening session","2025-04-17 19:15:11",01:46:36,,,"Cable Wide-Grip Lat Pulldown ",,,73.000,8,,,,NORMAL_SET,,
"Evening session","2025-04-17 19:15:11",01:46:36,,,"Cable Wide-Grip Lat Pulldown ",,,79.000,8,,,,NORMAL_SET,,
"Evening session","2025-04-17 19:15:11",01:46:36,,,"Cable Wide-Grip Lat Pulldown ",,,79.000,8,,,,NORMAL_SET,,
"Evening session","2025-04-17 19:15:11",01:46:36,,,"Biceps Curl",,,20.000,8,,,,NORMAL_SET,,
"Evening session","2025-04-17 19:15:11",01:46:36,,,"Biceps Curl",,,20.000,8,,,,NORMAL_SET,,
"Evening session","2025-04-17 19:15:11",01:46:36,,,"Biceps Curl",,,20.000,8,,,,NORMAL_SET,,
"Evening session","2025-04-17 19:15:11",01:46:36,,,"Standing Military Press",,,40.000,8,,,,NORMAL_SET,,
"Evening session","2025-04-17 19:15:11",01:46:36,,,"Standing Military Press",,,40.000,8,,,,NORMAL_SET,,
"Evening session","2025-04-17 19:15:11",01:46:36,,,"Standing Military Press",,,40.000,8,,,,NORMAL_SET,,
"Evening session","2025-04-16 20:29:15",01:40:12,,,Pull-up,,,65.000,10,,,,NORMAL_SET,,
"Evening session","2025-04-16 20:29:15",01:40:12,,,Pull-up,,,65.000,8,,,,NORMAL_SET,,
"Evening session","2025-04-16 20:29:15",01:40:12,,,Pull-up,,,65.000,8,,,,NORMAL_SET,,
"Evening session","2025-04-16 20:29:15",01:40:12,,,"Concentration Curl",,,20.000,8,,,,NORMAL_SET,,
"Evening session","2025-04-16 20:29:15",01:40:12,,,"Concentration Curl",,,20.000,8,,,,NORMAL_SET,,
"Evening session","2025-04-16 20:29:15",01:40:12,,,"Concentration Curl",,,20.000,8,,,,NORMAL_SET,,
"Evening session","2025-04-16 20:29:15",01:40:12,,,"Cable Wide-Grip Lat Pulldown ",,,73.000,8,,,,NORMAL_SET,,
"Evening session","2025-04-16 20:29:15",01:40:12,,,"Cable Wide-Grip Lat Pulldown ",,,73.000,8,,,,NORMAL_SET,,
"Evening session","2025-04-16 20:29:15",01:40:12,,,"Cable Wide-Grip Lat Pulldown ",,,79.000,8,,,,NORMAL_SET,,
"Evening session","2025-04-16 20:29:15",01:40:12,,,"Cable Curl",,,64.000,8,,,,WARMUP_SET,,
"Evening session","2025-04-16 20:29:15",01:40:12,,,"Cable Curl",,,64.000,8,,,,NORMAL_SET,,
"Evening session","2025-04-16 20:29:15",01:40:12,,,"Cable Curl",,,64.000,8,,,,NORMAL_SET,,
"Evening session","2025-04-16 20:29:15",01:40:12,,,"Lever Seated Row",,,66.000,8,,,,NORMAL_SET,,
"Evening session","2025-04-16 20:29:15",01:40:12,,,"Lever Seated Row",,,59.000,8,,,,NORMAL_SET,,
"Evening session","2025-04-16 20:29:15",01:40:12,,,"Lever Seated Row",,,59.000,8,,,,NORMAL_SET,,
"Evening session","2025-04-16 20:29:15",01:40:12,,,"Biceps Curl",,,20.000,8,,,,NORMAL_SET,,
"Evening session","2025-04-16 20:29:15",01:40:12,,,"Biceps Curl",,,20.000,8,,,,NORMAL_SET,,
"Evening session","2025-04-16 20:29:15",01:40:12,,,"Biceps Curl",,,20.000,6,,,,NORMAL_SET,,
"Evening session","2025-04-14 20:40:24",01:09:00,,,"Lever Chest Press",,,86.000,8,,,,NORMAL_SET,,
"Evening session","2025-04-14 20:40:24",01:09:00,,,"Lever Chest Press",,,86.000,8,,,,NORMAL_SET,,
"Evening session","2025-04-14 20:40:24",01:09:00,,,"Lever Chest Press",,,100.000,5,,,,NORMAL_SET,,
"Evening session","2025-04-14 20:40:24",01:09:00,,,"Dips between Chairs",,,66.000,10,,,,NORMAL_SET,,
"Evening session","2025-04-14 20:40:24",01:09:00,,,"Dips between Chairs",,,66.000,10,,,,NORMAL_SET,,
"Evening session","2025-04-14 20:40:24",01:09:00,,,"Dips between Chairs",,,66.000,10,,,,NORMAL_SET,,
"Evening session","2025-04-14 20:40:24",01:09:00,,,"Cable Standing Fly",,,18.000,8,,,,NORMAL_SET,1,1
"Evening session","2025-04-14 20:40:24",01:09:00,,,"Cable Standing Fly",,,18.000,8,,,,NORMAL_SET,,
"Evening session","2025-04-14 20:40:24",01:09:00,,,"Cable Standing Fly",,,18.000,8,,,,NORMAL_SET,,
"Evening session","2025-04-14 20:40:24",01:09:00,,,"Incline Bench Press",,,26.000,8,,,,NORMAL_SET,,
"Evening session","2025-04-14 20:40:24",01:09:00,,,"Incline Bench Press",,,26.000,8,,,,NORMAL_SET,,
"Evening session","2025-04-14 20:40:24",01:09:00,,,"Incline Bench Press",,,28.000,8,,,,NORMAL_SET,,
"Evening session","2025-04-14 20:40:24",01:09:00,,,Kickback,,,12.000,10,,,,NORMAL_SET,,
"Evening session","2025-04-14 20:40:24",01:09:00,,,Kickback,,,12.000,10,,,,NORMAL_SET,,
"Evening session","2025-04-14 20:40:24",01:09:00,,,Kickback,,,12.000,10,,,,NORMAL_SET,,
"Evening session","2025-04-14 20:40:24",01:09:00,,,"Triceps Pushdown",,,64.000,8,,,,NORMAL_SET,,
"Evening session","2025-04-14 20:40:24",01:09:00,,,"Triceps Pushdown",,,64.000,8,,,,NORMAL_SET,,
"Evening session","2025-04-14 20:40:24",01:09:00,,,"Triceps Pushdown",,,73.000,8,,,,NORMAL_SET,"2,2","1,2"
"Evening session","2025-04-13 15:23:16",00:52:11,,,"Lever Leg Extension",,,66.000,10,,,,NORMAL_SET,,
"Evening session","2025-04-13 15:23:16",00:52:11,,,"Lever Leg Extension",,,66.000,10,,,,NORMAL_SET,,
"Evening session","2025-04-13 15:23:16",00:52:11,,,"Lever Leg Extension",,,73.000,10,,,,NORMAL_SET,3,3
"Evening session","2025-04-13 15:23:16",00:52:11,,,"Smith Full Squat",,,80.000,8,,,,NORMAL_SET,,
"Evening session","2025-04-13 15:23:16",00:52:11,,,"Smith Full Squat",,,80.000,8,,,,NORMAL_SET,,
"Evening session","2025-04-13 15:23:16",00:52:11,,,"Smith Full Squat",,,80.000,8,,,,NORMAL_SET,,
"Evening session","2025-04-13 15:23:16",00:52:11,,,"Standing Military Press",,,40.000,8,,,,NORMAL_SET,"2,2,2","1,3,4"
"Evening session","2025-04-13 15:23:16",00:52:11,,,"Standing Military Press",,,40.000,8,,,,NORMAL_SET,"3,3,3","1,3,4"
"Evening session","2025-04-13 15:23:16",00:52:11,,,"Standing Military Press",,,40.000,8,,,,NORMAL_SET,,
"Evening session","2025-04-13 15:23:16",00:52:11,,,"Cable Pushdown ",,,54.000,8,,,,NORMAL_SET,,
"Evening session","2025-04-13 15:23:16",00:52:11,,,"Cable Pushdown ",,,59.000,8,,,,NORMAL_SET,,
"Evening session","2025-04-13 15:23:16",00:52:11,,,"Cable Pushdown ",,,59.000,8,,,,NORMAL_SET,,
"Evening session","2025-04-09 20:41:57",01:39:40,,,"Lever Seated Fly",,,79.000,8,,,,NORMAL_SET,3,1
"Evening session","2025-04-09 20:41:57",01:39:40,,,"Lever Seated Fly",,,93.000,8,,,,NORMAL_SET,"1,1,2","1,2,3"
"Evening session","2025-04-09 20:41:57",01:39:40,,,"Lever Seated Fly",,,86.000,8,,,,NORMAL_SET,"2,2,3","1,2,3"
"Evening session","2025-04-09 20:41:57",01:39:40,,,"Cable Pushdown ",,,54.000,8,,,,NORMAL_SET,,
"Evening session","2025-04-09 20:41:57",01:39:40,,,"Cable Pushdown ",,,59.000,8,,,,NORMAL_SET,,
"Evening session","2025-04-09 20:41:57",01:39:40,,,"Cable Pushdown ",,,59.000,8,,,,NORMAL_SET,,
"Evening session","2025-04-09 20:41:57",01:39:40,,,"Lever Chest Press",,,86.000,8,,,,NORMAL_SET,,
"Evening session","2025-04-09 20:41:57",01:39:40,,,"Lever Chest Press",,,86.000,8,,,,NORMAL_SET,,
"Evening session","2025-04-09 20:41:57",01:39:40,,,"Lever Chest Press",,,100.000,6,,,,NORMAL_SET,,
"Evening session","2025-04-09 20:41:57",01:39:40,,,"Dips between Chairs",,,66.000,10,,,,NORMAL_SET,,
"Evening session","2025-04-09 20:41:57",01:39:40,,,"Dips between Chairs",,,66.000,10,,,,NORMAL_SET,,
"Evening session","2025-04-09 20:41:57",01:39:40,,,"Dips between Chairs",,,66.000,10,,,,NORMAL_SET,,
"Evening session","2025-04-09 20:41:57",01:39:40,,,"Incline Bench Press",,,26.000,8,,,,NORMAL_SET,,
"Evening session","2025-04-09 20:41:57",01:39:40,,,"Incline Bench Press",,,26.000,8,,,,NORMAL_SET,,
"Evening session","2025-04-09 20:41:57",01:39:40,,,"Incline Bench Press",,,26.000,8,,,,NORMAL_SET,,
"Evening session","2025-04-09 20:41:57",01:39:40,,,"Lever Seated Dip",,,91.000,10,,,,NORMAL_SET,,
"Evening session","2025-04-09 20:41:57",01:39:40,,,"Lever Seated Dip",,,91.000,10,,,,NORMAL_SET,,
"Evening session","2025-04-09 20:41:57",01:39:40,,,"Lever Seated Dip",,,91.000,10,,,,NORMAL_SET,,
"Evening session","2025-04-08 19:46:49",01:30:41,,,Pull-up,,,65.000,8,,,,NORMAL_SET,,
"Evening session","2025-04-08 19:46:49",01:30:41,,,Pull-up,,,65.000,8,,,,NORMAL_SET,,
"Evening session","2025-04-08 19:46:49",01:30:41,,,Pull-up,,,65.000,8,,,,NORMAL_SET,,
"Evening session","2025-04-08 19:46:49",01:30:41,,,"Cable Wide-Grip Lat Pulldown ",,,73.000,8,,,,NORMAL_SET,,
"Evening session","2025-04-08 19:46:49",01:30:41,,,"Cable Wide-Grip Lat Pulldown ",,,73.000,8,,,,NORMAL_SET,,
"Evening session","2025-04-08 19:46:49",01:30:41,,,"Cable Wide-Grip Lat Pulldown ",,,79.000,8,,,,NORMAL_SET,,
"Evening session","2025-04-08 19:46:49",01:30:41,,,"Biceps Curl",,,18.000,8,,,,NORMAL_SET,,
"Evening session","2025-04-08 19:46:49",01:30:41,,,"Biceps Curl",,,18.000,8,,,,NORMAL_SET,,
"Evening session","2025-04-08 19:46:49",01:30:41,,,"Biceps Curl",,,18.000,8,,,,NORMAL_SET,,
"Evening session","2025-04-08 19:46:49",01:30:41,,,"Lever Seated Row",,,66.000,8,,,,NORMAL_SET,,
"Evening session","2025-04-08 19:46:49",01:30:41,,,"Lever Seated Row",,,59.000,8,,,,NORMAL_SET,,
"Evening session","2025-04-08 19:46:49",01:30:41,,,"Lever Seated Row",,,59.000,8,,,,NORMAL_SET,,
"Evening session","2025-04-08 19:46:49",01:30:41,,,"Cable Curl",,,64.000,8,,,,WARMUP_SET,,
"Evening session","2025-04-08 19:46:49",01:30:41,,,"Cable Curl",,,64.000,8,,,,NORMAL_SET,,
"Evening session","2025-04-08 19:46:49",01:30:41,,,"Cable Curl",,,64.000,8,,,,NORMAL_SET,,
"Evening session","2025-04-08 19:46:49",01:30:41,,,"Hammer Curl",,,18.000,8,,,,NORMAL_SET,1,1
"Evening session","2025-04-08 19:46:49",01:30:41,,,"Hammer Curl",,,18.000,8,,,,NORMAL_SET,,
"Evening session","2025-04-08 19:46:49",01:30:41,,,"Hammer Curl",,,18.000,8,,,,NORMAL_SET,,
"Evening session","2025-04-08 19:46:49",01:30:41,,,"Standing Military Press",,,40.000,8,,,,NORMAL_SET,1,1
"Evening session","2025-04-08 19:46:49",01:30:41,,,"Standing Military Press",,,40.000,7,,,,NORMAL_SET,,
"Evening session","2025-04-08 19:46:49",01:30:41,,,"Standing Military Press",,,40.000,7,,,,NORMAL_SET,,
"Evening session","2025-04-06 21:36:11",01:13:31,,,"Cable Pushdown ",,,54.000,8,,,,NORMAL_SET,,
"Evening session","2025-04-06 21:36:11",01:13:31,,,"Cable Pushdown ",,,59.000,8,,,,NORMAL_SET,,
"Evening session","2025-04-06 21:36:11",01:13:31,,,"Cable Pushdown ",,,59.000,8,,,,NORMAL_SET,,
"Evening session","2025-04-06 21:36:11",01:13:31,,,"Dumbbell Incline Biceps Curl",,,18.000,8,,,,NORMAL_SET,,
"Evening session","2025-04-06 21:36:11",01:13:31,,,"Dumbbell Incline Biceps Curl",,,18.000,8,,,,NORMAL_SET,,
"Evening session","2025-04-06 21:36:11",01:13:31,,,"Dumbbell Incline Biceps Curl",,,18.000,8,,,,NORMAL_SET,,
"Evening session","2025-04-06 21:36:11",01:13:31,,,"Lever Chest Press",,,113.000,7,,,,NORMAL_SET,1,1
"Evening session","2025-04-06 21:36:11",01:13:31,,,"Lever Chest Press",,,80.000,8,,,,NORMAL_SET,,
"Evening session","2025-04-06 21:36:11",01:13:31,,,"Lever Chest Press",,,86.000,8,,,,NORMAL_SET,,
"Evening session","2025-04-06 21:36:11",01:13:31,,,"Cable Wide-Grip Lat Pulldown ",,,79.000,8,,,,NORMAL_SET,,
"Evening session","2025-04-06 21:36:11",01:13:31,,,"Cable Wide-Grip Lat Pulldown ",,,79.000,8,,,,NORMAL_SET,,
"Evening session","2025-04-06 21:36:11",01:13:31,,,"Cable Wide-Grip Lat Pulldown ",,,86.000,8,,,,NORMAL_SET,"3,3,3","1,2,3"
"Evening session","2025-04-05 20:32:06",01:03:26,,,"Smith Full Squat",,,80.000,8,,,,NORMAL_SET,,
"Evening session","2025-04-05 20:32:06",01:03:26,,,"Smith Full Squat",,,80.000,8,,,,NORMAL_SET,,
"Evening session","2025-04-05 20:32:06",01:03:26,,,"Smith Full Squat",,,100.000,8,,,,NORMAL_SET,"1,1,1","1,2,3"
"Evening session","2025-04-05 20:32:06",01:03:26,,,"Lever Leg Extension",,,66.000,8,,,,NORMAL_SET,,
"Evening session","2025-04-05 20:32:06",01:03:26,,,"Lever Leg Extension",,,66.000,8,,,,NORMAL_SET,,
"Evening session","2025-04-05 20:32:06",01:03:26,,,"Lever Leg Extension",,,66.000,8,,,,NORMAL_SET,,
"Evening session","2025-04-05 20:32:06",01:03:26,,,"Seated Shoulder Press",,,20.000,8,,,,NORMAL_SET,,
"Evening session","2025-04-05 20:32:06",01:03:26,,,"Seated Shoulder Press",,,20.000,8,,,,NORMAL_SET,,
"Evening session","2025-04-05 20:32:06",01:03:26,,,"Seated Shoulder Press",,,20.000,8,,,,NORMAL_SET,,
"Evening session","2025-04-05 20:32:06",01:03:26,,,"Barbell Standing Military Press ",,,40.000,7,,,,NORMAL_SET,1,1
"Evening session","2025-04-05 20:32:06",01:03:26,,,"Barbell Standing Military Press ",,,40.000,6,,,,NORMAL_SET,,
"Evening session","2025-04-05 20:32:06",01:03:26,,,"Barbell Standing Military Press ",,,40.000,5,,,,NORMAL_SET,,
"Evening session","2025-04-05 20:32:06",01:03:26,,,"Cable Pushdown ",,,54.000,10,,,,NORMAL_SET,,
"Evening session","2025-04-05 20:32:06",01:03:26,,,"Cable Pushdown ",,,59.000,8,,,,NORMAL_SET,,
"Evening session","2025-04-05 20:32:06",01:03:26,,,"Cable Pushdown ",,,59.000,8,,,,NORMAL_SET,,
"Evening session","2025-04-05 20:32:06",01:03:26,,,"Cable Curl",,,64.000,8,,,,WARMUP_SET,,
"Evening session","2025-04-05 20:32:06",01:03:26,,,"Cable Curl",,,64.000,8,,,,NORMAL_SET,,
"Evening session","2025-04-05 20:32:06",01:03:26,,,"Cable Curl",,,64.000,8,,,,NORMAL_SET,,
"Evening session","2025-04-05 20:32:06",01:03:26,,,"Dips between Chairs",,,66.000,10,,,,NORMAL_SET,,
"Evening session","2025-04-05 20:32:06",01:03:26,,,"Dips between Chairs",,,66.000,10,,,,NORMAL_SET,,
"Evening session","2025-04-02 18:39:54",01:41:51,,,"Dumbbell One Arm Low Fly",,,14.000,8,,,,NORMAL_SET,,
"Evening session","2025-04-02 18:39:54",01:41:51,,,"Dumbbell One Arm Low Fly",,,16.000,8,,,,NORMAL_SET,"2,2,2","1,2,3"
"Evening session","2025-04-02 18:39:54",01:41:51,,,"Dumbbell One Arm Low Fly",,,16.000,8,,,,NORMAL_SET,"3,3,3","1,2,3"
"Evening session","2025-04-02 18:39:54",01:41:51,,,"Triceps Pushdown",,,64.000,8,,,,NORMAL_SET,,
"Evening session","2025-04-02 18:39:54",01:41:51,,,"Triceps Pushdown",,,64.000,8,,,,NORMAL_SET,,
"Evening session","2025-04-02 18:39:54",01:41:51,,,"Triceps Pushdown",,,73.000,8,,,,NORMAL_SET,"1,1","1,2"
"Evening session","2025-04-02 18:39:54",01:41:51,,,"Lever Chest Press",,,93.000,7,,,,NORMAL_SET,,
"Evening session","2025-04-02 18:39:54",01:41:51,,,"Lever Chest Press",,,80.000,8,,,,NORMAL_SET,,
"Evening session","2025-04-02 18:39:54",01:41:51,,,"Lever Chest Press",,,80.000,8,,,,NORMAL_SET,,
"Evening session","2025-04-02 18:39:54",01:41:51,,,"Dips between Chairs",,,66.000,8,,,,NORMAL_SET,,
"Evening session","2025-04-02 18:39:54",01:41:51,,,"Dips between Chairs",,,66.000,8,,,,NORMAL_SET,,
"Evening session","2025-04-02 18:39:54",01:41:51,,,"Dips between Chairs",,,66.000,8,,,,NORMAL_SET,,
"Evening session","2025-04-02 18:39:54",01:41:51,,,"Reverse Push-up",,,66.000,8,,,,NORMAL_SET,,
"Evening session","2025-04-02 18:39:54",01:41:51,,,"Reverse Push-up",,,66.000,8,,,,NORMAL_SET,,
"Evening session","2025-04-02 18:39:54",01:41:51,,,"Reverse Push-up",,,66.000,8,,,,NORMAL_SET,,
"Evening session","2025-04-02 18:39:54",01:41:51,,,"Incline Bench Press",,,28.000,6,,,,NORMAL_SET,,
"Evening session","2025-04-02 18:39:54",01:41:51,,,"Incline Bench Press",,,24.000,8,,,,NORMAL_SET,,
"Evening session","2025-04-02 18:39:54",01:41:51,,,"Incline Bench Press",,,24.000,8,,,,NORMAL_SET,,
"Evening session","2025-03-31 20:34:48",01:13:48,,,"Muscle-up ",,,67.000,8,,,,NORMAL_SET,,
"Evening session","2025-03-31 20:34:48",01:13:48,,,Pull-up,,,65.000,8,,,,NORMAL_SET,,
"Evening session","2025-03-31 20:34:48",01:13:48,,,Pull-up,,,65.000,8,,,,NORMAL_SET,,
"Evening session","2025-03-31 20:34:48",01:13:48,,,"Lever Seated Row",,,66.000,8,,,,NORMAL_SET,,
"Evening session","2025-03-31 20:34:48",01:13:48,,,"Lever Seated Row",,,52.000,8,,,,NORMAL_SET,,
"Evening session","2025-03-31 20:34:48",01:13:48,,,"Lever Seated Row",,,59.000,8,,,,NORMAL_SET,,
"Evening session","2025-03-31 20:34:48",01:13:48,,,"Biceps Curl",,,18.000,8,,,,NORMAL_SET,,
"Evening session","2025-03-31 20:34:48",01:13:48,,,"Biceps Curl",,,18.000,8,,,,NORMAL_SET,,
"Evening session","2025-03-31 20:34:48",01:13:48,,,"Biceps Curl",,,18.000,8,,,,NORMAL_SET,,
"Evening session","2025-03-31 20:34:48",01:13:48,,,"Dumbbell Incline Biceps Curl",,,18.000,8,,,,NORMAL_SET,,
"Evening session","2025-03-31 20:34:48",01:13:48,,,"Dumbbell Incline Biceps Curl",,,18.000,8,,,,NORMAL_SET,,
"Evening session","2025-03-31 20:34:48",01:13:48,,,"Dumbbell Incline Biceps Curl",,,18.000,8,,,,NORMAL_SET,,
"Evening session","2025-03-31 20:34:48",01:13:48,,,"Cable Curl",,,64.000,8,,,,WARMUP_SET,,
"Evening session","2025-03-31 20:34:48",01:13:48,,,"Cable Curl",,,64.000,8,,,,NORMAL_SET,,
"Evening session","2025-03-31 20:34:48",01:13:48,,,"Cable Curl",,,64.000,8,,,,NORMAL_SET,,
"Evening session","2025-03-31 20:34:48",01:13:48,,,"Cable Bar Lateral Pulldown",,,79.000,6,,,,NORMAL_SET,,
"Evening session","2025-03-31 20:34:48",01:13:48,,,"Cable Bar Lateral Pulldown",,,86.000,5,,,,NORMAL_SET,1,1
"Evening session","2025-03-31 20:34:48",01:13:48,,,"Cable Bar Lateral Pulldown",,,79.000,4,,,,NORMAL_SET,,
"chest bicep","2025-03-28 17:54:00",01:14:27,,"Chest, shoulder and bicep","Lever Seated Fly",,,73.000,8,,,,NORMAL_SET,3,4
"chest bicep","2025-03-28 17:54:00",01:14:27,,"Chest, shoulder and bicep","Lever Seated Fly",,,79.000,8,,,,NORMAL_SET,"2,3","1,2"
"chest bicep","2025-03-28 17:54:00",01:14:27,,"Chest, shoulder and bicep","Lever Seated Fly",,,86.000,8,,,,NORMAL_SET,"1,1,2","1,2,3"
"chest bicep","2025-03-28 17:54:00",01:14:27,,"Chest, shoulder and bicep","Biceps Curl",,,20.000,8,,,,NORMAL_SET,,
"chest bicep","2025-03-28 17:54:00",01:14:27,,"Chest, shoulder and bicep","Biceps Curl",,,20.000,8,,,,NORMAL_SET,,
"chest bicep","2025-03-28 17:54:00",01:14:27,,"Chest, shoulder and bicep","Biceps Curl",,,20.000,8,,,,NORMAL_SET,,
"chest bicep","2025-03-28 17:54:00",01:14:27,,"Chest, shoulder and bicep","Lever Chest Press",,,80.000,8,,,,NORMAL_SET,,
"chest bicep","2025-03-28 17:54:00",01:14:27,,"Chest, shoulder and bicep","Lever Chest Press",,,93.000,8,,,,NORMAL_SET,,
"chest bicep","2025-03-28 17:54:00",01:14:27,,"Chest, shoulder and bicep","Lever Chest Press",,,100.000,8,,,,NORMAL_SET,,
"chest bicep","2025-03-28 17:54:00",01:14:27,,"Chest, shoulder and bicep","Cable Curl",,,64.000,8,,,,WARMUP_SET,,
"chest bicep","2025-03-28 17:54:00",01:14:27,,"Chest, shoulder and bicep","Cable Curl",,,68.000,8,,,,NORMAL_SET,,
"chest bicep","2025-03-28 17:54:00",01:14:27,,"Chest, shoulder and bicep","Cable Curl",,,73.000,8,,,,NORMAL_SET,"1,1","1,2"
"chest bicep","2025-03-28 17:54:00",01:14:27,,"Chest, shoulder and bicep","Concentration Curl",,,20.000,8,,,,NORMAL_SET,,
"chest bicep","2025-03-28 17:54:00",01:14:27,,"Chest, shoulder and bicep","Concentration Curl",,,20.000,8,,,,NORMAL_SET,,
"chest bicep","2025-03-28 17:54:00",01:14:27,,"Chest, shoulder and bicep","Concentration Curl",,,20.000,8,,,,NORMAL_SET,,
"chest bicep","2025-03-28 17:54:00",01:14:27,,"Chest, shoulder and bicep","Lever Seated Shoulder Press",,,36.000,8,,,,NORMAL_SET,,
"chest bicep","2025-03-28 17:54:00",01:14:27,,"Chest, shoulder and bicep","Lever Seated Shoulder Press",,,41.000,8,,,,NORMAL_SET,"3,3,3","1,2,3"
"chest bicep","2025-03-28 17:54:00",01:14:27,,"Chest, shoulder and bicep","Lever Seated Shoulder Press",,,41.000,8,,,,NORMAL_SET,,
"chest bicep","2025-03-28 17:54:00",01:14:27,,"Chest, shoulder and bicep","Chest Dip",,,66.000,8,,,,NORMAL_SET,,
"chest bicep","2025-03-28 17:54:00",01:14:27,,"Chest, shoulder and bicep","Chest Dip",,,66.000,8,,,,NORMAL_SET,,
"chest bicep","2025-03-28 17:54:00",01:14:27,,"Chest, shoulder and bicep","Chest Dip",,,66.000,8,,,,NORMAL_SET,,
"chest bicep","2025-03-28 17:54:00",01:14:27,,"Chest, shoulder and bicep","Dumbbell Lateral Raise",,,18.000,6,,,,NORMAL_SET,1,1
"chest bicep","2025-03-28 17:54:00",01:14:27,,"Chest, shoulder and bicep","Dumbbell Lateral Raise",,,18.000,6,,,,NORMAL_SET,,
"chest bicep","2025-03-28 17:54:00",01:14:27,,"Chest, shoulder and bicep","Dumbbell Lateral Raise",,,18.000,6,,,,NORMAL_SET,,
"Evening session","2025-03-24 19:14:50",01:54:50,,,"Muscle-up ",,,67.000,8,,,,NORMAL_SET,,
"Evening session","2025-03-24 19:14:50",01:54:50,,,Pull-up,,,65.000,8,,,,NORMAL_SET,,
"Evening session","2025-03-24 19:14:50",01:54:50,,,Pull-up,,,65.000,8,,,,NORMAL_SET,,
"Evening session","2025-03-24 19:14:50",01:54:50,,,"Lever Seated Row",,,66.000,8,,,,NORMAL_SET,,
"Evening session","2025-03-24 19:14:50",01:54:50,,,"Lever Seated Row",,,66.000,6,,,,NORMAL_SET,,
"Evening session","2025-03-24 19:14:50",01:54:50,,,"Lever Seated Row",,,66.000,6,,,,NORMAL_SET,,
"Evening session","2025-03-24 19:14:50",01:54:50,,,"Cable Pushdown ",,,54.000,10,,,,NORMAL_SET,,
"Evening session","2025-03-24 19:14:50",01:54:50,,,"Cable Pushdown ",,,59.000,10,,,,NORMAL_SET,,
"Evening session","2025-03-24 19:14:50",01:54:50,,,"Cable Pushdown ",,,59.000,9,,,,NORMAL_SET,,
"Evening session","2025-03-24 19:14:50",01:54:50,,,"Dips between Chairs",,,66.000,10,,,,NORMAL_SET,,
"Evening session","2025-03-24 19:14:50",01:54:50,,,"Dips between Chairs",,,66.000,10,,,,NORMAL_SET,,
"Evening session","2025-03-24 19:14:50",01:54:50,,,"Dips between Chairs",,,66.000,10,,,,NORMAL_SET,,
"Evening session","2025-03-24 19:14:50",01:54:50,,,"Cable Wide-Grip Lat Pulldown ",,,66.000,8,,,,NORMAL_SET,,
"Evening session","2025-03-24 19:14:50",01:54:50,,,"Cable Wide-Grip Lat Pulldown ",,,66.000,8,,,,NORMAL_SET,,
"Evening session","2025-03-24 19:14:50",01:54:50,,,"Cable Wide-Grip Lat Pulldown ",,,79.000,8,,,,NORMAL_SET,,
"Evening session","2025-03-24 19:14:50",01:54:50,,,"Cable Curl",,,59.000,10,,,,WARMUP_SET,,
"Evening session","2025-03-24 19:14:50",01:54:50,,,"Cable Curl",,,64.000,8,,,,NORMAL_SET,,
"Evening session","2025-03-24 19:14:50",01:54:50,,,"Cable Curl",,,68.000,8,,,,NORMAL_SET,"3,3","1,2"
"Evening session","2025-03-24 19:14:50",01:54:50,,,"High Pulley Overhead Tricep Extension",,,54.000,8,,,,NORMAL_SET,,
"Evening session","2025-03-24 19:14:50",01:54:50,,,"High Pulley Overhead Tricep Extension",,,54.000,8,,,,NORMAL_SET,,
"Evening session","2025-03-24 19:14:50",01:54:50,,,"High Pulley Overhead Tricep Extension",,,54.000,8,,,,NORMAL_SET,,
"Evening session","2025-03-24 19:14:50",01:54:50,,,"Reverse Push-up",,,66.000,8,,,,NORMAL_SET,1,1
"Evening session","2025-03-24 19:14:50",01:54:50,,,"Reverse Push-up",,,66.000,8,,,,NORMAL_SET,,
"Evening session","2025-03-24 19:14:50",01:54:50,,,"Reverse Push-up",,,66.000,8,,,,NORMAL_SET,,
"Evening session","2025-03-24 19:14:50",01:54:50,,,"Biceps Curl",,,22.000,8,,,,NORMAL_SET,"1,2","1,2"
"Evening session","2025-03-24 19:14:50",01:54:50,,,"Biceps Curl",,,22.000,8,,,,NORMAL_SET,"2,3","1,2"
"Evening session","2025-03-24 19:14:50",01:54:50,,,"Biceps Curl",,,22.000,8,,,,NORMAL_SET,3,1
"Evening session","2025-03-24 19:14:50",01:54:50,,,"Dumbbell Incline Biceps Curl",,,18.000,8,,,,NORMAL_SET,,
"Evening session","2025-03-24 19:14:50",01:54:50,,,"Dumbbell Incline Biceps Curl",,,18.000,8,,,,NORMAL_SET,,
"Evening session","2025-03-24 19:14:50",01:54:50,,,"Dumbbell Incline Biceps Curl",,,18.000,8,,,,NORMAL_SET,,
"Evening session","2025-03-23 19:19:46",01:46:09,,,"Lever Seated Leg Press",,,120.000,8,,,,NORMAL_SET,,
"Evening session","2025-03-23 19:19:46",01:46:09,,,"Lever Seated Leg Press",,,127.000,8,,,,NORMAL_SET,"2,2","1,2"
"Evening session","2025-03-23 19:19:46",01:46:09,,,"Lever Seated Leg Press",,,141.000,8,,,,NORMAL_SET,"1,1,3","1,2,3"
"Evening session","2025-03-23 19:19:46",01:46:09,,,"Smith Full Squat",,,80.000,8,,,,NORMAL_SET,1,1
"Evening session","2025-03-23 19:19:46",01:46:09,,,"Smith Full Squat",,,80.000,8,,,,NORMAL_SET,,
"Evening session","2025-03-23 19:19:46",01:46:09,,,"Smith Full Squat",,,80.000,8,,,,NORMAL_SET,,
"Evening session","2025-03-23 19:19:46",01:46:09,,,"Lever Leg Extension",,,66.000,8,,,,NORMAL_SET,,
"Evening session","2025-03-23 19:19:46",01:46:09,,,"Lever Leg Extension",,,66.000,8,,,,NORMAL_SET,,
"Evening session","2025-03-23 19:19:46",01:46:09,,,"Lever Leg Extension",,,66.000,8,,,,NORMAL_SET,,
"Evening session","2025-03-23 19:19:46",01:46:09,,,"Lever Chest Press",,,80.000,8,,,,NORMAL_SET,,
"Evening session","2025-03-23 19:19:46",01:46:09,,,"Lever Chest Press",,,100.000,5,,,,NORMAL_SET,,
"Evening session","2025-03-23 19:19:46",01:46:09,,,"Lever Chest Press",,,80.000,8,,,,NORMAL_SET,,
"Evening session","2025-03-23 19:19:46",01:46:09,,,"Chest Dip",,,66.000,8,,,,NORMAL_SET,,
"Evening session","2025-03-23 19:19:46",01:46:09,,,"Chest Dip",,,66.000,8,,,,NORMAL_SET,,
"Evening session","2025-03-23 19:19:46",01:46:09,,,"Chest Dip",,,66.000,8,,,,NORMAL_SET,,
"Evening session","2025-03-23 19:19:46",01:46:09,,,"Seated Shoulder Press",,,20.000,8,,,,NORMAL_SET,1,1
"Evening session","2025-03-23 19:19:46",01:46:09,,,"Seated Shoulder Press",,,20.000,8,,,,NORMAL_SET,,
"Evening session","2025-03-23 19:19:46",01:46:09,,,"Seated Shoulder Press",,,20.000,8,,,,NORMAL_SET,,
"Evening session","2025-03-18 20:38:03",01:04:37,,,Pull-up,,,65.000,10,,,,NORMAL_SET,,
"Evening session","2025-03-18 20:38:03",01:04:37,,,Pull-up,,,65.000,10,,,,NORMAL_SET,,
"Evening session","2025-03-18 20:38:03",01:04:37,,,"Muscle-up ",,,67.000,10,,,,NORMAL_SET,"2,2","1,3"
"Evening session","2025-03-18 20:38:03",01:04:37,,,"Cable Pushdown ",,,54.000,10,,,,NORMAL_SET,,
"Evening session","2025-03-18 20:38:03",01:04:37,,,"Cable Pushdown ",,,59.000,10,,,,NORMAL_SET,,
"Evening session","2025-03-18 20:38:03",01:04:37,,,"Cable Pushdown ",,,59.000,9,,,,NORMAL_SET,,
"Evening session","2025-03-18 20:38:03",01:04:37,,,"Lever Seated Dip",,,91.000,10,,,,NORMAL_SET,"2,2,2","1,2,3"
"Evening session","2025-03-18 20:38:03",01:04:37,,,"Lever Seated Dip",,,91.000,10,,,,NORMAL_SET,"3,3,3","1,2,3"
"Evening session","2025-03-18 20:38:03",01:04:37,,,"Lever Seated Dip",,,91.000,10,,,,NORMAL_SET,,
"Evening session","2025-03-18 20:38:03",01:04:37,,,"Lever Seated Row ",,,79.000,10,,,,NORMAL_SET,,
"Evening session","2025-03-18 20:38:03",01:04:37,,,"Lever Seated Row ",,,86.000,10,,,,NORMAL_SET,,
"Evening session","2025-03-18 20:38:03",01:04:37,,,"Lever Seated Row ",,,100.000,8,,,,NORMAL_SET,"1,1","1,2"
"Evening session","2025-03-18 20:38:03",01:04:37,,,"Straight Back Seated Row",,,73.000,6,,,,NORMAL_SET,"2,2","1,2"
"Evening session","2025-03-18 20:38:03",01:04:37,,,"Straight Back Seated Row",,,73.000,6,,,,NORMAL_SET,"3,3","1,2"
"Evening session","2025-03-18 20:38:03",01:04:37,,,"Straight Back Seated Row",,,73.000,6,,,,NORMAL_SET,,
"Evening session","2025-03-17 18:56:42",01:31:32,,,"Biceps Curl",,,18.000,8,,,,NORMAL_SET,,
"Evening session","2025-03-17 18:56:42",01:31:32,,,"Biceps Curl",,,20.000,8,,,,NORMAL_SET,,
"Evening session","2025-03-17 18:56:42",01:31:32,,,"Biceps Curl",,,20.000,8,,,,NORMAL_SET,,
"Evening session","2025-03-17 18:56:42",01:31:32,,,"Chest Dip",,,66.000,10,,,,NORMAL_SET,1,1
"Evening session","2025-03-17 18:56:42",01:31:32,,,"Chest Dip",,,66.000,10,,,,NORMAL_SET,,
"Evening session","2025-03-17 18:56:42",01:31:32,,,"Chest Dip",,,66.000,10,,,,NORMAL_SET,,
"Evening session","2025-03-17 18:56:42",01:31:32,,,"Dumbbell Incline Biceps Curl",,,20.000,8,,,,NORMAL_SET,"1,2","1,3"
"Evening session","2025-03-17 18:56:42",01:31:32,,,"Dumbbell Incline Biceps Curl",,,20.000,8,,,,NORMAL_SET,"2,3","1,3"
"Evening session","2025-03-17 18:56:42",01:31:32,,,"Dumbbell Incline Biceps Curl",,,20.000,6,,,,NORMAL_SET,3,1
"Evening session","2025-03-17 18:56:42",01:31:32,,,"Incline Bench Press",,,26.000,8,,,,NORMAL_SET,,
"Evening session","2025-03-17 18:56:42",01:31:32,,,"Incline Bench Press",,,28.000,8,,,,NORMAL_SET,"3,3,3","1,2,3"
"Evening session","2025-03-17 18:56:42",01:31:32,,,"Incline Bench Press",,,28.000,8,,,,NORMAL_SET,,
"Evening session","2025-03-17 18:56:42",01:31:32,,,"Lever Chest Press",,,80.000,10,,,,NORMAL_SET,,
"Evening session","2025-03-17 18:56:42",01:31:32,,,"Lever Chest Press",,,93.000,8,,,,NORMAL_SET,,
"Evening session","2025-03-17 18:56:42",01:31:32,,,"Lever Chest Press",,,100.000,8,,,,NORMAL_SET,,
"Evening session","2025-03-17 18:56:42",01:31:32,,,"Cable Curl",,,59.000,10,,,,WARMUP_SET,,
"Evening session","2025-03-17 18:56:42",01:31:32,,,"Cable Curl",,,64.000,8,,,,NORMAL_SET,,
"Evening session","2025-03-17 18:56:42",01:31:32,,,"Cable Curl",,,68.000,8,,,,NORMAL_SET,"2,2","1,2"
"Evening session","2025-03-14 22:15:00",00:42:40,,,Push-up,,,66.000,10,,,,NORMAL_SET,1,1
"Evening session","2025-03-14 22:15:00",00:42:40,,,Push-up,,,66.000,10,,,,NORMAL_SET,,
"Evening session","2025-03-14 22:15:00",00:42:40,,,Push-up,,,66.000,10,,,,NORMAL_SET,,
"Evening session","2025-03-14 22:15:00",00:42:40,,,"Dip on Floor with Chair ",,,66.000,10,,,,NORMAL_SET,1,1
"Evening session","2025-03-14 22:15:00",00:42:40,,,"Dip on Floor with Chair ",,,66.000,10,,,,NORMAL_SET,,
"Evening session","2025-03-14 22:15:00",00:42:40,,,"Dip on Floor with Chair ",,,66.000,10,,,,NORMAL_SET,,
"Evening session","2025-03-14 22:15:00",00:42:40,,,"Pseudo Planche Push-up",,,66.000,8,,,,NORMAL_SET,1,1
"Evening session","2025-03-14 22:15:00",00:42:40,,,"Pseudo Planche Push-up",,,66.000,8,,,,NORMAL_SET,,
"Evening session","2025-03-14 22:15:00",00:42:40,,,"Pseudo Planche Push-up",,,66.000,8,,,,NORMAL_SET,,
"Evening session","2025-03-14 22:15:00",00:42:40,,,"Archer Push up",,,66.000,8,,,,NORMAL_SET,1,1
"Evening session","2025-03-14 22:15:00",00:42:40,,,"Archer Push up",,,66.000,8,,,,NORMAL_SET,,
"Evening session","2025-03-14 22:15:00",00:42:40,,,"Archer Push up",,,66.000,8,,,,NORMAL_SET,,
"Evening session","2025-03-13 19:18:14",00:31:06,,,"Concentration Curl",,,18.000,8,,,,NORMAL_SET,,
"Evening session","2025-03-13 19:18:14",00:31:06,,,"Concentration Curl",,,20.000,8,,,,NORMAL_SET,,
"Evening session","2025-03-13 19:18:14",00:31:06,,,"Concentration Curl",,,20.000,8,,,,NORMAL_SET,,
"Evening session","2025-03-13 19:18:14",00:31:06,,,"Dips between Chairs",,,66.000,10,,,,NORMAL_SET,,
"Evening session","2025-03-13 19:18:14",00:31:06,,,"Dips between Chairs",,,66.000,10,,,,NORMAL_SET,,
"Evening session","2025-03-13 19:18:14",00:31:06,,,"Dips between Chairs",,,66.000,10,,,,NORMAL_SET,,
"Evening session","2025-03-13 19:18:14",00:31:06,,,"Cable Pushdown ",,,54.000,10,,,,NORMAL_SET,,
"Evening session","2025-03-13 19:18:14",00:31:06,,,"Cable Pushdown ",,,59.000,8,,,,NORMAL_SET,,
"Evening session","2025-03-13 19:18:14",00:31:06,,,"Cable Pushdown ",,,59.000,8,,,,NORMAL_SET,,
"Evening session","2025-03-13 19:18:14",00:31:06,,,"Cable Curl",,,59.000,10,,,,WARMUP_SET,,
"Evening session","2025-03-13 19:18:14",00:31:06,,,"Cable Curl",,,64.000,8,,,,NORMAL_SET,,
"Evening session","2025-03-13 19:18:14",00:31:06,,,"Cable Curl",,,68.000,8,,,,NORMAL_SET,"1,1","1,2"
"Evening session","2025-03-13 19:18:14",00:31:06,,,"Biceps Curl",,,20.000,6,,,,NORMAL_SET,,
"Evening session","2025-03-13 19:18:14",00:31:06,,,"Biceps Curl",,,20.000,8,,,,NORMAL_SET,2,1
"Evening session","2025-03-13 19:18:14",00:31:06,,,"Biceps Curl",,,20.000,8,,,,NORMAL_SET,3,1
"Evening session","2025-03-11 18:57:13",01:17:23,,,"Lever Chest Press",,,80.000,10,,,,NORMAL_SET,,
"Evening session","2025-03-11 18:57:13",01:17:23,,,"Lever Chest Press",,,93.000,10,,,,NORMAL_SET,,
"Evening session","2025-03-11 18:57:13",01:17:23,,,"Lever Chest Press",,,100.000,8,,,,NORMAL_SET,3,1
"Evening session","2025-03-11 18:57:13",01:17:23,,,"Cable Curl",,,59.000,10,,,,WARMUP_SET,,
"Evening session","2025-03-11 18:57:13",01:17:23,,,"Cable Curl",,,64.000,8,,,,NORMAL_SET,,
"Evening session","2025-03-11 18:57:13",01:17:23,,,"Cable Curl",,,64.000,8,,,,NORMAL_SET,,
"Evening session","2025-03-11 18:57:13",01:17:23,,,"Concentration Curl",,,20.000,8,,,,NORMAL_SET,"3,3,3","1,2,3"
"Evening session","2025-03-11 18:57:13",01:17:23,,,"Concentration Curl",,,20.000,8,,,,NORMAL_SET,,
"Evening session","2025-03-11 18:57:13",01:17:23,,,"Concentration Curl",,,20.000,8,,,,NORMAL_SET,,
"Evening session","2025-03-11 18:57:13",01:17:23,,,"Lever Seated Fly",,,73.000,8,,,,NORMAL_SET,,
"Evening session","2025-03-11 18:57:13",01:17:23,,,"Lever Seated Fly",,,80.000,8,,,,NORMAL_SET,,
"Evening session","2025-03-11 18:57:13",01:17:23,,,"Lever Seated Fly",,,80.000,10,,,,NORMAL_SET,1,1
"Evening session","2025-03-10 20:29:31",00:53:14,,,"Muscle-up ",,,67.000,10,,,,NORMAL_SET,"1,1","1,3"
"Evening session","2025-03-10 20:29:31",00:53:14,,,Pull-up,,,65.000,8,,,,NORMAL_SET,,
"Evening session","2025-03-10 20:29:31",00:53:14,,,Pull-up,,,65.000,8,,,,NORMAL_SET,,
"Evening session","2025-03-10 20:29:31",00:53:14,,,"Lever Seated Row ",,,79.000,8,,,,NORMAL_SET,,
"Evening session","2025-03-10 20:29:31",00:53:14,,,"Lever Seated Row ",,,79.000,8,,,,NORMAL_SET,,
"Evening session","2025-03-10 20:29:31",00:53:14,,,"Lever Seated Row ",,,93.000,8,,,,NORMAL_SET,,
"Evening session","2025-03-10 20:29:31",00:53:14,,,"Cable Pushdown ",,,54.000,10,,,,NORMAL_SET,,
"Evening session","2025-03-10 20:29:31",00:53:14,,,"Cable Pushdown ",,,59.000,8,,,,NORMAL_SET,,
"Evening session","2025-03-10 20:29:31",00:53:14,,,"Cable Pushdown ",,,59.000,8,,,,NORMAL_SET,,
"Evening session","2025-03-10 20:29:31",00:53:14,,,"Dips between Chairs",,,66.000,10,,,,NORMAL_SET,,
"Evening session","2025-03-10 20:29:31",00:53:14,,,"Dips between Chairs",,,66.000,10,,,,NORMAL_SET,,
"Evening session","2025-03-10 20:29:31",00:53:14,,,"Dips between Chairs",,,66.000,10,,,,NORMAL_SET,,
"Evening session","2025-03-10 20:29:31",00:53:14,,,"Cable Wide-Grip Lat Pulldown ",,,66.000,8,,,,NORMAL_SET,,
"Evening session","2025-03-10 20:29:31",00:53:14,,,"Cable Wide-Grip Lat Pulldown ",,,79.000,8,,,,NORMAL_SET,,
"Evening session","2025-03-10 20:29:31",00:53:14,,,"Dip on Floor with Chair",,,66.000,10,,,,NORMAL_SET,,
"Evening session","2025-03-10 20:29:31",00:53:14,,,"Dip on Floor with Chair",,,66.000,10,,,,NORMAL_SET,,
"Evening session","2025-03-10 20:29:31",00:53:14,,,"Dip on Floor with Chair",,,66.000,10,,,,NORMAL_SET,,
"Evening session","2025-03-09 13:27:42",01:23:27,,,Pull-up,,,65.000,10,,,,NORMAL_SET,,
"Evening session","2025-03-09 13:27:42",01:23:27,,,Pull-up,,,65.000,10,,,,NORMAL_SET,,
"Evening session","2025-03-09 13:27:42",01:23:27,,,Pull-up,,,65.000,10,,,,NORMAL_SET,,
"Evening session","2025-03-09 13:27:42",01:23:27,,,"Dumbbell Incline Biceps Curl",,,16.000,8,,,,NORMAL_SET,,
"Evening session","2025-03-09 13:27:42",01:23:27,,,"Dumbbell Incline Biceps Curl",,,16.000,8,,,,NORMAL_SET,,
"Evening session","2025-03-09 13:27:42",01:23:27,,,"Dumbbell Incline Biceps Curl",,,16.000,8,,,,NORMAL_SET,,
"Evening session","2025-03-09 13:27:42",01:23:27,,,"Triceps Pushdown",,,59.000,10,,,,NORMAL_SET,,
"Evening session","2025-03-09 13:27:42",01:23:27,,,"Triceps Pushdown",,,64.000,8,,,,NORMAL_SET,"3,3","1,2"
"Evening session","2025-03-09 13:27:42",01:23:27,,,"Triceps Pushdown",,,68.000,8,,,,NORMAL_SET,"2,2","1,2"
"Evening session","2025-03-09 13:27:42",01:23:27,,,"Smith Squat",,,80.000,8,,,,NORMAL_SET,,
"Evening session","2025-03-09 13:27:42",01:23:27,,,"Smith Squat",,,80.000,8,,,,NORMAL_SET,,
"Evening session","2025-03-09 13:27:42",01:23:27,,,"Smith Squat",,,100.000,8,,,,NORMAL_SET,1,1
"Evening session","2025-03-09 13:27:42",01:23:27,,,"Lever Leg Extension",,,52.000,8,,,,NORMAL_SET,,
"Evening session","2025-03-09 13:27:42",01:23:27,,,"Lever Leg Extension",,,66.000,8,,,,NORMAL_SET,,
"Evening session","2025-03-09 13:27:42",01:23:27,,,"Lever Leg Extension",,,80.000,8,,,,NORMAL_SET,"3,3,3","1,2,3"
"Evening session","2025-03-09 13:27:42",01:23:27,,,"Concentration Curl",,,18.000,8,,,,NORMAL_SET,,
"Evening session","2025-03-09 13:27:42",01:23:27,,,"Concentration Curl",,,18.000,8,,,,NORMAL_SET,,
"Evening session","2025-03-09 13:27:42",01:23:27,,,"Concentration Curl",,,18.000,8,,,,NORMAL_SET,,
"Evening session","2025-03-09 13:27:42",01:23:27,,,"Lever Seated Crunch",,,45.000,8,,,,NORMAL_SET,1,1
"Evening session","2025-03-09 13:27:42",01:23:27,,,"Lever Seated Crunch",,,36.000,8,,,,NORMAL_SET,,
"Evening session","2025-03-09 13:27:42",01:23:27,,,"Lever Seated Crunch",,,41.000,8,,,,NORMAL_SET,,
"Evening session","2025-03-05 20:18:23",01:31:36,,,"Muscle-up ",,,67.000,8,,,,NORMAL_SET,3,2
"Evening session","2025-03-05 20:18:23",01:31:36,,,Pull-up,,,65.000,10,,,,NORMAL_SET,,
"Evening session","2025-03-05 20:18:23",01:31:36,,,Pull-up,,,65.000,10,,,,NORMAL_SET,,
"Evening session","2025-03-05 20:18:23",01:31:36,,,"Biceps Curl",,,16.000,8,,,,NORMAL_SET,,
"Evening session","2025-03-05 20:18:23",01:31:36,,,"Biceps Curl",,,18.000,8,,,,NORMAL_SET,,
"Evening session","2025-03-05 20:18:23",01:31:36,,,"Biceps Curl",,,18.000,8,,,,NORMAL_SET,,
"Evening session","2025-03-05 20:18:23",01:31:36,,,"Lever Seated Dip",,,59.000,10,,,,NORMAL_SET,,
"Evening session","2025-03-05 20:18:23",01:31:36,,,"Lever Seated Dip",,,77.000,10,,,,NORMAL_SET,,
"Evening session","2025-03-05 20:18:23",01:31:36,,,"Lever Seated Dip",,,91.000,10,,,,NORMAL_SET,"1,1,1","1,2,3"
"Evening session","2025-03-05 20:18:23",01:31:36,,,"Cable Pushdown ",,,54.000,10,,,,NORMAL_SET,,
"Evening session","2025-03-05 20:18:23",01:31:36,,,"Cable Pushdown ",,,59.000,8,,,,NORMAL_SET,,
"Evening session","2025-03-05 20:18:23",01:31:36,,,"Cable Pushdown ",,,54.000,8,,,,NORMAL_SET,,
"Evening session","2025-03-05 20:18:23",01:31:36,,,"Dip on Floor with Chair",,,66.000,10,,,,NORMAL_SET,,
"Evening session","2025-03-05 20:18:23",01:31:36,,,"Dip on Floor with Chair",,,66.000,10,,,,NORMAL_SET,,
"Evening session","2025-03-05 20:18:23",01:31:36,,,"Dip on Floor with Chair",,,66.000,10,,,,NORMAL_SET,,
"Evening session","2025-03-05 20:18:23",01:31:36,,,"Concentration Curl",,,18.000,8,,,,NORMAL_SET,,
"Evening session","2025-03-05 20:18:23",01:31:36,,,"Concentration Curl",,,18.000,8,,,,NORMAL_SET,,
"Evening session","2025-03-05 20:18:23",01:31:36,,,"Concentration Curl",,,18.000,8,,,,NORMAL_SET,,
"Evening session","2025-03-05 20:18:23",01:31:36,,,"Cable Curl",,,50.000,10,,,,WARMUP_SET,,
"Evening session","2025-03-05 20:18:23",01:31:36,,,"Cable Curl",,,59.000,8,,,,NORMAL_SET,,
"Evening session","2025-03-05 20:18:23",01:31:36,,,"Cable Curl",,,64.000,8,,,,NORMAL_SET,,
"Evening session","2025-03-05 20:18:23",01:31:36,,,"Lateral Raise",,,16.000,8,,,,NORMAL_SET,,
"Evening session","2025-03-05 20:18:23",01:31:36,,,"Lateral Raise",,,16.000,8,,,,NORMAL_SET,,
"Evening session","2025-03-05 20:18:23",01:31:36,,,"Lateral Raise",,,16.000,8,,,,NORMAL_SET,,
"Evening session","2025-03-04 22:48:47",01:12:41,,,"Lever Chest Press",,,80.000,10,,,,NORMAL_SET,,
"Evening session","2025-03-04 22:48:47",01:12:41,,,"Lever Chest Press",,,93.000,10,,,,NORMAL_SET,,
"Evening session","2025-03-04 22:48:47",01:12:41,,,"Lever Chest Press",,,93.000,5,,,,NORMAL_SET,,
"Evening session","2025-03-04 22:48:47",01:12:41,,,"Incline Bench Press",,,20.000,8,,,,NORMAL_SET,,
"Evening session","2025-03-04 22:48:47",01:12:41,,,"Incline Bench Press",,,28.000,8,,,,NORMAL_SET,"1,1,1","1,2,3"
"Evening session","2025-03-04 22:48:47",01:12:41,,,"Incline Bench Press",,,28.000,8,,,,NORMAL_SET,"2,2,2","1,2,3"
"Evening session","2025-03-04 22:48:47",01:12:41,,,"Cable Pushdown ",,,54.000,10,,,,NORMAL_SET,,
"Evening session","2025-03-04 22:48:47",01:12:41,,,"Cable Pushdown ",,,59.000,10,,,,NORMAL_SET,,
"Evening session","2025-03-04 22:48:47",01:12:41,,,"Cable Pushdown ",,,59.000,10,,,,NORMAL_SET,,
"Evening session","2025-03-04 22:48:47",01:12:41,,,"Dips between Chairs",,,66.000,8,,,,NORMAL_SET,,
"Evening session","2025-03-04 22:48:47",01:12:41,,,"Dips between Chairs",,,66.000,8,,,,NORMAL_SET,,
"Evening session","2025-03-04 22:48:47",01:12:41,,,"Dips between Chairs",,,66.000,8,,,,NORMAL_SET,,
"Evening session","2025-03-04 22:48:47",01:12:41,,,"Dip on Floor with Chair",,,66.000,10,,,,NORMAL_SET,1,1
"Evening session","2025-03-04 22:48:47",01:12:41,,,"Dip on Floor with Chair",,,66.000,10,,,,NORMAL_SET,,
"Evening session","2025-03-04 22:48:47",01:12:41,,,"Dip on Floor with Chair",,,66.000,10,,,,NORMAL_SET,,
"Evening session","2025-03-04 22:48:47",01:12:41,,,"Dumbbell One Arm Low Fly",,,14.000,8,,,,NORMAL_SET,,
"Evening session","2025-03-04 22:48:47",01:12:41,,,"Dumbbell One Arm Low Fly",,,14.000,8,,,,NORMAL_SET,,
"Evening session","2025-03-04 22:48:47",01:12:41,,,"Dumbbell One Arm Low Fly",,,18.000,8,,,,NORMAL_SET,1,1
"Evening session","2025-03-03 22:49:40",01:02:17,,,"Dumbbell Incline Biceps Curl",,,18.000,8,,,,NORMAL_SET,"3,3","3,4"
"Evening session","2025-03-03 22:49:40",01:02:17,,,"Dumbbell Incline Biceps Curl",,,18.000,8,,,,NORMAL_SET,,
"Evening session","2025-03-03 22:49:40",01:02:17,,,"Dumbbell Incline Biceps Curl",,,18.000,8,,,,NORMAL_SET,,
"Evening session","2025-03-03 22:49:40",01:02:17,,,"Biceps Curl",,,20.000,8,,,,NORMAL_SET,1,1
"Evening session","2025-03-03 22:49:40",01:02:17,,,"Biceps Curl",,,20.000,6,,,,NORMAL_SET,2,1
"Evening session","2025-03-03 22:49:40",01:02:17,,,"Biceps Curl",,,20.000,6,,,,NORMAL_SET,3,1
"Evening session","2025-03-03 22:49:40",01:02:17,,,"Cable Pushdown ",,,54.000,10,,,,NORMAL_SET,,
"Evening session","2025-03-03 22:49:40",01:02:17,,,"Cable Pushdown ",,,59.000,10,,,,NORMAL_SET,,
"Evening session","2025-03-03 22:49:40",01:02:17,,,"Cable Pushdown ",,,59.000,10,,,,NORMAL_SET,,
"Evening session","2025-03-03 22:49:40",01:02:17,,,"Cable Hammer Curl ",,,54.000,10,,,,NORMAL_SET,,
"Evening session","2025-03-03 22:49:40",01:02:17,,,"Cable Hammer Curl ",,,59.000,10,,,,NORMAL_SET,,
"Evening session","2025-03-03 22:49:40",01:02:17,,,"Cable Hammer Curl ",,,64.000,10,,,,NORMAL_SET,,
"Evening session","2025-03-03 22:49:40",01:02:17,,,"Cable Wide-Grip Lat Pulldown ",,,79.000,8,,,,NORMAL_SET,"3,3,3","1,2,3"
"Evening session","2025-03-03 22:49:40",01:02:17,,,"Cable Wide-Grip Lat Pulldown ",,,79.000,8,,,,NORMAL_SET,,
"Evening session","2025-03-03 22:49:40",01:02:17,,,"Cable Wide-Grip Lat Pulldown ",,,79.000,7,,,,NORMAL_SET,,
"Evening session","2025-03-03 22:49:40",01:02:17,,,Pull-up,,,65.000,10,,,,NORMAL_SET,,
"Evening session","2025-03-03 22:49:40",01:02:17,,,Pull-up,,,65.000,10,,,,NORMAL_SET,,
"Evening session","2025-03-03 22:49:40",01:02:17,,,Pull-up,,,65.000,10,,,,NORMAL_SET,,
"Evening session","2025-03-03 22:49:40",01:02:17,,,"Lever Seated Row ",,,79.000,8,,,,NORMAL_SET,,
"Evening session","2025-03-03 22:49:40",01:02:17,,,"Lever Seated Row ",,,79.000,8,,,,NORMAL_SET,,
"Evening session","2025-03-03 22:49:40",01:02:17,,,"Lever Seated Row ",,,93.000,8,,,,NORMAL_SET,,
"snelle ","2025-02-26 20:42:03",00:56:48,,,"Lever Seated Row ",,,79.000,10,,,,NORMAL_SET,,
"snelle ","2025-02-26 20:42:03",00:56:48,,,"Lever Seated Row ",,,79.000,10,,,,NORMAL_SET,,
"snelle ","2025-02-26 20:42:03",00:56:48,,,"Lever Seated Row ",,,93.000,10,,,,NORMAL_SET,"3,3,3","1,2,3"
"snelle ","2025-02-26 20:42:03",00:56:48,,,"Cable Pushdown ",,,59.000,10,,,,NORMAL_SET,,
"snelle ","2025-02-26 20:42:03",00:56:48,,,"Cable Pushdown ",,,59.000,10,,,,NORMAL_SET,,
"snelle ","2025-02-26 20:42:03",00:56:48,,,"Cable Pushdown ",,,59.000,10,,,,NORMAL_SET,,
"snelle ","2025-02-26 20:42:03",00:56:48,,,"One Arm Bent-over Row",,,28.000,10,,,,NORMAL_SET,1,4
"snelle ","2025-02-26 20:42:03",00:56:48,,,"One Arm Bent-over Row",,,28.000,10,,,,NORMAL_SET,"2,2","3,4"
"snelle ","2025-02-26 20:42:03",00:56:48,,,"One Arm Bent-over Row",,,32.000,10,,,,NORMAL_SET,"1,1,3","1,3,4"
"snelle ","2025-02-26 20:42:03",00:56:48,,,"Cable Wide-Grip Lat Pulldown ",,,79.000,8,,,,NORMAL_SET,3,4
"snelle ","2025-02-26 20:42:03",00:56:48,,,"Cable Wide-Grip Lat Pulldown ",,,86.000,8,,,,NORMAL_SET,"2,2,2","1,2,3"
"snelle ","2025-02-26 20:42:03",00:56:48,,,"Dumbbell Incline Biceps Curl",,,20.000,4,,,,NORMAL_SET,2,2
"snelle ","2025-02-26 20:42:03",00:56:48,,,"Dumbbell Incline Biceps Curl",,,20.000,6,,,,NORMAL_SET,"2,3,3","1,2,3"
"Evening session","2025-02-25 19:38:08",01:43:53,,,"Dips between Chairs",,,66.000,10,,,,NORMAL_SET,,
"Evening session","2025-02-25 19:38:08",01:43:53,,,"Dips between Chairs",,,66.000,10,,,,NORMAL_SET,,
"Evening session","2025-02-25 19:38:08",01:43:53,,,"Dips between Chairs",,,66.000,10,,,,NORMAL_SET,,
"Evening session","2025-02-25 19:38:08",01:43:53,,,Pull-up,,,65.000,10,,,,NORMAL_SET,,
"Evening session","2025-02-25 19:38:08",01:43:53,,,Pull-up,,,65.000,10,,,,NORMAL_SET,,
"Evening session","2025-02-25 19:38:08",01:43:53,,,Pull-up,,,65.000,10,,,,NORMAL_SET,,
"Evening session","2025-02-25 19:38:08",01:43:53,,,"Biceps Curl",,,18.000,10,,,,NORMAL_SET,1,1
"Evening session","2025-02-25 19:38:08",01:43:53,,,"Biceps Curl",,,18.000,8,,,,NORMAL_SET,,
"Evening session","2025-02-25 19:38:08",01:43:53,,,"Biceps Curl",,,18.000,8,,,,NORMAL_SET,,
"Evening session","2025-02-25 19:38:08",01:43:53,,,"Cable Pushdown ",,,59.000,8,,,,NORMAL_SET,,
"Evening session","2025-02-25 19:38:08",01:43:53,,,"Cable Pushdown ",,,64.000,8,,,,NORMAL_SET,,
"Evening session","2025-02-25 19:38:08",01:43:53,,,"Cable Pushdown ",,,54.000,8,,,,NORMAL_SET,,
"Evening session","2025-02-25 19:38:08",01:43:53,,,"Cable Hammer Curl ",,,54.000,10,,,,NORMAL_SET,,
"Evening session","2025-02-25 19:38:08",01:43:53,,,"Cable Hammer Curl ",,,59.000,10,,,,NORMAL_SET,,
"Evening session","2025-02-25 19:38:08",01:43:53,,,"Cable Hammer Curl ",,,64.000,10,,,,NORMAL_SET,"3,3,3","1,2,3"
"Evening session","2025-02-25 19:38:08",01:43:53,,,"Lever Chest Press",,,80.000,10,,,,NORMAL_SET,,
"Evening session","2025-02-25 19:38:08",01:43:53,,,"Lever Chest Press",,,93.000,10,,,,NORMAL_SET,3,1
"Evening session","2025-02-25 19:38:08",01:43:53,,,"Lever Chest Press",,,100.000,7,,,,NORMAL_SET,,
"Evening session","2025-02-25 19:38:08",01:43:53,,,"Lateral Raise",,,14.000,10,,,,NORMAL_SET,,
"Evening session","2025-02-25 19:38:08",01:43:53,,,"Lateral Raise",,,14.000,10,,,,NORMAL_SET,,
"Evening session","2025-02-25 19:38:08",01:43:53,,,"Lateral Raise",,,14.000,10,,,,NORMAL_SET,,
"Evening session","2025-02-25 19:38:08",01:43:53,,,"Lever Seated Hip Abduction",,,73.000,10,,,,NORMAL_SET,1,1
"Evening session","2025-02-25 19:38:08",01:43:53,,,"Lever Seated Hip Abduction",,,73.000,10,,,,NORMAL_SET,,
"Evening session","2025-02-25 19:38:08",01:43:53,,,"Lever Seated Hip Abduction",,,73.000,10,,,,NORMAL_SET,,
"Evening session","2025-02-25 19:38:08",01:43:53,,,"Lever Seated Row ",,,66.000,10,,,,NORMAL_SET,,
"Evening session","2025-02-25 19:38:08",01:43:53,,,"Lever Seated Row ",,,79.000,10,,,,NORMAL_SET,,
"Evening session","2025-02-25 19:38:08",01:43:53,,,"Lever Seated Row ",,,93.000,10,,,,NORMAL_SET,"2,2,2","1,2,3"
"Evening session","2025-02-24 20:05:28",00:31:55,,,"Muscle-up ",,,67.000,8,,,,NORMAL_SET,2,2
"Evening session","2025-02-24 20:05:28",00:31:55,,,Pull-up,,,65.000,10,,,,NORMAL_SET,,
"Evening session","2025-02-24 20:05:28",00:31:55,,,Pull-up,,,65.000,10,,,,NORMAL_SET,,
"Evening session","2025-02-24 20:05:28",00:31:55,,,"Cable Pushdown ",,,59.000,10,,,,NORMAL_SET,,
"Evening session","2025-02-24 20:05:28",00:31:55,,,"Cable Pushdown ",,,64.000,8,,,,NORMAL_SET,,
"Evening session","2025-02-24 20:05:28",00:31:55,,,"Cable Pushdown ",,,64.000,9,,,,NORMAL_SET,,
"Evening session","2025-02-24 20:05:28",00:31:55,,,"Cable Hammer Curl ",,,54.000,10,,,,NORMAL_SET,,
"Evening session","2025-02-24 20:05:28",00:31:55,,,"Cable Hammer Curl ",,,59.000,10,,,,NORMAL_SET,,
"Evening session","2025-02-24 20:05:28",00:31:55,,,"Cable Hammer Curl ",,,64.000,10,,,,NORMAL_SET,"2,2,2","1,2,3"
"Evening session","2025-02-24 20:05:28",00:31:55,,,"Dumbbell Incline Biceps Curl",,,18.000,6,,,,NORMAL_SET,"3,3,3","2,3,4"
"Evening session","2025-02-24 20:05:28",00:31:55,,,"Dumbbell Incline Biceps Curl",,,18.000,6,,,,NORMAL_SET,,
"Evening session","2025-02-24 20:05:28",00:31:55,,,"Dumbbell Incline Biceps Curl",,,18.000,6,,,,NORMAL_SET,,
"Evening session","2025-02-20 19:26:36",01:30:08,,,"Muscle-up ",,,67.000,8,,,,NORMAL_SET,1,2
"Evening session","2025-02-20 19:26:36",01:30:08,,,Pull-up,,,65.000,10,,,,NORMAL_SET,,
"Evening session","2025-02-20 19:26:36",01:30:08,,,"Lever Chest Press",,,80.000,10,,,,NORMAL_SET,,
"Evening session","2025-02-20 19:26:36",01:30:08,,,"Lever Chest Press",,,80.000,10,,,,NORMAL_SET,,
"Evening session","2025-02-20 19:26:36",01:30:08,,,"Lever Chest Press",,,86.000,10,,,,NORMAL_SET,,
"Evening session","2025-02-20 19:26:36",01:30:08,,,"Cable Pushdown ",,,59.000,10,,,,NORMAL_SET,,
"Evening session","2025-02-20 19:26:36",01:30:08,,,"Cable Pushdown ",,,64.000,9,,,,NORMAL_SET,,
"Evening session","2025-02-20 19:26:36",01:30:08,,,"Cable Pushdown ",,,64.000,9,,,,NORMAL_SET,,
"Evening session","2025-02-20 19:26:36",01:30:08,,,"Cable Hammer Curl ",,,54.000,10,,,,NORMAL_SET,,
"Evening session","2025-02-20 19:26:36",01:30:08,,,"Cable Hammer Curl ",,,59.000,10,,,,NORMAL_SET,,
"Evening session","2025-02-20 19:26:36",01:30:08,,,"Cable Hammer Curl ",,,64.000,10,,,,NORMAL_SET,1,1
"Evening session","2025-02-20 19:26:36",01:30:08,,,"Bench Press",,,50.000,10,,,,NORMAL_SET,"3,1","3,4"
"Evening session","2025-02-20 19:26:36",01:30:08,,,"Bench Press",,,50.000,10,,,,NORMAL_SET,2,4
"Evening session","2025-02-20 19:26:36",01:30:08,,,"Bench Press",,,80.000,6,,,,NORMAL_SET,"3,3","1,2"
"Evening session","2025-02-20 19:26:36",01:30:08,,,"Dips between Chairs",,,66.000,10,,,,NORMAL_SET,,
"Evening session","2025-02-20 19:26:36",01:30:08,,,"Dips between Chairs",,,66.000,12,,,,NORMAL_SET,"2,2,2","1,3,4"
"Evening session","2025-02-20 19:26:36",01:30:08,,,"Dips between Chairs",,,66.000,10,,,,NORMAL_SET,,
"Evening session","2025-02-20 19:26:36",01:30:08,,,"Biceps Curl",,,18.000,8,,,,NORMAL_SET,,
"Evening session","2025-02-20 19:26:36",01:30:08,,,"Biceps Curl",,,18.000,8,,,,NORMAL_SET,,
"Evening session","2025-02-20 19:26:36",01:30:08,,,"Biceps Curl",,,18.000,8,,,,NORMAL_SET,,
"Evening session","2025-02-18 19:52:54",01:53:47,,,"Lever Pec Deck Fly",,,79.000,10,,,,NORMAL_SET,3,4
"Evening session","2025-02-18 19:52:54",01:53:47,,,"Lever Pec Deck Fly",,,86.000,10,,,,NORMAL_SET,"2,2","1,3"
"Evening session","2025-02-18 19:52:54",01:53:47,,,"Lever Pec Deck Fly",,,93.000,10,,,,NORMAL_SET,"1,2,1","1,2,3"
"Evening session","2025-02-18 19:52:54",01:53:47,,,"Dumbbell Incline Bench Press",,,32.000,8,,,,NORMAL_SET,1,1
"Evening session","2025-02-18 19:52:54",01:53:47,,,"Dumbbell Incline Bench Press",,,32.000,8,,,,NORMAL_SET,,
"Evening session","2025-02-18 19:52:54",01:53:47,,,"Dumbbell Incline Bench Press",,,32.000,8,,,,NORMAL_SET,,
"Evening session","2025-02-18 19:52:54",01:53:47,,,"Lever Seated Row ",,,66.000,10,,,,NORMAL_SET,,
"Evening session","2025-02-18 19:52:54",01:53:47,,,"Lever Seated Row ",,,79.000,10,,,,NORMAL_SET,,
"Evening session","2025-02-18 19:52:54",01:53:47,,,"Lever Seated Row ",,,93.000,10,,,,NORMAL_SET,1,1
"Evening session","2025-02-18 19:52:54",01:53:47,,,"Lever Lying Chest Press",,,60.000,8,,,,NORMAL_SET,,
"Evening session","2025-02-18 19:52:54",01:53:47,,,"Lever Lying Chest Press",,,100.000,7,,,,NORMAL_SET,1,1
"Evening session","2025-02-18 19:52:54",01:53:47,,,"Lever Lying Chest Press",,,80.000,7,,,,NORMAL_SET,,
"Evening session","2025-02-18 19:52:54",01:53:47,,,"Cable Wide-Grip Lat Pulldown ",,,79.000,8,,,,NORMAL_SET,,
"Evening session","2025-02-18 19:52:54",01:53:47,,,"Cable Wide-Grip Lat Pulldown ",,,86.000,8,,,,NORMAL_SET,,
"Evening session","2025-02-18 19:52:54",01:53:47,,,"Cable Wide-Grip Lat Pulldown ",,,113.000,1,,,,NORMAL_SET,1,1
"Evening session","2025-02-18 19:52:54",01:53:47,,,"Straight Back Seated Row",,,73.000,6,,,,NORMAL_SET,"1,1","1,2"
"Evening session","2025-02-18 19:52:54",01:53:47,,,"Straight Back Seated Row",,,66.000,8,,,,NORMAL_SET,,
"Evening session","2025-02-18 19:52:54",01:53:47,,,"Straight Back Seated Row",,,66.000,8,,,,NORMAL_SET,,
"Evening session","2025-02-17 19:24:54",02:01:30,,,"Wide Grip Pull-Up",,,0.000,,,,,NORMAL_SET,,
"Evening session","2025-02-17 19:24:54",02:01:30,,,"Wide Grip Pull-Up",,,0.000,,,,,NORMAL_SET,,
"Evening session","2025-02-17 19:24:54",02:01:30,,,"Muscle-up ",,,0.000,,,,,NORMAL_SET,,
"Evening session","2025-02-17 19:24:54",02:01:30,,,"Cable Pushdown ",,,54.000,10,,,,NORMAL_SET,,
"Evening session","2025-02-17 19:24:54",02:01:30,,,"Cable Pushdown ",,,64.000,8,,,,NORMAL_SET,,
"Evening session","2025-02-17 19:24:54",02:01:30,,,"Cable Pushdown ",,,64.000,8,,,,NORMAL_SET,,
"Evening session","2025-02-17 19:24:54",02:01:30,,,"High Pulley Overhead Tricep Extension",,,54.000,8,,,,NORMAL_SET,,
"Evening session","2025-02-17 19:24:54",02:01:30,,,"High Pulley Overhead Tricep Extension",,,54.000,8,,,,NORMAL_SET,,
"Evening session","2025-02-17 19:24:54",02:01:30,,,"High Pulley Overhead Tricep Extension",,,54.000,8,,,,NORMAL_SET,,
"Evening session","2025-02-17 19:24:54",02:01:30,,,"Concentration Curl",,,20.000,8,,,,NORMAL_SET,,
"Evening session","2025-02-17 19:24:54",02:01:30,,,"Concentration Curl",,,20.000,8,,,,NORMAL_SET,"2,2,2","1,2,3"
"Evening session","2025-02-17 19:24:54",02:01:30,,,"Concentration Curl",,,22.000,8,,,,NORMAL_SET,"1,1,1","1,2,3"
"Evening session","2025-02-17 19:24:54",02:01:30,,,"Dumbbell Incline Biceps Curl",,,18.000,10,,,,NORMAL_SET,1,1
"Evening session","2025-02-17 19:24:54",02:01:30,,,"Dumbbell Incline Biceps Curl",,,18.000,8,,,,NORMAL_SET,,
"Evening session","2025-02-17 19:24:54",02:01:30,,,"Dumbbell Incline Biceps Curl",,,20.000,5,,,,NORMAL_SET,,
"Evening session","2025-02-17 19:24:54",02:01:30,,,"EZ-bar Biceps Curl ",,,30.000,10,,,,NORMAL_SET,1,1
"Evening session","2025-02-17 19:24:54",02:01:30,,,"EZ-bar Biceps Curl ",,,30.000,10,,,,NORMAL_SET,,
"Evening session","2025-02-17 19:24:54",02:01:30,,,"EZ-bar Biceps Curl ",,,30.000,10,,,,NORMAL_SET,,
"Evening session","2025-02-17 19:24:54",02:01:30,,,"Dips between Chairs",,,66.000,10,,,,NORMAL_SET,,
"Evening session","2025-02-17 19:24:54",02:01:30,,,"Dips between Chairs",,,66.000,12,,,,NORMAL_SET,"1,1,1","1,3,4"
"Evening session","2025-02-17 19:24:54",02:01:30,,,"Dips between Chairs",,,66.000,10,,,,NORMAL_SET,,
benen,"2025-02-16 15:23:16",00:56:28,,,"Wide Grip Pull-Up",,,65.000,10,,,,NORMAL_SET,,
benen,"2025-02-16 15:23:16",00:56:28,,,"Wide Grip Pull-Up",,,65.000,10,,,,NORMAL_SET,,
benen,"2025-02-16 15:23:16",00:56:28,,,"Lever Leg Extension",,,60.000,10,,,,NORMAL_SET,,
benen,"2025-02-16 15:23:16",00:56:28,,,"Lever Leg Extension",,,73.000,10,,,,NORMAL_SET,,
benen,"2025-02-16 15:23:16",00:56:28,,,"Lever Leg Extension",,,80.000,10,,,,NORMAL_SET,"2,2,2","1,2,3"
benen,"2025-02-16 15:23:16",00:56:28,,,"Bulgarian Split Squat",,,14.000,10,,,,NORMAL_SET,,
benen,"2025-02-16 15:23:16",00:56:28,,,"Bulgarian Split Squat",,,18.000,6,,,,NORMAL_SET,,
benen,"2025-02-16 15:23:16",00:56:28,,,"Bulgarian Split Squat",,,20.000,6,,,,NORMAL_SET,1,1
benen,"2025-02-16 15:23:16",00:56:28,,,"Lever Total Abdominal Crunch",,,36.000,10,,,,NORMAL_SET,,
benen,"2025-02-16 15:23:16",00:56:28,,,"Lever Total Abdominal Crunch",,,41.000,10,,,,NORMAL_SET,,
benen,"2025-02-16 15:23:16",00:56:28,,,"Lever Total Abdominal Crunch",,,50.000,10,,,,NORMAL_SET,1,1
benen,"2025-02-16 15:23:16",00:56:28,,,"Hammer Grip Pull-up on Dip Cage",,,68.000,10,,,,NORMAL_SET,"1,1,1,2","1,2,3,4"
"Evening session","2025-02-11 18:22:13",01:56:45,,,"Dumbbell Incline Curl ",,,12.000,8,,,,NORMAL_SET,,
"Evening session","2025-02-11 18:22:13",01:56:45,,,"Dumbbell Incline Curl ",,,16.000,8,,,,NORMAL_SET,1,1
"Evening session","2025-02-11 18:22:13",01:56:45,,,"Dumbbell Incline Curl ",,,16.000,8,,,,NORMAL_SET,,
"Evening session","2025-02-11 18:22:13",01:56:45,,,"Cable Pushdown ",,,60.000,10,,,,NORMAL_SET,,
"Evening session","2025-02-11 18:22:13",01:56:45,,,"Cable Pushdown ",,,64.000,8,,,,NORMAL_SET,,
"Evening session","2025-02-11 18:22:13",01:56:45,,,"Cable Pushdown ",,,64.000,8,,,,NORMAL_SET,,
"Evening session","2025-02-11 18:22:13",01:56:45,,,"Triceps Pushdown",,,74.000,8,,,,NORMAL_SET,"1,1","1,2"
"Evening session","2025-02-11 18:22:13",01:56:45,,,"Triceps Pushdown",,,64.000,8,,,,NORMAL_SET,,
"Evening session","2025-02-11 18:22:13",01:56:45,,,"Triceps Pushdown",,,74.000,8,,,,NORMAL_SET,"2,2","1,2"
"Evening session","2025-02-11 18:22:13",01:56:45,,,"Concentration Curl",,,18.000,8,,,,NORMAL_SET,"1,1,1","1,2,3"
"Evening session","2025-02-11 18:22:13",01:56:45,,,"Concentration Curl",,,18.000,8,,,,NORMAL_SET,"2,2,2","1,2,3"
"Evening session","2025-02-11 18:22:13",01:56:45,,,"Concentration Curl",,,18.000,8,,,,NORMAL_SET,"3,3,3","1,2,3"
"Evening session","2025-02-11 18:22:13",01:56:45,,,"Lever Preacher Curl",,,45.000,8,,,,NORMAL_SET,,
"Evening session","2025-02-11 18:22:13",01:56:45,,,"Lever Preacher Curl",,,50.000,8,,,,NORMAL_SET,,
"Evening session","2025-02-11 18:22:13",01:56:45,,,"Lever Preacher Curl",,,54.000,8,,,,NORMAL_SET,1,1
"Evening session","2025-02-11 18:22:13",01:56:45,,,Kickback,,,12.000,10,,,,NORMAL_SET,,
"Evening session","2025-02-11 18:22:13",01:56:45,,,Kickback,,,12.000,10,,,,NORMAL_SET,,
"Evening session","2025-02-11 18:22:13",01:56:45,,,Kickback,,,12.000,10,,,,NORMAL_SET,,
"Evening session","2025-02-10 18:51:37",01:31:10,,,"Wide Grip Pull-Up",,,0.000,,,,,NORMAL_SET,,
"Evening session","2025-02-10 18:51:37",01:31:10,,,"Wide Grip Pull-Up",,,0.000,,,,,NORMAL_SET,,
"Evening session","2025-02-10 18:51:37",01:31:10,,,"Hammer Grip Pull-up on Dip Cage",,,0.000,,,,,NORMAL_SET,"2,2","1,2"
"Evening session","2025-02-10 18:51:37",01:31:10,,,"Muscle-up ",,,65.000,10,,,,NORMAL_SET,,
"Evening session","2025-02-10 18:51:37",01:31:10,,,"Lever Pec Deck Fly",,,79.000,10,,,,NORMAL_SET,,
"Evening session","2025-02-10 18:51:37",01:31:10,,,"Lever Pec Deck Fly",,,86.000,10,,,,NORMAL_SET,,
"Evening session","2025-02-10 18:51:37",01:31:10,,,"Lever Pec Deck Fly",,,93.000,8,,,,NORMAL_SET,1,1
"Evening session","2025-02-10 18:51:37",01:31:10,,,"Dips between Chairs",,,66.000,10,,,,NORMAL_SET,,
"Evening session","2025-02-10 18:51:37",01:31:10,,,"Dips between Chairs",,,66.000,10,,,,NORMAL_SET,,
"Evening session","2025-02-10 18:51:37",01:31:10,,,"Dips between Chairs",,,66.000,10,,,,NORMAL_SET,,
"Evening session","2025-02-10 18:51:37",01:31:10,,,"Straight Back Seated Row",,,52.000,8,,,,NORMAL_SET,,
"Evening session","2025-02-10 18:51:37",01:31:10,,,"Straight Back Seated Row",,,66.000,8,,,,NORMAL_SET,"2,2","1,2"
"Evening session","2025-02-10 18:51:37",01:31:10,,,"Straight Back Seated Row",,,66.000,8,,,,NORMAL_SET,"3,3","1,2"
"Evening session","2025-02-10 18:51:37",01:31:10,,,"One Arm Bent-over Row",,,32.000,8,,,,NORMAL_SET,1,1
"Evening session","2025-02-10 18:51:37",01:31:10,,,"One Arm Bent-over Row",,,32.000,8,,,,NORMAL_SET,,
"Evening session","2025-02-10 18:51:37",01:31:10,,,"One Arm Bent-over Row",,,32.000,8,,,,NORMAL_SET,,
"session #2","2025-02-09 16:41:36",01:23:02,,,"Biceps Curl",,,18.000,8,,,,NORMAL_SET,1,1
"session #2","2025-02-09 16:41:36",01:23:02,,,"Biceps Curl",,,18.000,8,,,,NORMAL_SET,2,1
"session #2","2025-02-09 16:41:36",01:23:02,,,"Biceps Curl",,,18.000,8,,,,NORMAL_SET,3,1
"session #2","2025-02-09 16:41:36",01:23:02,,,"Cable Curl",,,50.000,10,,,,WARMUP_SET,,
"session #2","2025-02-09 16:41:36",01:23:02,,,"Cable Curl",,,64.000,8,,,,NORMAL_SET,,
"session #2","2025-02-09 16:41:36",01:23:02,,,"Cable Curl",,,64.000,8,,,,NORMAL_SET,,
"session #2","2025-02-09 16:41:36",01:23:02,,,"Triceps Pushdown",,,64.000,8,,,,NORMAL_SET,,
"session #2","2025-02-09 16:41:36",01:23:02,,,"Triceps Pushdown",,,64.000,8,,,,NORMAL_SET,,
"session #2","2025-02-09 16:41:36",01:23:02,,,"Triceps Pushdown",,,68.000,8,,,,NORMAL_SET,"3,3","1,2"
"session #2","2025-02-09 16:41:36",01:23:02,,,"High Pulley Overhead Tricep Extension",,,54.000,8,,,,NORMAL_SET,"3,3","1,2"
"session #2","2025-02-09 16:41:36",01:23:02,,,"High Pulley Overhead Tricep Extension",,,54.000,8,,,,NORMAL_SET,,
"session #2","2025-02-09 16:41:36",01:23:02,,,"High Pulley Overhead Tricep Extension",,,54.000,8,,,,NORMAL_SET,,
"session #2","2025-02-09 16:41:36",01:23:02,,,"Concentration Curl",,,16.000,8,,,,NORMAL_SET,,
"session #2","2025-02-09 16:41:36",01:23:02,,,"Concentration Curl",,,16.000,8,,,,NORMAL_SET,,
"session #2","2025-02-09 16:41:36",01:23:02,,,"Concentration Curl",,,16.000,8,,,,NORMAL_SET,,
"session #2","2025-02-09 16:41:36",01:23:02,,,"Dips between Chairs",,,66.000,10,,,,NORMAL_SET,,
"session #2","2025-02-09 16:41:36",01:23:02,,,"Dips between Chairs",,,66.000,10,,,,NORMAL_SET,,
"session #2","2025-02-09 16:41:36",01:23:02,,,"Dips between Chairs",,,66.000,10,,,,NORMAL_SET,,
"session #2","2025-02-09 16:41:36",01:23:02,,,"Wide Grip Pull-Up",,,65.000,10,,,,NORMAL_SET,,
"session #2","2025-02-09 16:41:36",01:23:02,,,"Wide Grip Pull-Up",,,65.000,10,,,,NORMAL_SET,,
"session #2","2025-02-09 16:41:36",01:23:02,,,"Cable Pushdown ",,,64.000,8,,,,NORMAL_SET,,
"session #2","2025-02-09 16:41:36",01:23:02,,,"Cable Pushdown ",,,64.000,8,,,,NORMAL_SET,,
"session #2","2025-02-09 16:41:36",01:23:02,,,"Cable Pushdown ",,,64.000,8,,,,NORMAL_SET,,
"session #2","2025-02-09 16:41:36",01:23:02,,,"Preacher Curl",,,41.000,8,,,,NORMAL_SET,,
"session #2","2025-02-09 16:41:36",01:23:02,,,"Preacher Curl",,,50.000,8,,,,NORMAL_SET,"1,1,1","1,2,3"
"session #2","2025-02-09 16:41:36",01:23:02,,,"Preacher Curl",,,50.000,8,,,,NORMAL_SET,"2,2,2","1,2,3"
"session #2","2025-02-09 16:41:36",01:23:02,,,"Lateral Raise",,,16.000,8,,,,NORMAL_SET,2,1
"session #2","2025-02-09 16:41:36",01:23:02,,,"Lateral Raise",,,16.000,8,,,,NORMAL_SET,3,1
"session #2","2025-02-09 16:41:36",01:23:02,,,"Lateral Raise",,,16.000,8,,,,NORMAL_SET,,
"session #2","2025-02-09 16:41:36",01:23:02,,,"Hammer Curl",,,18.000,8,,,,NORMAL_SET,,
"session #2","2025-02-09 16:41:36",01:23:02,,,"Hammer Curl",,,18.000,8,,,,NORMAL_SET,,
"session #2","2025-02-09 16:41:36",01:23:02,,,"Hammer Curl",,,18.000,8,,,,NORMAL_SET,,
"Evening session","2025-02-06 18:53:43",02:34:54,,,"Muscle-up ",,,65.000,10,,,,NORMAL_SET,,
"Evening session","2025-02-06 18:53:43",02:34:54,,,"Wide Grip Pull-Up",,,65.000,10,,,,NORMAL_SET,,
"Evening session","2025-02-06 18:53:43",02:34:54,,,"Wide Grip Pull-Up",,,65.000,10,,,,NORMAL_SET,,
"Evening session","2025-02-06 18:53:43",02:34:54,,,"Concentration Curl",,,16.000,8,,,,NORMAL_SET,,
"Evening session","2025-02-06 18:53:43",02:34:54,,,"Concentration Curl",,,16.000,8,,,,NORMAL_SET,,
"Evening session","2025-02-06 18:53:43",02:34:54,,,"Concentration Curl",,,16.000,8,,,,NORMAL_SET,,
"Evening session","2025-02-06 18:53:43",02:34:54,,,"Dumbbell Incline Curl",,,14.000,8,,,,NORMAL_SET,1,1
"Evening session","2025-02-06 18:53:43",02:34:54,,,"Dumbbell Incline Curl",,,14.000,8,,,,NORMAL_SET,,
"Evening session","2025-02-06 18:53:43",02:34:54,,,"Dumbbell Incline Curl",,,14.000,8,,,,NORMAL_SET,,
"Evening session","2025-02-06 18:53:43",02:34:54,,,"Preacher Curl",,,20.000,10,,,,NORMAL_SET,"3,1","3,4"
"Evening session","2025-02-06 18:53:43",02:34:54,,,"Preacher Curl",,,22.000,8,,,,NORMAL_SET,,
"Evening session","2025-02-06 18:53:43",02:34:54,,,"Preacher Curl",,,25.000,8,,,,NORMAL_SET,"3,3","1,2"
"Evening session","2025-02-06 18:53:43",02:34:54,,,"Lever Seated Shoulder Press",,,36.000,10,,,,NORMAL_SET,,
"Evening session","2025-02-06 18:53:43",02:34:54,,,"Lever Seated Shoulder Press",,,41.000,10,,,,NORMAL_SET,1,1
"Evening session","2025-02-06 18:53:43",02:34:54,,,"Lever Seated Shoulder Press",,,41.000,10,,,,NORMAL_SET,,
"Evening session","2025-02-06 18:53:43",02:34:54,,,"Lever Seated Leg Press",,,120.000,8,,,,NORMAL_SET,3,1
"Evening session","2025-02-06 18:53:43",02:34:54,,,"Lever Seated Leg Press",,,127.000,8,,,,NORMAL_SET,,
"Evening session","2025-02-06 18:53:43",02:34:54,,,"Lever Seated Leg Press",,,140.000,8,,,,NORMAL_SET,"1,1,3","1,2,3"
"Evening session","2025-02-04 21:47:44",01:04:30,,,"Muscle-up ",,,65.000,10,,,,NORMAL_SET,,
"Evening session","2025-02-04 21:47:44",01:04:30,,,Pull-up,,,65.000,10,,,,NORMAL_SET,,
"Evening session","2025-02-04 21:47:44",01:04:30,,,Pull-up,,,65.000,10,,,,NORMAL_SET,,
"Evening session","2025-02-04 21:47:44",01:04:30,,,"Lever Chest Press",,,80.000,10,,,,NORMAL_SET,,
"Evening session","2025-02-04 21:47:44",01:04:30,,,"Lever Chest Press",,,80.000,10,,,,NORMAL_SET,,
"Evening session","2025-02-04 21:47:44",01:04:30,,,"Lever Chest Press",,,86.000,10,,,,NORMAL_SET,,
"Evening session","2025-02-04 21:47:44",01:04:30,,,"Triceps Pushdown",,,59.000,10,,,,NORMAL_SET,,
"Evening session","2025-02-04 21:47:44",01:04:30,,,"Triceps Pushdown",,,64.000,10,,,,NORMAL_SET,"2,2","1,2"
"Evening session","2025-02-04 21:47:44",01:04:30,,,"Triceps Pushdown",,,68.000,10,,,,NORMAL_SET,"1,1,2","1,2,3"
"session #2","2025-02-03 19:52:17",02:34:45,,,"Triceps Pushdown",,,64.000,8,,,,NORMAL_SET,,
"session #2","2025-02-03 19:52:17",02:34:45,,,"Triceps Pushdown",,,64.000,8,,,,NORMAL_SET,,
"session #2","2025-02-03 19:52:17",02:34:45,,,"Triceps Pushdown",,,64.000,8,,,,NORMAL_SET,,
"session #2","2025-02-03 19:52:17",02:34:45,,,"Concentration Curl",,,16.000,8,,,,NORMAL_SET,,
"session #2","2025-02-03 19:52:17",02:34:45,,,"Concentration Curl",,,16.000,8,,,,NORMAL_SET,,
"session #2","2025-02-03 19:52:17",02:34:45,,,"Concentration Curl",,,16.000,8,,,,NORMAL_SET,,
"session #2","2025-02-03 19:52:17",02:34:45,,,"Dips between Chairs",,,66.000,10,,,,NORMAL_SET,,
"session #2","2025-02-03 19:52:17",02:34:45,,,"Dips between Chairs",,,66.000,10,,,,NORMAL_SET,,
"session #2","2025-02-03 19:52:17",02:34:45,,,"Dips between Chairs",,,66.000,10,,,,NORMAL_SET,,
"session #2","2025-02-03 19:52:17",02:34:45,,,"Wide Grip Pull-Up",,,65.000,10,,,,NORMAL_SET,,
"session #2","2025-02-03 19:52:17",02:34:45,,,"Wide Grip Pull-Up",,,65.000,10,,,,NORMAL_SET,,
"session #2","2025-02-03 19:52:17",02:34:45,,,"Cable Pushdown ",,,54.000,10,,,,NORMAL_SET,,
"session #2","2025-02-03 19:52:17",02:34:45,,,"Cable Pushdown ",,,64.000,10,,,,NORMAL_SET,,
"session #2","2025-02-03 19:52:17",02:34:45,,,"Cable Pushdown ",,,64.000,10,,,,NORMAL_SET,,
"session #2","2025-02-03 19:52:17",02:34:45,,,"Preacher Curl",,,20.000,8,,,,NORMAL_SET,,
"session #2","2025-02-03 19:52:17",02:34:45,,,"Preacher Curl",,,22.000,8,,,,NORMAL_SET,,
"session #2","2025-02-03 19:52:17",02:34:45,,,"Preacher Curl",,,25.000,8,,,,NORMAL_SET,"2,2,2","1,2,3"
"session #2","2025-02-03 19:52:17",02:34:45,,,"Hammer Curl",,,18.000,8,,,,NORMAL_SET,,
"session #2","2025-02-03 19:52:17",02:34:45,,,"Hammer Curl",,,18.000,8,,,,NORMAL_SET,,
"session #2","2025-02-03 19:52:17",02:34:45,,,"Hammer Curl",,,18.000,8,,,,NORMAL_SET,,
"session #2","2025-02-02 18:24:27",01:55:07,,,"Biceps Curl",,,18.000,6,,,,NORMAL_SET,2,1
"session #2","2025-02-02 18:24:27",01:55:07,,,"Biceps Curl",,,16.000,8,,,,NORMAL_SET,,
"session #2","2025-02-02 18:24:27",01:55:07,,,"Biceps Curl",,,16.000,8,,,,NORMAL_SET,,
"session #2","2025-02-02 18:24:27",01:55:07,,,"Cable Curl",,,50.000,10,,,,NEGATIVE_REPS_SET,,
"session #2","2025-02-02 18:24:27",01:55:07,,,"Cable Curl",,,64.000,8,,,,NORMAL_SET,,
"session #2","2025-02-02 18:24:27",01:55:07,,,"Cable Curl",,,64.000,8,,,,NORMAL_SET,,
"session #2","2025-02-02 18:24:27",01:55:07,,,"Triceps Pushdown",,,64.000,8,,,,NORMAL_SET,,
"session #2","2025-02-02 18:24:27",01:55:07,,,"Triceps Pushdown",,,64.000,8,,,,NORMAL_SET,,
"session #2","2025-02-02 18:24:27",01:55:07,,,"Triceps Pushdown",,,64.000,8,,,,NORMAL_SET,,
"session #2","2025-02-02 18:24:27",01:55:07,,,"High Pulley Overhead Tricep Extension",,,50.000,10,,,,NORMAL_SET,,
"session #2","2025-02-02 18:24:27",01:55:07,,,"High Pulley Overhead Tricep Extension",,,54.000,8,,,,NORMAL_SET,1,1
"session #2","2025-02-02 18:24:27",01:55:07,,,"High Pulley Overhead Tricep Extension",,,54.000,8,,,,NORMAL_SET,,
"session #2","2025-02-02 18:24:27",01:55:07,,,"Concentration Curl",,,16.000,8,,,,NORMAL_SET,1,1
"session #2","2025-02-02 18:24:27",01:55:07,,,"Concentration Curl",,,16.000,8,,,,NORMAL_SET,,
"session #2","2025-02-02 18:24:27",01:55:07,,,"Concentration Curl",,,16.000,8,,,,NORMAL_SET,,
"session #2","2025-02-02 18:24:27",01:55:07,,,"Dips between Chairs",,,66.000,10,,,,NORMAL_SET,,
"session #2","2025-02-02 18:24:27",01:55:07,,,"Dips between Chairs",,,66.000,10,,,,NORMAL_SET,,
"session #2","2025-02-02 18:24:27",01:55:07,,,"Dips between Chairs",,,66.000,10,,,,NORMAL_SET,,
"session #2","2025-02-02 18:24:27",01:55:07,,,"Wide Grip Pull-Up",,,65.000,10,,,,NORMAL_SET,"2,2,2,2","1,2,3,4"
"session #2","2025-02-02 18:24:27",01:55:07,,,"Wide Grip Pull-Up",,,65.000,10,,,,NORMAL_SET,"3,3,3,3","1,2,3,4"
"session #2","2025-02-02 18:24:27",01:55:07,,,"Cable Pushdown ",,,54.000,10,,,,NORMAL_SET,,
"session #2","2025-02-02 18:24:27",01:55:07,,,"Cable Pushdown ",,,64.000,10,,,,NORMAL_SET,"3,3,3","1,2,3"
"session #2","2025-02-02 18:24:27",01:55:07,,,"Cable Pushdown ",,,64.000,10,,,,NORMAL_SET,,
"session #2","2025-02-02 18:24:27",01:55:07,,,"Preacher Curl",,,20.000,8,,,,NORMAL_SET,,
"session #2","2025-02-02 18:24:27",01:55:07,,,"Preacher Curl",,,22.000,8,,,,NORMAL_SET,,
"session #2","2025-02-02 18:24:27",01:55:07,,,"Preacher Curl",,,25.000,8,,,,NORMAL_SET,1,1
"session #2","2025-02-02 18:24:27",01:55:07,,,"Jump Rope",,,,,,,01:30,NORMAL_SET,,
"session #2","2025-02-02 18:24:27",01:55:07,,,"Jump Rope",,,,,,,01:30,NORMAL_SET,,
"session #2","2025-02-02 18:24:27",01:55:07,,,"Jump Rope",,,,,,,01:30,NORMAL_SET,,
"session #2","2025-02-02 18:24:27",01:55:07,,,"Lateral Raise",,,14.000,8,,,,NORMAL_SET,,
"session #2","2025-02-02 18:24:27",01:55:07,,,"Lateral Raise",,,14.000,8,,,,NORMAL_SET,2,1
"session #2","2025-02-02 18:24:27",01:55:07,,,"Lateral Raise",,,16.000,8,,,,NORMAL_SET,1,1
"session #2","2025-02-02 18:24:27",01:55:07,,,"Hammer Curl",,,18.000,8,,,,NORMAL_SET,1,1
"session #2","2025-02-02 18:24:27",01:55:07,,,"Hammer Curl",,,18.000,8,,,,NORMAL_SET,,
"session #2","2025-02-02 18:24:27",01:55:07,,,"Hammer Curl",,,18.000,8,,,,NORMAL_SET,,
"Evening session","2025-01-31 16:59:35",00:49:33,,,"Muscle-up ",,,65.000,10,,,,NORMAL_SET,,
"Evening session","2025-01-31 16:59:35",00:49:33,,,"Wide Grip Pull-Up",,,65.000,10,,,,NORMAL_SET,1,1
"Evening session","2025-01-31 16:59:35",00:49:33,,,"Hammer Grip Pull-up on Dip Cage",,,65.000,10,,,,NORMAL_SET,1,1
"Evening session","2025-01-31 16:59:35",00:49:33,,,"Triceps Pushdown",,,64.000,10,,,,NORMAL_SET,,
"Evening session","2025-01-31 16:59:35",00:49:33,,,"Triceps Pushdown",,,64.000,10,,,,NORMAL_SET,,
"Evening session","2025-01-31 16:59:35",00:49:33,,,"Cable Curl",,,64.000,10,,,,NEGATIVE_REPS_SET,"1,1,1","1,2,3"
"Evening session","2025-01-31 16:59:35",00:49:33,,,"Cable Curl",,,64.000,10,,,,NORMAL_SET,"2,2,2","1,2,3"
"Evening session","2025-01-31 16:59:35",00:49:33,,,"Cable Curl",,,64.000,10,,,,NORMAL_SET,"3,3,3","1,2,3"
"Evening session","2025-01-31 16:59:35",00:49:33,,,"Lever Seated Row",,,66.000,10,,,,NORMAL_SET,1,1
"Evening session","2025-01-31 16:59:35",00:49:33,,,"Lever Seated Row",,,66.000,10,,,,NORMAL_SET,,
"Evening session","2025-01-31 16:59:35",00:49:33,,,"Lever Seated Row",,,66.000,10,,,,NORMAL_SET,,
"Evening session","2025-01-31 16:59:35",00:49:33,,,"Biceps Curl",,,18.000,6,,,,NORMAL_SET,1,1
"Evening session","2025-01-31 16:59:35",00:49:33,,,"Biceps Curl",,,16.000,6,,,,NORMAL_SET,,
"Evening session","2025-01-31 16:59:35",00:49:33,,,"Biceps Curl",,,16.000,6,,,,NORMAL_SET,,
"Evening session","2025-01-31 16:59:35",00:49:33,,,"Bar Lateral Pulldown",,,66.000,8,,,,NORMAL_SET,,
"Evening session","2025-01-31 16:59:35",00:49:33,,,"Bar Lateral Pulldown",,,73.000,8,,,,NORMAL_SET,1,1
"Evening session","2025-01-31 16:59:35",00:49:33,,,"Bar Lateral Pulldown",,,73.000,8,,,,NORMAL_SET,,
"My routine #1","2025-01-30 20:41:03",02:11:03,,,"Muscle-up ",,,65.000,10,,,,NORMAL_SET,,
"My routine #1","2025-01-30 20:41:03",02:11:03,,,Pull-up,,,65.000,10,,,,NORMAL_SET,,
"My routine #1","2025-01-29 19:54:08",01:34:57,,,"Muscle-up ",,,65.000,10,,,,NORMAL_SET,,
"My routine #1","2025-01-29 19:54:08",01:34:57,,,Pull-up,,,65.000,10,,,,NORMAL_SET,,
"My routine #1","2025-01-29 19:54:08",01:34:57,,,Pull-up,,,65.000,10,,,,NORMAL_SET,,
"My routine #1","2025-01-29 19:54:08",01:34:57,,,"Cable Curl",,,34.000,8,,,,NORMAL_SET,2,2
"My routine #1","2025-01-29 19:54:08",01:34:57,,,"Cable Curl",,,30.000,10,,,,NORMAL_SET,,
"My routine #1","2025-01-29 19:54:08",01:34:57,,,"Cable Curl",,,34.000,8,,,,NORMAL_SET,3,2
"My routine #1","2025-01-29 19:54:08",01:34:57,,,Kickback,,,12.000,10,,,,NORMAL_SET,1,1
"My routine #1","2025-01-29 19:54:08",01:34:57,,,Kickback,,,12.000,10,,,,NORMAL_SET,,
"My routine #1","2025-01-29 19:54:08",01:34:57,,,Kickback,,,12.000,10,,,,NORMAL_SET,,
"My routine #1","2025-01-08 21:12:17",00:46:51,,,"Muscle-up ",,,65.000,10,,,,NORMAL_SET,,
"My routine #1","2025-01-08 21:12:17",00:46:51,,,Pull-up,,,65.000,10,,,,NORMAL_SET,,
"My routine #1","2025-01-08 21:12:17",00:46:51,,,Pull-up,,,65.000,10,,,,NORMAL_SET,,
"My routine #1","2025-01-08 21:12:17",00:46:51,,,"Triceps Pushdown",,,59.000,10,,,,NORMAL_SET,,
"My routine #1","2025-01-08 21:12:17",00:46:51,,,"Triceps Pushdown",,,68.000,10,,,,NORMAL_SET,"2,2,2","1,2,3"
"My routine #1","2025-01-08 21:12:17",00:46:51,,,"Triceps Pushdown",,,64.000,10,,,,NORMAL_SET,,
"My routine #1","2025-01-07 19:25:17",01:54:06,,,"Muscle-up ",,,65.000,10,,,,NORMAL_SET,,
"My routine #1","2025-01-07 19:25:17",01:54:06,,,Pull-up,,,65.000,10,,,,NORMAL_SET,,
"My routine #1","2025-01-07 19:25:17",01:54:06,,,Pull-up,,,65.000,10,,,,NORMAL_SET,,
"My routine #1","2025-01-07 19:25:17",01:54:06,,,"Cable Curl",,,27.000,10,,,,NORMAL_SET,,
"My routine #1","2025-01-07 19:25:17",01:54:06,,,"Cable Curl",,,30.000,8,,,,NORMAL_SET,,
"My routine #1","2025-01-07 19:25:17",01:54:06,,,"Cable Curl",,,30.000,8,,,,NORMAL_SET,,
"My routine #1","2025-01-06 19:14:08",00:59:34,,,"Muscle-up ",,,65.000,10,,,,NORMAL_SET,,
"My routine #1","2025-01-06 19:14:08",00:59:34,,,"Dips between Chairs",,,66.000,10,,,,NORMAL_SET,,
"My routine #1","2025-01-06 19:14:08",00:59:34,,,"Dips between Chairs",,,66.000,10,,,,NORMAL_SET,,
"My routine #1","2025-01-06 19:14:08",00:59:34,,,"Dips between Chairs",,,66.000,10,,,,NORMAL_SET,,
"My routine #1","2025-01-06 19:14:08",00:59:34,,,Pull-up,,,65.000,10,,,,NORMAL_SET,,
"My routine #1","2025-01-06 19:14:08",00:59:34,,,Pull-up,,,65.000,10,,,,NORMAL_SET,,
"My routine #1","2025-01-06 19:14:08",00:59:34,,,"Triceps Pushdown",,,59.000,10,,,,NORMAL_SET,,
"My routine #1","2025-01-06 19:14:08",00:59:34,,,"Triceps Pushdown",,,68.000,10,,,,NORMAL_SET,"1,1,1","1,2,3"
"My routine #1","2025-01-06 19:14:08",00:59:34,,,"Triceps Pushdown",,,64.000,10,,,,NORMAL_SET,,
"My routine #1","2025-01-06 19:14:08",00:59:34,,,"Barbell Curl",,,30.000,8,,,,NORMAL_SET,,
"My routine #1","2025-01-06 19:14:08",00:59:34,,,"Barbell Curl",,,30.000,8,,,,NORMAL_SET,,
"My routine #1","2025-01-06 19:14:08",00:59:34,,,"Barbell Curl",,,30.000,8,,,,NORMAL_SET,,
"My routine #1","2025-01-06 19:14:08",00:59:34,,,"Cable Curl",,,27.000,10,,,,NORMAL_SET,,
"My routine #1","2025-01-06 19:14:08",00:59:34,,,"Cable Curl",,,30.000,8,,,,NORMAL_SET,,
"My routine #1","2025-01-06 19:14:08",00:59:34,,,"Cable Curl",,,30.000,8,,,,NORMAL_SET,,
"My routine #1","2025-01-06 19:14:08",00:59:34,,,"Biceps Curl",,,16.000,10,,,,NORMAL_SET,,
"My routine #1","2025-01-06 19:14:08",00:59:34,,,"Biceps Curl",,,16.000,10,,,,NORMAL_SET,,
"My routine #1","2025-01-06 19:14:08",00:59:34,,,"Biceps Curl",,,16.000,10,,,,NORMAL_SET,,
"My routine #1","2025-01-06 19:14:08",00:59:34,,,"Cable Pushdown ",,,59.000,10,,,,NORMAL_SET,,
"My routine #1","2025-01-06 19:14:08",00:59:34,,,"Cable Pushdown ",,,64.000,10,,,,NORMAL_SET,1,1
"My routine #1","2025-01-06 19:14:08",00:59:34,,,"Cable Pushdown ",,,64.000,10,,,,NORMAL_SET,,
"My routine #1","2025-01-05 19:58:46",00:55:01,,,"Muscle-up ",,,65.000,10,,,,NORMAL_SET,,
"My routine #1","2025-01-05 19:58:46",00:55:01,,,Pull-up,,,65.000,10,,,,NORMAL_SET,,
"My routine #1","2025-01-05 19:58:46",00:55:01,,,Pull-up,,,65.000,10,,,,NORMAL_SET,,
"My routine #1","2025-01-05 19:58:46",00:55:01,,,"Triceps Pushdown",,,59.000,10,,,,NORMAL_SET,,
"My routine #1","2025-01-05 19:58:46",00:55:01,,,"Triceps Pushdown",,,59.000,10,,,,NORMAL_SET,,
"My routine #1","2025-01-05 19:58:46",00:55:01,,,"Triceps Pushdown",,,64.000,10,,,,NORMAL_SET,,
"My routine #1","2025-01-05 19:58:46",00:55:01,,,"Lever Chest Press",,,66.000,10,,,,NORMAL_SET,,
"My routine #1","2025-01-05 19:58:46",00:55:01,,,"Lever Chest Press",,,80.000,10,,,,NORMAL_SET,,
"My routine #1","2025-01-05 19:58:46",00:55:01,,,"Lever Chest Press",,,86.000,10,,,,NORMAL_SET,3,1
"My routine #1","2025-01-04 15:28:31",00:40:08,,,"Muscle-up ",,,65.000,10,,,,NORMAL_SET,,
"My routine #1","2025-01-04 15:28:31",00:40:08,,,Pull-up,,,65.000,10,,,,NORMAL_SET,,
"My routine #1","2025-01-04 15:28:31",00:40:08,,,Pull-up,,,65.000,10,,,,NORMAL_SET,,
"My routine #1","2025-01-04 15:28:31",00:40:08,,,"Triceps Pushdown",,,54.000,10,,,,NORMAL_SET,,
"My routine #1","2025-01-04 15:28:31",00:40:08,,,"Triceps Pushdown",,,59.000,10,,,,NORMAL_SET,,
"My routine #1","2025-01-04 15:28:31",00:40:08,,,"Lever Seated Leg Press",,,80.000,8,,,,NORMAL_SET,,
"My routine #1","2025-01-04 15:28:31",00:40:08,,,"Lever Seated Leg Press",,,100.000,8,,,,NORMAL_SET,,
"My routine #1","2025-01-04 15:28:31",00:40:08,,,"Lever Seated Leg Press",,,120.000,8,,,,NORMAL_SET,2,1
"My routine #1","2025-01-01 20:26:36",00:43:51,,,"Muscle-up ",,,65.000,10,,,,NORMAL_SET,,
"My routine #1","2025-01-01 20:26:36",00:43:51,,,Pull-up,,,65.000,10,,,,NORMAL_SET,,
"My routine #1","2025-01-01 20:26:36",00:43:51,,,Pull-up,,,65.000,10,,,,NORMAL_SET,,
"My routine #1","2025-01-01 20:26:36",00:43:51,,,"Triceps Pushdown",,,54.000,10,,,,NORMAL_SET,,
"My routine #1","2025-01-01 20:26:36",00:43:51,,,"Triceps Pushdown",,,64.000,10,,,,NORMAL_SET,,
"My routine #1","2025-01-01 20:26:36",00:43:51,,,"Triceps Pushdown",,,64.000,10,,,,NORMAL_SET,,
"My routine #1","2024-12-26 14:47:13",01:01:45,,,"Muscle-up ",,,65.000,10,,,,NORMAL_SET,,
"My routine #1","2024-12-26 14:47:13",01:01:45,,,"Dips between Chairs",,,66.000,10,,,,NORMAL_SET,,
"My routine #1","2024-12-26 14:47:13",01:01:45,,,"Dips between Chairs",,,66.000,10,,,,NORMAL_SET,,
"My routine #1","2024-12-26 14:47:13",01:01:45,,,"Dips between Chairs",,,66.000,10,,,,NORMAL_SET,,
"My routine #1","2024-12-26 14:47:13",01:01:45,,,Pull-up,,,65.000,10,,,,NORMAL_SET,,
"My routine #1","2024-12-26 14:47:13",01:01:45,,,Pull-up,,,65.000,10,,,,NORMAL_SET,,
"My routine #1","2024-12-26 14:47:13",01:01:45,,,"Triceps Pushdown",,,54.000,10,,,,NORMAL_SET,,
"My routine #1","2024-12-26 14:47:13",01:01:45,,,"Triceps Pushdown",,,64.000,10,,,,NORMAL_SET,,
"My routine #1","2024-12-26 14:47:13",01:01:45,,,"Triceps Pushdown",,,64.000,10,,,,NORMAL_SET,,
"My routine #1","2024-12-26 14:47:13",01:01:45,,,"Lever Chest Press",,,80.000,10,,,,NORMAL_SET,,
"My routine #1","2024-12-26 14:47:13",01:01:45,,,"Lever Chest Press",,,80.000,10,,,,NORMAL_SET,,
"My routine #1","2024-12-26 14:47:13",01:01:45,,,"Lever Chest Press",,,80.000,10,,,,NORMAL_SET,,
"My routine #1","2024-12-26 14:47:13",01:01:45,,,"Cable Curl",,,27.000,10,,,,NORMAL_SET,,
"My routine #1","2024-12-26 14:47:13",01:01:45,,,"Cable Curl",,,30.000,10,,,,NORMAL_SET,,
"My routine #1","2024-12-26 14:47:13",01:01:45,,,"Cable Curl",,,32.000,10,,,,NORMAL_SET,3,1
"My routine #1","2024-12-23 19:21:35",00:35:20,,,"Muscle-up ",,,65.000,10,,,,NORMAL_SET,,
"My routine #1","2024-12-23 19:21:35",00:35:20,,,"Dips between Chairs",,,66.000,10,,,,NORMAL_SET,,
"My routine #1","2024-12-23 19:21:35",00:35:20,,,"Dips between Chairs",,,66.000,10,,,,NORMAL_SET,,
"My routine #1","2024-12-23 19:21:35",00:35:20,,,"Dips between Chairs",,,66.000,10,,,,NORMAL_SET,,
"My routine #1","2024-12-23 19:21:35",00:35:20,,,Pull-up,,,65.000,10,,,,NORMAL_SET,,
"My routine #1","2024-12-23 19:21:35",00:35:20,,,Pull-up,,,65.000,10,,,,NORMAL_SET,,
"My routine #1","2024-12-23 19:21:35",00:35:20,,,"Triceps Pushdown",,,54.000,10,,,,NORMAL_SET,,
"My routine #1","2024-12-23 19:21:35",00:35:20,,,"Triceps Pushdown",,,64.000,10,,,,NORMAL_SET,,
"My routine #1","2024-12-23 19:21:35",00:35:20,,,"Triceps Pushdown",,,64.000,10,,,,NORMAL_SET,,
"My routine #1","2024-12-23 19:21:35",00:35:20,,,"Barbell Curl",,,30.000,8,,,,NORMAL_SET,,
"My routine #1","2024-12-23 19:21:35",00:35:20,,,"Barbell Curl",,,30.000,8,,,,NORMAL_SET,,
"My routine #1","2024-12-23 19:21:35",00:35:20,,,"Barbell Curl",,,30.000,8,,,,NORMAL_SET,,
"Upper Body 1","2024-12-19 20:03:21",01:08:06,,,"Lever Seated Leg Press",,,80.000,8,,,,NORMAL_SET,,
"Upper Body 1","2024-12-19 20:03:21",01:08:06,,,"Lever Seated Leg Press",,,100.000,8,,,,NORMAL_SET,,
"Upper Body 1","2024-12-19 20:03:21",01:08:06,,,"Lever Seated Leg Press",,,120.000,8,,,,NORMAL_SET,"1,3","1,2"
"Upper Body 1","2024-12-19 20:03:21",01:08:06,,,Pull-up,,,65.000,10,,,,NORMAL_SET,,
"Upper Body 1","2024-12-19 20:03:21",01:08:06,,,Pull-up,,,65.000,10,,,,NORMAL_SET,,
"Upper Body 1","2024-12-19 20:03:21",01:08:06,,,Pull-up,,,65.000,10,,,,NORMAL_SET,,
"Upper Body 1","2024-12-19 20:03:21",01:08:06,,,"Straight Back Seated Row",,,52.000,8,,,,NORMAL_SET,,
"Upper Body 1","2024-12-19 20:03:21",01:08:06,,,"Straight Back Seated Row",,,59.000,8,,,,NORMAL_SET,"3,3","1,2"
"Upper Body 1","2024-12-19 20:03:21",01:08:06,,,"Straight Back Seated Row",,,66.000,8,,,,NORMAL_SET,"1,1,3","1,2,3"
"Upper Body 1","2024-12-19 20:03:21",01:08:06,,,"Barbell Curl",,,30.000,12,,,,NORMAL_SET,,
"Upper Body 1","2024-12-19 20:03:21",01:08:06,,,"Barbell Curl",,,30.000,12,,,,NORMAL_SET,,
"Upper Body 1","2024-12-19 20:03:21",01:08:06,,,"Barbell Curl",,,30.000,12,,,,NORMAL_SET,,
"Upper Body 1","2024-12-19 20:03:21",01:08:06,,,"Triceps Pushdown",,,54.000,12,,,,NORMAL_SET,"3,3,3","1,2,3"
"Upper Body 1","2024-12-19 20:03:21",01:08:06,,,"Triceps Pushdown",,,54.000,12,,,,NORMAL_SET,,
"Upper Body 1","2024-12-19 20:03:21",01:08:06,,,"Triceps Pushdown",,,64.000,12,,,,NORMAL_SET,"1,1,1","1,2,3"
"Upper Body 1","2024-12-19 20:03:21",01:08:06,,,"Lever Leg Extension",,,60.000,10,,,,NORMAL_SET,,
"Upper Body 1","2024-12-19 20:03:21",01:08:06,,,"Lever Leg Extension",,,66.000,10,,,,NORMAL_SET,,
"Upper Body 1","2024-12-19 20:03:21",01:08:06,,,"Lever Leg Extension",,,80.000,10,,,,NORMAL_SET,"1,1,1","1,2,3"
"My routine #1","2024-12-17 19:36:51",01:28:31,,,"Muscle-up ",,,65.000,10,,,,NORMAL_SET,,
"My routine #1","2024-12-17 19:36:51",01:28:31,,,Pull-up,,,65.000,10,,,,NORMAL_SET,,
"My routine #1","2024-12-17 19:36:51",01:28:31,,,Pull-up,,,65.000,10,,,,NORMAL_SET,,
"My routine #1","2024-12-17 19:36:51",01:28:31,,,"Triceps Pushdown",,,54.000,10,,,,NORMAL_SET,,
"My routine #1","2024-12-17 19:36:51",01:28:31,,,"Triceps Pushdown",,,64.000,10,,,,NORMAL_SET,,
"My routine #1","2024-12-17 19:36:51",01:28:31,,,"Triceps Pushdown",,,64.000,10,,,,NORMAL_SET,,
"My routine #1","2024-12-17 19:36:51",01:28:31,,,"Lever Chest Press",,,80.000,10,,,,NORMAL_SET,,
"My routine #1","2024-12-17 19:36:51",01:28:31,,,"Lever Chest Press",,,80.000,10,,,,NORMAL_SET,,
"My routine #1","2024-12-17 19:36:51",01:28:31,,,"Lever Chest Press",,,80.000,10,,,,NORMAL_SET,,
"My routine #1","2024-12-16 20:12:02",00:53:27,,,"Muscle-up ",,,65.000,10,,,,NORMAL_SET,,
"My routine #1","2024-12-16 20:12:02",00:53:27,,,"Dips between Chairs",,,66.000,10,,,,NORMAL_SET,,
"My routine #1","2024-12-16 20:12:02",00:53:27,,,"Dips between Chairs",,,66.000,10,,,,NORMAL_SET,,
"My routine #1","2024-12-16 20:12:02",00:53:27,,,"Dips between Chairs",,,66.000,10,,,,NORMAL_SET,,
"My routine #1","2024-12-16 20:12:02",00:53:27,,,Pull-up,,,65.000,10,,,,NORMAL_SET,,
"My routine #1","2024-12-16 20:12:02",00:53:27,,,Pull-up,,,65.000,10,,,,NORMAL_SET,,
"My routine #1","2024-12-16 20:12:02",00:53:27,,,"Triceps Pushdown",,,54.000,10,,,,NORMAL_SET,,
"My routine #1","2024-12-16 20:12:02",00:53:27,,,"Triceps Pushdown",,,60.000,10,,,,NORMAL_SET,,
"My routine #1","2024-12-16 20:12:02",00:53:27,,,"Triceps Pushdown",,,64.000,10,,,,NORMAL_SET,,
"My routine #1","2024-12-16 20:12:02",00:53:27,,,"Cable Curl",,,27.000,10,,,,NORMAL_SET,,
"My routine #1","2024-12-16 20:12:02",00:53:27,,,"Cable Curl",,,30.000,10,,,,NORMAL_SET,,
"My routine #1","2024-12-16 20:12:02",00:53:27,,,"Cable Curl",,,32.000,10,,,,NORMAL_SET,2,1
"My routine #1","2024-12-12 21:22:00",00:29:12,,,"Muscle-up ",,,65.000,10,,,,NORMAL_SET,,
"My routine #1","2024-12-12 21:22:00",00:29:12,,,"Dips between Chairs",,,66.000,10,,,,NORMAL_SET,,
"My routine #1","2024-12-12 21:22:00",00:29:12,,,"Dips between Chairs",,,66.000,10,,,,NORMAL_SET,,
"My routine #1","2024-12-12 21:22:00",00:29:12,,,"Dips between Chairs",,,66.000,10,,,,NORMAL_SET,,
"My routine #1","2024-12-12 21:22:00",00:29:12,,,Pull-up,,,65.000,10,,,,NORMAL_SET,,
"My routine #1","2024-12-12 21:22:00",00:29:12,,,Pull-up,,,65.000,10,,,,NORMAL_SET,,
"My routine #1","2024-12-12 21:22:00",00:29:12,,,"Triceps Pushdown",,,54.000,10,,,,NORMAL_SET,,
"My routine #1","2024-12-12 21:22:00",00:29:12,,,"Triceps Pushdown",,,60.000,10,,,,NORMAL_SET,,
"My routine #1","2024-12-12 21:22:00",00:29:12,,,"Triceps Pushdown",,,64.000,10,,,,NORMAL_SET,"3,3,3","1,2,3"
"My routine #1","2024-12-12 21:22:00",00:29:12,,,"Cable Curl",,,27.000,10,,,,NORMAL_SET,,
"My routine #1","2024-12-12 21:22:00",00:29:12,,,"Cable Curl",,,30.000,10,,,,NORMAL_SET,,
"My routine #1","2024-12-12 21:22:00",00:29:12,,,"Cable Curl",,,32.000,10,,,,NORMAL_SET,1,1
"My routine #1","2024-12-12 21:22:00",00:29:12,,,"Biceps Curl",,,16.000,10,,,,NORMAL_SET,1,1
"My routine #1","2024-12-12 21:22:00",00:29:12,,,"Biceps Curl",,,16.000,10,,,,NORMAL_SET,2,1
"My routine #1","2024-12-12 21:22:00",00:29:12,,,"Biceps Curl",,,16.000,10,,,,NORMAL_SET,3,1
"My routine #1","2024-12-11 19:52:06",01:20:27,,,"Muscle-up ",,,65.000,10,,,,NORMAL_SET,,
"My routine #1","2024-12-11 19:52:06",01:20:27,,,Pull-up,,,65.000,10,,,,NORMAL_SET,,
"My routine #1","2024-12-11 19:52:06",01:20:27,,,Pull-up,,,65.000,10,,,,NORMAL_SET,,
"My routine #1","2024-12-11 19:52:06",01:20:27,,,"Triceps Pushdown",,,54.000,10,,,,NORMAL_SET,,
"My routine #1","2024-12-11 19:52:06",01:20:27,,,"Triceps Pushdown",,,60.000,10,,,,NORMAL_SET,,
"My routine #1","2024-12-11 19:52:06",01:20:27,,,"Triceps Pushdown",,,64.000,10,,,,NORMAL_SET,"2,2,2","1,2,3"
"My routine #1","2024-12-11 19:52:06",01:20:27,,,"Cable Curl",,,30.000,10,,,,NORMAL_SET,,
"My routine #1","2024-12-11 19:52:06",01:20:27,,,"Cable Curl",,,30.000,10,,,,NORMAL_SET,,
"My routine #1","2024-12-11 19:52:06",01:20:27,,,"Cable Curl",,,30.000,10,,,,NORMAL_SET,,
"Upper Body 1","2024-12-10 19:57:05",01:10:10,,,"Bench Press",,,80.000,6,,,,NORMAL_SET,,
"Upper Body 1","2024-12-10 19:57:05",01:10:10,,,"Bench Press",,,93.000,6,,,,NORMAL_SET,1,1
"Upper Body 1","2024-12-10 19:57:05",01:10:10,,,"Bench Press",,,93.000,6,,,,NORMAL_SET,,
"Upper Body 1","2024-12-10 19:57:05",01:10:10,,,"Incline Bench Press",,,20.000,8,,,,NORMAL_SET,1,1
"Upper Body 1","2024-12-10 19:57:05",01:10:10,,,"Incline Bench Press",,,20.000,8,,,,NORMAL_SET,,
"Upper Body 1","2024-12-10 19:57:05",01:10:10,,,"Incline Bench Press",,,20.000,8,,,,NORMAL_SET,,
"Upper Body 1","2024-12-10 19:57:05",01:10:10,,,Pull-up,,,66.000,10,,,,NORMAL_SET,"1,1,1","1,2,3"
"Upper Body 1","2024-12-10 19:57:05",01:10:10,,,Pull-up,,,66.000,10,,,,NORMAL_SET,"2,2,2","1,2,3"
"Upper Body 1","2024-12-10 19:57:05",01:10:10,,,Pull-up,,,66.000,10,,,,NORMAL_SET,"3,3,3","1,2,3"
"Upper Body 1","2024-12-10 19:57:05",01:10:10,,,"Straight Back Seated Row",,,52.000,10,,,,NORMAL_SET,,
"Upper Body 1","2024-12-10 19:57:05",01:10:10,,,"Straight Back Seated Row",,,59.000,10,,,,NORMAL_SET,1,1
"Upper Body 1","2024-12-10 19:57:05",01:10:10,,,"Straight Back Seated Row",,,59.000,10,,,,NORMAL_SET,,
"Upper Body 1","2024-12-10 19:57:05",01:10:10,,,"Barbell Curl",,,30.000,12,,,,NORMAL_SET,1,1
"Upper Body 1","2024-12-10 19:57:05",01:10:10,,,"Barbell Curl",,,30.000,12,,,,NORMAL_SET,,
"Upper Body 1","2024-12-10 19:57:05",01:10:10,,,"Barbell Curl",,,30.000,12,,,,NORMAL_SET,,
"Upper Body 1","2024-12-10 19:57:05",01:10:10,,,"Triceps Pushdown",,,54.000,12,,,,NORMAL_SET,,
"Upper Body 1","2024-12-10 19:57:05",01:10:10,,,"Triceps Pushdown",,,54.000,12,,,,NORMAL_SET,,
"Upper Body 1","2024-12-10 19:57:05",01:10:10,,,"Triceps Pushdown",,,59.000,12,,,,NORMAL_SET,1,1
"My routine #1","2024-12-05 19:01:12",01:22:11,,,"Muscle-up ",,,65.000,10,,,,NORMAL_SET,,
"My routine #1","2024-12-04 20:27:10",01:22:11,,,"Muscle-up ",,,65.000,10,,,,NORMAL_SET,3,1
"My routine #1","2024-12-04 20:27:10",01:22:11,,,"Dips between Chairs",,,66.000,10,,,,NORMAL_SET,1,1
"My routine #1","2024-12-04 20:27:10",01:22:11,,,"Dips between Chairs",,,66.000,10,,,,NORMAL_SET,,
"My routine #1","2024-12-04 20:27:10",01:22:11,,,"Dips between Chairs",,,66.000,10,,,,NORMAL_SET,,
"My routine #1","2024-12-04 20:27:10",01:22:11,,,Pull-up,,,65.000,10,,,,NORMAL_SET,,
"My routine #1","2024-12-04 20:27:10",01:22:11,,,Pull-up,,,65.000,10,,,,NORMAL_SET,,
"My routine #1","2024-12-04 20:27:10",01:22:11,,,"Triceps Pushdown",,,54.000,10,,,,NORMAL_SET,,
"My routine #1","2024-12-04 20:27:10",01:22:11,,,"Triceps Pushdown",,,60.000,10,,,,NORMAL_SET,,
"My routine #1","2024-12-04 20:27:10",01:22:11,,,"Triceps Pushdown",,,64.000,10,,,,NORMAL_SET,"1,1,1","1,2,3"
"My routine #1","2024-12-04 20:27:10",01:22:11,,,"Cable Curl",,,30.000,10,,,,NORMAL_SET,,
"My routine #1","2024-12-04 20:27:10",01:22:11,,,"Cable Curl",,,30.000,10,,,,NORMAL_SET,,
"My routine #1","2024-12-04 20:27:10",01:22:11,,,"Cable Curl",,,30.000,10,,,,NORMAL_SET,,
"My routine #1","2024-12-02 18:47:47",01:55:52,,,"Muscle-up ",,,65.000,10,,,,NORMAL_SET,2,1
"My routine #1","2024-12-02 18:47:47",01:55:52,,,Pull-up,,,65.000,10,,,,NORMAL_SET,3,1
"My routine #1","2024-12-02 18:47:47",01:55:52,,,Pull-up,,,65.000,10,,,,NORMAL_SET,,
"My routine #1","2024-12-02 18:47:47",01:55:52,,,"Lever Chest Press",,,80.000,10,,,,NORMAL_SET,,
"My routine #1","2024-12-02 18:47:47",01:55:52,,,"Lever Chest Press",,,80.000,10,,,,NORMAL_SET,,
"My routine #1","2024-12-02 18:47:47",01:55:52,,,"Lever Chest Press",,,80.000,10,,,,NORMAL_SET,,
"My routine #1","2024-12-02 18:47:47",01:55:52,,,"Jump Rope",,,,,,,01:00,NORMAL_SET,,
"My routine #1","2024-12-02 18:47:47",01:55:52,,,"Jump Rope",,,,,,,01:00,NORMAL_SET,,
"My routine #1","2024-12-01 16:23:33",01:03:26,,,"Muscle-up ",,,65.000,10,,,,NORMAL_SET,1,1
"My routine #1","2024-12-01 16:23:33",01:03:26,,,Pull-up,,,65.000,10,,,,NORMAL_SET,1,1
"My routine #1","2024-12-01 16:23:33",01:03:26,,,Pull-up,,,65.000,10,,,,NORMAL_SET,2,1
"My routine #1","2024-12-01 16:23:33",01:03:26,,,"Triceps Pushdown",,,54.000,10,,,,NORMAL_SET,,
"My routine #1","2024-12-01 16:23:33",01:03:26,,,"Triceps Pushdown",,,60.000,10,,,,NORMAL_SET,,
"My routine #1","2024-12-01 16:23:33",01:03:26,,,"Triceps Pushdown",,,60.000,10,,,,NORMAL_SET,,
"My routine #1","2024-12-01 16:23:33",01:03:26,,,"Cable Curl",,,30.000,10,,,,NORMAL_SET,,
"My routine #1","2024-12-01 16:23:33",01:03:26,,,"Cable Curl",,,30.000,10,,,,NORMAL_SET,,
"My routine #1","2024-12-01 16:23:33",01:03:26,,,"Cable Curl",,,30.000,10,,,,NORMAL_SET,,
"My routine #1","2024-12-01 16:23:33",01:03:26,,,"Jump Rope",,,,,,,01:00,NORMAL_SET,,
"My routine #1","2024-12-01 16:23:33",01:03:26,,,"Jump Rope",,,,,,,01:00,NORMAL_SET,,
"My routine #1","2024-12-01 16:23:33",01:03:26,,,"Jump Rope",,,,,,,01:00,NORMAL_SET,,
"My routine #1","2024-11-28 20:26:05",01:28:49,,,"Muscle-up ",,,65.0,10,,,,NORMAL_SET,,
"My routine #1","2024-11-28 20:26:05",01:28:49,,,Pull-up,,,65.0,10,,,,NORMAL_SET,,
"My routine #1","2024-11-28 20:26:05",01:28:49,,,Pull-up,,,65.0,10,,,,NORMAL_SET,,
"My routine #1","2024-11-28 20:26:05",01:28:49,,,"Lever Chest Press",,,80.000,10,,,,NORMAL_SET,,
"My routine #1","2024-11-28 20:26:05",01:28:49,,,"Lever Chest Press",,,100.000,10,,,,NORMAL_SET,2,1
"My routine #1","2024-11-28 20:26:05",01:28:49,,,"Lever Chest Press",,,80.000,10,,,,NORMAL_SET,,
"My routine #1","2024-11-27 19:40:42",00:56:18,,,"Muscle-up ",,,65.0,10,,,,NORMAL_SET,,
"My routine #1","2024-11-27 19:40:42",00:56:18,,,Pull-up,,,65.0,10,,,,NORMAL_SET,,
"My routine #1","2024-11-27 19:40:42",00:56:18,,,Pull-up,,,65.0,10,,,,NORMAL_SET,,
"My routine #1","2024-11-27 19:40:42",00:56:18,,,"Triceps Pushdown",,,54.000,10,,,,NORMAL_SET,,
"My routine #1","2024-11-27 19:40:42",00:56:18,,,"Triceps Pushdown",,,60.000,10,,,,NORMAL_SET,,
"My routine #1","2024-11-27 19:40:42",00:56:18,,,"Triceps Pushdown",,,60.000,10,,,,NORMAL_SET,,
"My routine #1","2024-11-27 19:40:42",00:56:18,,,"Cable Curl",,,30.000,10,,,,NORMAL_SET,,
"My routine #1","2024-11-27 19:40:42",00:56:18,,,"Cable Curl",,,30.000,10,,,,NORMAL_SET,,
"My routine #1","2024-11-27 19:40:42",00:56:18,,,"Cable Curl",,,30.000,10,,,,NORMAL_SET,,
"My routine #1","2024-11-27 19:40:42",00:56:18,,,"Lever Chest Press",,,80.000,10,,,,NORMAL_SET,,
"My routine #1","2024-11-27 19:40:42",00:56:18,,,"Lever Chest Press",,,100.000,10,,,,NORMAL_SET,1,1
"My routine #1","2024-11-27 19:40:42",00:56:18,,,"Lever Chest Press",,,80.000,10,,,,NORMAL_SET,,
"My routine #1","2024-11-26 20:43:54",01:23:32,,,"Muscle-up ",,,65.0,10,,,,NORMAL_SET,,
"My routine #1","2024-11-26 20:43:54",01:23:32,,,Pull-up,,,65.0,10,,,,NORMAL_SET,,
"My routine #1","2024-11-26 20:43:54",01:23:32,,,Pull-up,,,65.0,10,,,,NORMAL_SET,,
"My routine #1","2024-11-26 20:43:54",01:23:32,,,"Triceps Pushdown",,,54.000,10,,,,NORMAL_SET,,
"My routine #1","2024-11-26 20:43:54",01:23:32,,,"Triceps Pushdown",,,60.000,10,,,,NORMAL_SET,,
"My routine #1","2024-11-26 20:43:54",01:23:32,,,"Triceps Pushdown",,,60.000,10,,,,NORMAL_SET,,
"My routine #1","2024-11-26 20:43:54",01:23:32,,,"Cable Curl",,,30.000,10,,,,NORMAL_SET,,
"My routine #1","2024-11-26 20:43:54",01:23:32,,,"Cable Curl",,,30.000,10,,,,NORMAL_SET,,
"My routine #1","2024-11-26 20:43:54",01:23:32,,,"Cable Curl",,,30.000,10,,,,NORMAL_SET,,
"My routine #1","2024-11-26 20:43:54",01:23:32,,,"Jump Rope",,,,,,,01:00,NORMAL_SET,,
"My routine #1","2024-11-26 20:43:54",01:23:32,,,"Jump Rope",,,,,,,01:00,NORMAL_SET,,
"My routine #1","2024-11-26 20:43:54",01:23:32,,,"Jump Rope",,,,,,,01:00,NORMAL_SET,,
"My routine #1","2024-11-25 20:46:27",00:47:53,,,"Muscle-up ",,,65.0,10,,,,NORMAL_SET,,
"My routine #1","2024-11-25 20:46:27",00:47:53,,,"Dips between Chairs",,,66.0,10,,,,NORMAL_SET,,
"My routine #1","2024-11-25 20:46:27",00:47:53,,,"Dips between Chairs",,,66.0,10,,,,NORMAL_SET,,
"My routine #1","2024-11-25 20:46:27",00:47:53,,,"Dips between Chairs",,,66.0,10,,,,NORMAL_SET,,
"My routine #1","2024-11-25 20:46:27",00:47:53,,,Pull-up,,,65.0,10,,,,NORMAL_SET,,
"My routine #1","2024-11-25 20:46:27",00:47:53,,,Pull-up,,,65.0,10,,,,NORMAL_SET,,
"My routine #1","2024-11-25 20:46:27",00:47:53,,,"Triceps Pushdown",,,54.000,10,,,,NORMAL_SET,,
"My routine #1","2024-11-25 20:46:27",00:47:53,,,"Triceps Pushdown",,,60.000,10,,,,NORMAL_SET,3,1
"My routine #1","2024-11-25 20:46:27",00:47:53,,,"Triceps Pushdown",,,60.000,10,,,,NORMAL_SET,,
"My routine #1","2024-11-25 20:46:27",00:47:53,,,"Biceps Curl",,,16.0,10,,,,NORMAL_SET,,
"My routine #1","2024-11-25 20:46:27",00:47:53,,,"Biceps Curl",,,16.0,10,,,,NORMAL_SET,,
"My routine #1","2024-11-25 20:46:27",00:47:53,,,"Biceps Curl",,,16.0,10,,,,NORMAL_SET,,
"My routine #1","2024-11-22 14:16:37",00:58:36,,,"Muscle-up ",,,65.0,10,,,,NORMAL_SET,,
"My routine #1","2024-11-22 14:16:37",00:58:36,,,"Dips between Chairs",,,66.0,10,,,,NORMAL_SET,,
"My routine #1","2024-11-22 14:16:37",00:58:36,,,"Dips between Chairs",,,66.0,10,,,,NORMAL_SET,,
"My routine #1","2024-11-22 14:16:37",00:58:36,,,"Dips between Chairs",,,66.0,10,,,,NORMAL_SET,,
"My routine #1","2024-11-22 14:16:37",00:58:36,,,Pull-up,,,65.0,10,,,,NORMAL_SET,,
"My routine #1","2024-11-22 14:16:37",00:58:36,,,Pull-up,,,65.0,10,,,,NORMAL_SET,,
"My routine #1","2024-11-22 14:16:37",00:58:36,,,"Triceps Pushdown",,,54.000,10,,,,NORMAL_SET,,
"My routine #1","2024-11-22 14:16:37",00:58:36,,,"Triceps Pushdown",,,60.000,10,,,,NORMAL_SET,1,1
"My routine #1","2024-11-22 14:16:37",00:58:36,,,"Triceps Pushdown",,,60.000,10,,,,NORMAL_SET,2,1
"My routine #1","2024-11-22 14:16:37",00:58:36,,,"Cable Curl",,,30.000,10,,,,NORMAL_SET,1,1
"My routine #1","2024-11-22 14:16:37",00:58:36,,,"Cable Curl",,,30.000,10,,,,NORMAL_SET,2,1
"My routine #1","2024-11-22 14:16:37",00:58:36,,,"Cable Curl",,,30.000,10,,,,NORMAL_SET,3,1
"My routine #1","2024-11-22 14:16:37",00:58:36,,,"Lever Chest Press",,,80.000,10,,,,NORMAL_SET,,
"My routine #1","2024-11-22 14:16:37",00:58:36,,,"Lever Chest Press",,,80.000,10,,,,NORMAL_SET,,
"My routine #1","2024-11-22 14:16:37",00:58:36,,,"Lever Chest Press",,,80.000,10,,,,NORMAL_SET,,
"My routine #1","2024-11-22 14:16:37",00:58:36,,,"Jump Rope",,,,,,,01:00,NORMAL_SET,,
"My routine #1","2024-11-22 14:16:37",00:58:36,,,"Jump Rope",,,,,,,01:00,NORMAL_SET,,
"My routine #1","2024-11-22 14:16:37",00:58:36,,,"Jump Rope",,,,,,,01:00,NORMAL_SET,,
"My routine #1","2024-11-19 20:56:30",01:35:17,,,"Muscle-up ",,,65.0,10,,,,NORMAL_SET,,
"My routine #1","2024-11-19 20:56:30",01:35:17,,,Pull-up,,,65.0,10,,,,NORMAL_SET,,
"My routine #1","2024-11-19 20:56:30",01:35:17,,,Pull-up,,,65.0,10,,,,NORMAL_SET,,
"My routine #1","2024-11-19 20:56:30",01:35:17,,,"Lever Chest Press",,,80.000,10,,,,NORMAL_SET,1,1
"My routine #1","2024-11-19 20:56:30",01:35:17,,,"Lever Chest Press",,,80.000,10,,,,NORMAL_SET,2,1
"My routine #1","2024-11-19 20:56:30",01:35:17,,,"Lever Chest Press",,,80.000,10,,,,NORMAL_SET,3,1
"My routine #1","2024-11-19 20:56:30",01:35:17,,,"Jump Rope",,,,,,,01:00,NORMAL_SET,,
"My routine #1","2024-11-19 20:56:30",01:35:17,,,"Jump Rope",,,,,,,01:00,NORMAL_SET,,
"My routine #1","2024-11-19 20:56:30",01:35:17,,,"Jump Rope",,,,,,,01:00,NORMAL_SET,,
"My routine #1","2024-11-19 20:56:30",01:35:17,,,"Standing Reach Down Hamstring Stretch",,,,20,,,,NORMAL_SET,,
"My routine #1","2024-11-19 20:56:30",01:35:17,,,"Seated Groin Stretch",,,,20,,,,NORMAL_SET,,
"My routine #1","2024-11-19 20:56:30",01:35:17,,,"Seated Single Leg Hamstring Stretch",,,,20,,,,NORMAL_SET,,
"My routine #1","2024-11-19 20:56:30",01:35:17,,,"Biceps Stretch Behind The Back",,,,20,,,,NORMAL_SET,,
"My routine #1","2024-11-19 20:56:30",01:35:17,,,"Across Chest Shoulder Stretch",,,0.0,10,,,,NORMAL_SET,,
"My routine #1","2024-11-19 20:56:30",01:35:17,,,"Dips between Chairs",,,10.0,60,,,,NORMAL_SET,,
"My routine #1","2024-11-19 20:56:30",01:35:17,,,"Dips between Chairs",,,10.0,60,,,,NORMAL_SET,,
"My routine #1","2024-11-19 20:56:30",01:35:17,,,"Dips between Chairs",,,10.0,60,,,,NORMAL_SET,,
"My routine #1","2024-11-18 18:02:58",00:49:52,,,"Muscle-up ",,,65.0,10,,,,NORMAL_SET,,
"My routine #1","2024-11-18 18:02:58",00:49:52,,,Pull-up,,,65.0,10,,,,NORMAL_SET,,
"My routine #1","2024-11-18 18:02:58",00:49:52,,,Pull-up,,,65.0,10,,,,NORMAL_SET,,
"My routine #1","2024-11-18 18:02:58",00:49:52,,,"Biceps Curl",,,18.0,10,,,,NORMAL_SET,,
"My routine #1","2024-11-18 18:02:58",00:49:52,,,"Biceps Curl",,,18.0,10,,,,NORMAL_SET,,
"My routine #1","2024-11-18 18:02:58",00:49:52,,,"Biceps Curl",,,16.0,10,,,,NORMAL_SET,,
"My routine #1","2024-11-18 18:02:58",00:49:52,,,"Triceps Pushdown",,,54.000,10,,,,NORMAL_SET,,
"My routine #1","2024-11-18 18:02:58",00:49:52,,,"Triceps Pushdown",,,60.000,10,,,,NORMAL_SET,,
"My routine #1","2024-11-18 18:02:58",00:49:52,,,"Triceps Pushdown",,,60.000,10,,,,NORMAL_SET,,
"My routine #1","2024-11-12 20:22:06",01:06:04,,,"Muscle-up ",,,65.0,10,,,,NORMAL_SET,,
"My routine #1","2024-11-12 20:22:06",01:06:04,,,Pull-up,,,65.0,10,,,,NORMAL_SET,,
"My routine #1","2024-11-12 20:22:06",01:06:04,,,Pull-up,,,65.0,10,,,,NORMAL_SET,,
"My routine #1","2024-11-12 20:22:06",01:06:04,,,"Triceps Pushdown",,,50.000,10,,,,NORMAL_SET,,
"My routine #1","2024-11-12 20:22:06",01:06:04,,,"Triceps Pushdown",,,60.000,10,,,,NORMAL_SET,,
"My routine #1","2024-11-12 20:22:06",01:06:04,,,"Triceps Pushdown",,,60.000,10,,,,NORMAL_SET,,
"My routine #1","2024-11-12 20:22:06",01:06:04,,,"Jump Rope",,,,,,,00:30,NORMAL_SET,,
"My routine #1","2024-11-12 20:22:06",01:06:04,,,"Jump Rope",,,,,,,00:30,NORMAL_SET,,
"My routine #1","2024-11-12 20:22:06",01:06:04,,,"Jump Rope",,,,,,,00:30,NORMAL_SET,,
"My routine #1","2024-11-12 20:22:06",01:06:04,,,"Standing Reach Down Hamstring Stretch",,,,20,,,,NORMAL_SET,,
"My routine #1","2024-11-12 20:22:06",01:06:04,,,"Lever Leg Extension",,,60.000,10,,,,NORMAL_SET,1,1
"My routine #1","2024-11-12 20:22:06",01:06:04,,,"Lever Leg Extension",,,60.000,10,,,,NORMAL_SET,,
"My routine #1","2024-11-12 20:22:06",01:06:04,,,"Lever Leg Extension",,,60.000,10,,,,NORMAL_SET,,
"My routine #1","2024-11-12 20:22:06",01:06:04,,,"Lever Seated Leg Press",,,80.000,10,,,,NORMAL_SET,,
"My routine #1","2024-11-12 20:22:06",01:06:04,,,"Lever Seated Leg Press",,,100.000,10,,,,NORMAL_SET,,
"My routine #1","2024-11-12 20:22:06",01:06:04,,,"Lever Seated Leg Press",,,120.000,10,,,,NORMAL_SET,"2,1","2,3"
"My routine #1","2024-11-11 19:48:34",01:19:50,,,"Muscle-up ",,,65.000,10,,,,NORMAL_SET,,
"My routine #1","2024-11-11 19:48:34",01:19:50,,,Pull-up,,,65.000,10,,,,NORMAL_SET,,
"My routine #1","2024-11-11 19:48:34",01:19:50,,,Pull-up,,,65.000,10,,,,NORMAL_SET,,
"My routine #1","2024-11-11 19:48:34",01:19:50,,,"Triceps Pushdown",,,50.000,10,,,,NORMAL_SET,,
"My routine #1","2024-11-11 19:48:34",01:19:50,,,"Triceps Pushdown",,,60.000,10,,,,NORMAL_SET,,
"My routine #1","2024-11-11 19:48:34",01:19:50,,,"Triceps Pushdown",,,60.000,10,,,,NORMAL_SET,,
"My routine #1","2024-11-11 19:48:34",01:19:50,,,"Cable Curl",,,30.000,10,,,,NORMAL_SET,,
"My routine #1","2024-11-11 19:48:34",01:19:50,,,"Cable Curl",,,30.000,10,,,,NORMAL_SET,,
"My routine #1","2024-11-11 19:48:34",01:19:50,,,"Cable Curl",,,30.000,10,,,,NORMAL_SET,,
"My routine #1","2024-11-11 19:48:34",01:19:50,,,"Lever Chest Press",,,80.000,10,,,,NORMAL_SET,,
"My routine #1","2024-11-11 19:48:34",01:19:50,,,"Lever Chest Press",,,80.000,10,,,,NORMAL_SET,,
"My routine #1","2024-11-11 19:48:34",01:19:50,,,"Lever Chest Press",,,80.000,10,,,,NORMAL_SET,,
"My routine #1","2024-11-11 19:48:34",01:19:50,,,"Standing Reach Down Hamstring Stretch",,,,20,,,,NORMAL_SET,,
"My routine #1","2024-11-11 19:48:34",01:19:50,,,"Seated Shoulder Press",,,20.0,10,,,,NORMAL_SET,,
"My routine #1","2024-11-11 19:48:34",01:19:50,,,"Seated Shoulder Press",,,20.0,10,,,,NORMAL_SET,,
"My routine #1","2024-11-11 19:48:34",01:19:50,,,"Seated Shoulder Press",,,20.0,10,,,,NORMAL_SET,,
"My routine #1","2024-11-11 19:48:34",01:19:50,,,"Cable Low Fly",,,20.000,10,,,,NORMAL_SET,1,1
"My routine #1","2024-11-11 19:48:34",01:19:50,,,"Cable Low Fly",,,20.000,10,,,,NORMAL_SET,,
"My routine #1","2024-11-11 19:48:34",01:19:50,,,"Cable Low Fly",,,20.000,10,,,,NORMAL_SET,,
"My routine #1","2024-11-06 20:22:10",00:36:00,,,"Muscle-up ",,,65.000,10,,,,NORMAL_SET,,
"My routine #1","2024-11-06 20:22:10",00:36:00,,,Pull-up,,,65.000,10,,,,NORMAL_SET,,
"My routine #1","2024-11-06 20:22:10",00:36:00,,,Pull-up,,,65.000,10,,,,NORMAL_SET,,
"My routine #1","2024-11-06 20:22:10",00:36:00,,,"Triceps Pushdown",,,50.000,10,,,,NORMAL_SET,,
"My routine #1","2024-11-06 20:22:10",00:36:00,,,"Triceps Pushdown",,,60.000,10,,,,NORMAL_SET,"3,3","2,3"
"My routine #1","2024-11-06 20:22:10",00:36:00,,,"Triceps Pushdown",,,60.000,10,,,,NORMAL_SET,,
"My routine #1","2024-11-06 20:22:10",00:36:00,,,"Lever Chest Press",,,80.000,10,,,,NORMAL_SET,,
"My routine #1","2024-11-06 20:22:10",00:36:00,,,"Lever Chest Press",,,80.000,10,,,,NORMAL_SET,,
"My routine #1","2024-11-06 20:22:10",00:36:00,,,"Lever Chest Press",,,80.000,10,,,,NORMAL_SET,,
"My routine #1","2024-11-05 19:33:00",01:09:28,,,"Muscle-up ",,,65.000,10,,,,NORMAL_SET,,
"My routine #1","2024-11-05 19:33:00",01:09:28,,,Pull-up,,,65.000,10,,,,NORMAL_SET,,
"My routine #1","2024-11-05 19:33:00",01:09:28,,,Pull-up,,,65.000,10,,,,NORMAL_SET,,
"My routine #1","2024-11-05 19:33:00",01:09:28,,,"Cable Curl",,,30.000,10,,,,NORMAL_SET,,
"My routine #1","2024-11-05 19:33:00",01:09:28,,,"Cable Curl",,,30.000,10,,,,NORMAL_SET,,
"My routine #1","2024-11-05 19:33:00",01:09:28,,,"Cable Curl",,,30.000,10,,,,NORMAL_SET,,
"My routine #1","2024-11-05 19:33:00",01:09:28,,,"Lever Chest Press",,,80.000,10,,,,NORMAL_SET,,
"My routine #1","2024-11-05 19:33:00",01:09:28,,,"Lever Chest Press",,,80.000,10,,,,NORMAL_SET,,
"My routine #1","2024-11-05 19:33:00",01:09:28,,,"Lever Chest Press",,,80.000,10,,,,NORMAL_SET,,
"My routine #1","2024-11-05 19:33:00",01:09:28,,,"Jump Rope",,,,,,,00:30,NORMAL_SET,,
"My routine #1","2024-11-05 19:33:00",01:09:28,,,"Jump Rope",,,,,,,00:30,NORMAL_SET,,
"My routine #1","2024-11-05 19:33:00",01:09:28,,,"Jump Rope",,,,,,,00:30,NORMAL_SET,,
"My routine #1","2024-11-05 19:33:00",01:09:28,,,"Standing Reach Down Hamstring Stretch",,,0.000,20,,,,NORMAL_SET,,
"My routine #1","2024-11-05 19:33:00",01:09:28,,,"Seated Groin Stretch",,,0.000,20,,,,NORMAL_SET,,
"My routine #1","2024-11-05 19:33:00",01:09:28,,,"Seated Single Leg Hamstring Stretch",,,0.000,20,,,,NORMAL_SET,,
"My routine #1","2024-11-05 19:33:00",01:09:28,,,"Straight Arms Backward Chest Stretch",,,0.000,20,,,,NORMAL_SET,,
"My routine #1","2024-11-05 19:33:00",01:09:28,,,"Biceps Stretch Behind The Back",,,0.000,20,,,,NORMAL_SET,,
"My routine #1","2024-11-05 19:33:00",01:09:28,,,"Across Chest Shoulder Stretch",,,0.000,10,,,,NORMAL_SET,,
"My routine #1","2024-11-04 19:21:34",01:05:39,,,"Muscle-up ",,,65.000,10,,,,NORMAL_SET,,
"My routine #1","2024-11-04 19:21:34",01:05:39,,,Pull-up,,,65.000,10,,,,NORMAL_SET,,
"My routine #1","2024-11-04 19:21:34",01:05:39,,,Pull-up,,,65.000,10,,,,NORMAL_SET,,
"My routine #1","2024-11-04 19:21:34",01:05:39,,,"Lever Seated Dip",,,80.000,10,,,,NORMAL_SET,,
"My routine #1","2024-11-04 19:21:34",01:05:39,,,"Lever Seated Dip",,,80.000,10,,,,NORMAL_SET,,
"My routine #1","2024-11-04 19:21:34",01:05:39,,,"Lever Seated Dip",,,80.000,10,,,,NORMAL_SET,,
"My routine #1","2024-11-04 19:21:34",01:05:39,,,"Biceps Curl",,,16.000,8,,,,NORMAL_SET,,
"My routine #1","2024-11-04 19:21:34",01:05:39,,,"Biceps Curl",,,16.000,8,,,,NORMAL_SET,,
"My routine #1","2024-11-04 19:21:34",01:05:39,,,"Biceps Curl",,,16.000,10,,,,NORMAL_SET,,
"My routine #1","2024-11-04 19:21:34",01:05:39,,,"Cable Curl",,,30.000,10,,,,NORMAL_SET,,
"My routine #1","2024-11-04 19:21:34",01:05:39,,,"Cable Curl",,,30.000,10,,,,NORMAL_SET,,
"My routine #1","2024-11-04 19:21:34",01:05:39,,,"Cable Curl",,,30.000,10,,,,NORMAL_SET,,
"My routine #1","2024-11-04 19:21:34",01:05:39,,,"Jump Rope",,,,,,,00:30,NORMAL_SET,,
"My routine #1","2024-11-04 19:21:34",01:05:39,,,"Jump Rope",,,,,,,00:30,NORMAL_SET,,
"My routine #1","2024-11-04 19:21:34",01:05:39,,,"Jump Rope",,,,,,,00:30,NORMAL_SET,,
"My routine #1","2024-11-04 19:21:34",01:05:39,,,"Triceps Pushdown",,,50.000,10,,,,NORMAL_SET,,
"My routine #1","2024-11-04 19:21:34",01:05:39,,,"Triceps Pushdown",,,60.000,10,,,,NORMAL_SET,"1,1","2,3"
"My routine #1","2024-11-04 19:21:34",01:05:39,,,"Triceps Pushdown",,,60.000,10,,,,NORMAL_SET,"2,2","2,3"
"My routine #1","2024-11-03 15:05:13",00:43:59,,,"Muscle-up ",,,65.000,8,,,,NORMAL_SET,,
"My routine #1","2024-11-03 15:05:13",00:43:59,,,Pull-up,,,65.000,10,,,,NORMAL_SET,,
"My routine #1","2024-11-03 15:05:13",00:43:59,,,Pull-up,,,65.000,10,,,,NORMAL_SET,,
"My routine #1","2024-11-03 15:05:13",00:43:59,,,"Biceps Curl",,,16.000,8,,,,NORMAL_SET,,
"My routine #1","2024-11-03 15:05:13",00:43:59,,,"Biceps Curl",,,18.000,8,,,,NORMAL_SET,,
"My routine #1","2024-11-03 15:05:13",00:43:59,,,"Biceps Curl",,,18.000,8,,,,NORMAL_SET,,
"My routine #1","2024-11-03 15:05:13",00:43:59,,,"Triceps Pushdown",,,25.000,10,,,,NORMAL_SET,,
"My routine #1","2024-11-03 15:05:13",00:43:59,,,"Triceps Pushdown",,,25.000,10,,,,NORMAL_SET,,
"My routine #1","2024-11-03 15:05:13",00:43:59,,,"Triceps Pushdown",,,30.000,10,,,,NORMAL_SET,,
"My routine #1","2024-11-03 15:05:13",00:43:59,,,"Cable Curl",,,30.000,10,,,,NORMAL_SET,,
"My routine #1","2024-11-03 15:05:13",00:43:59,,,"Cable Curl",,,30.000,10,,,,NORMAL_SET,,
"My routine #1","2024-11-03 15:05:13",00:43:59,,,"Cable Curl",,,30.000,10,,,,NORMAL_SET,,
"My routine #1","2024-11-03 15:05:13",00:43:59,,,"Standing Reach Down Hamstring Stretch",,,0.000,20,,,,NORMAL_SET,,
"My routine #1","2024-11-03 15:05:13",00:43:59,,,"Seated Groin Stretch",,,0.000,20,,,,NORMAL_SET,,
"My routine #1","2024-11-03 15:05:13",00:43:59,,,"Seated Single Leg Hamstring Stretch",,,0.000,20,,,,NORMAL_SET,,
"My routine #1","2024-11-03 15:05:13",00:43:59,,,"Seated Single Leg Hamstring Stretch",,,0.000,20,,,,NORMAL_SET,,
"My routine #1","2024-11-03 15:05:13",00:43:59,,,"Straight Arms Backward Chest Stretch",,,0.000,20,,,,NORMAL_SET,,
"My routine #1","2024-11-03 15:05:13",00:43:59,,,"Biceps Stretch Behind The Back",,,0.000,20,,,,NORMAL_SET,,
"My routine #1","2024-11-03 15:05:13",00:43:59,,,"Across Chest Shoulder Stretch",,,0.000,10,,,,NORMAL_SET,,
"My routine #1","2024-11-03 15:05:13",00:43:59,,,"Run ",,,,,,1.2,07:30,NORMAL_SET,,
"My routine #1","2024-10-30 19:45:37",01:29:11,,,"Muscle-up ",,,65.000,8,,,,NORMAL_SET,,
"My routine #1","2024-10-30 19:45:37",01:29:11,,,Pull-up,,,65.000,10,,,,NORMAL_SET,,
"My routine #1","2024-10-30 19:45:37",01:29:11,,,Pull-up,,,65.000,10,,,,NORMAL_SET,,
"My routine #1","2024-10-30 19:45:37",01:29:11,,,"Biceps Curl",,,18.000,8,,,,NORMAL_SET,,
"My routine #1","2024-10-30 19:45:37",01:29:11,,,"Biceps Curl",,,18.000,8,,,,NORMAL_SET,,
"My routine #1","2024-10-30 19:45:37",01:29:11,,,"Biceps Curl",,,18.000,8,,,,NORMAL_SET,,
"My routine #1","2024-10-30 19:45:37",01:29:11,,,"Triceps Pushdown",,,25.000,10,,,,NORMAL_SET,,
"My routine #1","2024-10-30 19:45:37",01:29:11,,,"Triceps Pushdown",,,25.000,10,,,,NORMAL_SET,,
"My routine #1","2024-10-30 19:45:37",01:29:11,,,"Triceps Pushdown",,,25.000,10,,,,NORMAL_SET,,
"My routine #1","2024-10-30 19:45:37",01:29:11,,,"Cable Curl",,,30.000,10,,,,NORMAL_SET,,
"My routine #1","2024-10-30 19:45:37",01:29:11,,,"Cable Curl",,,30.000,10,,,,NORMAL_SET,,
"My routine #1","2024-10-30 19:45:37",01:29:11,,,"Cable Curl",,,30.000,10,,,,NORMAL_SET,,
"My routine #1","2024-10-30 19:45:37",01:29:11,,,"Lever Chest Press",,,80.000,10,,,,NORMAL_SET,,
"My routine #1","2024-10-30 19:45:37",01:29:11,,,"Lever Chest Press",,,80.000,10,,,,NORMAL_SET,,
"My routine #1","2024-10-30 19:45:37",01:29:11,,,"Lever Chest Press",,,80.000,10,,,,NORMAL_SET,,
"My routine #1","2024-10-30 19:45:37",01:29:11,,,"Standing Reach Down Hamstring Stretch",,,0.000,20,,,,NORMAL_SET,,
"My routine #1","2024-10-30 19:45:37",01:29:11,,,"Seated Single Leg Hamstring Stretch",,,0.000,20,,,,NORMAL_SET,,
"My routine #1","2024-10-30 19:45:37",01:29:11,,,"Straight Arms Backward Chest Stretch",,,0.000,20,,,,NORMAL_SET,,
"My routine #1","2024-10-30 19:45:37",01:29:11,,,"Biceps Stretch Behind The Back",,,0.000,20,,,,NORMAL_SET,,
"My routine #1","2024-10-30 19:45:37",01:29:11,,,"Across Chest Shoulder Stretch",,,0.000,10,,,,NORMAL_SET,,
"My routine #1","2024-10-29 18:09:44",01:11:20,,,"Muscle-up ",,,65.000,8,,,,NORMAL_SET,,
"My routine #1","2024-10-29 18:09:44",01:11:20,,,Pull-up,,,65.000,10,,,,NORMAL_SET,,
"My routine #1","2024-10-29 18:09:44",01:11:20,,,Pull-up,,,65.000,10,,,,NORMAL_SET,,
"My routine #1","2024-10-29 18:09:44",01:11:20,,,"Biceps Curl",,,18.000,8,,,,NORMAL_SET,,
"My routine #1","2024-10-29 18:09:44",01:11:20,,,"Biceps Curl",,,18.000,8,,,,NORMAL_SET,,
"My routine #1","2024-10-29 18:09:44",01:11:20,,,"Biceps Curl",,,18.000,8,,,,NORMAL_SET,,
"My routine #1","2024-10-29 18:09:44",01:11:20,,,"Triceps Pushdown",,,25.000,10,,,,NORMAL_SET,,
"My routine #1","2024-10-29 18:09:44",01:11:20,,,"Triceps Pushdown",,,25.000,10,,,,NORMAL_SET,,
"My routine #1","2024-10-29 18:09:44",01:11:20,,,"Triceps Pushdown",,,25.000,10,,,,NORMAL_SET,,
"My routine #1","2024-10-29 18:09:44",01:11:20,,,"Cable Curl",,,30.000,10,,,,NORMAL_SET,,
"My routine #1","2024-10-29 18:09:44",01:11:20,,,"Cable Curl",,,30.000,10,,,,NORMAL_SET,,
"My routine #1","2024-10-29 18:09:44",01:11:20,,,"Cable Curl",,,30.000,10,,,,NORMAL_SET,,
"My routine #1","2024-10-29 18:09:44",01:11:20,,,"Lever Chest Press",,,80.000,10,,,,NORMAL_SET,,
"My routine #1","2024-10-29 18:09:44",01:11:20,,,"Lever Chest Press",,,80.000,10,,,,NORMAL_SET,,
"My routine #1","2024-10-29 18:09:44",01:11:20,,,"Lever Chest Press",,,80.000,10,,,,NORMAL_SET,,
"My routine #1","2024-10-29 18:09:44",01:11:20,,,"Jump Rope",,,,,,,00:30,NORMAL_SET,,
"My routine #1","2024-10-29 18:09:44",01:11:20,,,"Jump Rope",,,,,,,00:30,NORMAL_SET,,
"My routine #1","2024-10-29 18:09:44",01:11:20,,,"Jump Rope",,,,,,,00:30,NORMAL_SET,,
"My routine #1","2024-10-29 18:09:44",01:11:20,,,"Standing Reach Down Hamstring Stretch",,,0.000,20,,,,NORMAL_SET,,
"My routine #1","2024-10-29 18:09:44",01:11:20,,,"Seated Groin Stretch",,,0.000,20,,,,NORMAL_SET,,
"My routine #1","2024-10-29 18:09:44",01:11:20,,,"Seated Single Leg Hamstring Stretch",,,0.000,20,,,,NORMAL_SET,,
"My routine #1","2024-10-29 18:09:44",01:11:20,,,"Straight Arms Backward Chest Stretch",,,0.000,20,,,,NORMAL_SET,,
"My routine #1","2024-10-29 18:09:44",01:11:20,,,"Biceps Stretch Behind The Back",,,0.000,20,,,,NORMAL_SET,,
"My routine #1","2024-10-29 18:09:44",01:11:20,,,"Across Chest Shoulder Stretch",,,0.000,10,,,,NORMAL_SET,,
"My routine #1","2024-10-29 18:09:44",01:11:20,,,"Run ",,,,,,1.2,07:30,NORMAL_SET,,
"My routine #1","2024-10-28 20:26:03",01:06:00,,,"Muscle-up ",,,65.000,8,,,,NORMAL_SET,,
"My routine #1","2024-10-28 20:26:03",01:06:00,,,Pull-up,,,65.000,10,,,,NORMAL_SET,,
"My routine #1","2024-10-28 20:26:03",01:06:00,,,Pull-up,,,65.000,10,,,,NORMAL_SET,,
"My routine #1","2024-10-28 20:26:03",01:06:00,,,"Biceps Curl",,,16.000,10,,,,NORMAL_SET,,
"My routine #1","2024-10-28 20:26:03",01:06:00,,,"Biceps Curl",,,16.000,10,,,,NORMAL_SET,,
"My routine #1","2024-10-28 20:26:03",01:06:00,,,"Biceps Curl",,,16.000,10,,,,NORMAL_SET,,
"My routine #1","2024-10-28 20:26:03",01:06:00,,,"Triceps Pushdown",,,25.000,10,,,,NORMAL_SET,,
"My routine #1","2024-10-28 20:26:03",01:06:00,,,"Triceps Pushdown",,,25.000,10,,,,NORMAL_SET,,
"My routine #1","2024-10-28 20:26:03",01:06:00,,,"Triceps Pushdown",,,25.000,10,,,,NORMAL_SET,,
"My routine #1","2024-10-28 20:26:03",01:06:00,,,"Cable Curl",,,30.000,10,,,,NORMAL_SET,,
"My routine #1","2024-10-28 20:26:03",01:06:00,,,"Cable Curl",,,30.000,10,,,,NORMAL_SET,,
"My routine #1","2024-10-28 20:26:03",01:06:00,,,"Cable Curl",,,30.000,10,,,,NORMAL_SET,,
"My routine #1","2024-10-28 20:26:03",01:06:00,,,"Jump Rope",,,,,,,00:30,NORMAL_SET,,
"My routine #1","2024-10-28 20:26:03",01:06:00,,,"Jump Rope",,,,,,,00:30,NORMAL_SET,,
"My routine #1","2024-10-28 20:26:03",01:06:00,,,"Jump Rope",,,,,,,00:30,NORMAL_SET,,
"My routine #1","2024-10-24 21:47:22",00:43:46,,,"Muscle-up ",,,65.000,8,,,,NORMAL_SET,,
"My routine #1","2024-10-24 21:47:22",00:43:46,,,Pull-up,,,65.000,10,,,,NORMAL_SET,,
"My routine #1","2024-10-24 21:47:22",00:43:46,,,Pull-up,,,65.000,10,,,,NORMAL_SET,,
"My routine #1","2024-10-24 21:47:22",00:43:46,,,"Biceps Curl",,,18.000,8,,,,NORMAL_SET,,
"My routine #1","2024-10-24 21:47:22",00:43:46,,,"Biceps Curl",,,18.000,8,,,,NORMAL_SET,,
"My routine #1","2024-10-24 21:47:22",00:43:46,,,"Biceps Curl",,,18.000,8,,,,NORMAL_SET,,
"My routine #1","2024-10-24 21:47:22",00:43:46,,,"Triceps Pushdown",,,25.000,10,,,,NORMAL_SET,,
"My routine #1","2024-10-24 21:47:22",00:43:46,,,"Triceps Pushdown",,,25.000,10,,,,NORMAL_SET,,
"My routine #1","2024-10-24 21:47:22",00:43:46,,,"Triceps Pushdown",,,25.000,10,,,,NORMAL_SET,,
"My routine #1","2024-10-24 21:47:22",00:43:46,,,"Cable Curl",,,30.000,10,,,,NORMAL_SET,,
"My routine #1","2024-10-24 21:47:22",00:43:46,,,"Cable Curl",,,30.000,10,,,,NORMAL_SET,,
"My routine #1","2024-10-24 21:47:22",00:43:46,,,"Cable Curl",,,30.000,10,,,,NORMAL_SET,,
"My routine #1","2024-10-24 21:47:22",00:43:46,,,"Jump Rope",,,,,,,00:30,NORMAL_SET,,
"My routine #1","2024-10-24 21:47:22",00:43:46,,,"Jump Rope",,,,,,,00:30,NORMAL_SET,,
"My routine #1","2024-10-24 21:47:22",00:43:46,,,"Jump Rope",,,,,,,00:30,NORMAL_SET,,
"My routine #1","2024-10-24 21:47:22",00:43:46,,,"Standing Reach Down Hamstring Stretch",,,0.000,20,,,,NORMAL_SET,,
"My routine #1","2024-10-24 21:47:22",00:43:46,,,"Straight Arms Backward Chest Stretch",,,0.000,20,,,,NORMAL_SET,,
"My routine #1","2024-10-24 21:47:22",00:43:46,,,"Biceps Stretch Behind The Back",,,0.000,20,,,,NORMAL_SET,,
"My routine #1","2024-10-22 20:06:05",00:50:12,,,"Muscle-up ",,,65.000,8,,,,NORMAL_SET,,
"My routine #1","2024-10-22 20:06:05",00:50:12,,,Pull-up,,,65.000,10,,,,NORMAL_SET,,
"My routine #1","2024-10-22 20:06:05",00:50:12,,,Pull-up,,,65.000,10,,,,NORMAL_SET,,
"My routine #1","2024-10-22 20:06:05",00:50:12,,,"Biceps Curl",,,18.000,10,,,,NORMAL_SET,2,3
"My routine #1","2024-10-22 20:06:05",00:50:12,,,"Biceps Curl",,,18.000,10,,,,NORMAL_SET,3,3
"My routine #1","2024-10-22 20:06:05",00:50:12,,,"Biceps Curl",,,18.000,10,,,,NORMAL_SET,,
"My routine #1","2024-10-22 20:06:05",00:50:12,,,"Triceps Pushdown",,,25.000,10,,,,NORMAL_SET,,
"My routine #1","2024-10-22 20:06:05",00:50:12,,,"Triceps Pushdown",,,25.000,10,,,,NORMAL_SET,,
"My routine #1","2024-10-22 20:06:05",00:50:12,,,"Triceps Pushdown",,,25.000,10,,,,NORMAL_SET,,
"My routine #1","2024-10-22 20:06:05",00:50:12,,,"Cable Curl",,,30.000,10,,,,NORMAL_SET,,
"My routine #1","2024-10-22 20:06:05",00:50:12,,,"Cable Curl",,,30.000,10,,,,NORMAL_SET,,
"My routine #1","2024-10-22 20:06:05",00:50:12,,,"Cable Curl",,,30.000,10,,,,NORMAL_SET,,
"My routine #1","2024-10-22 20:06:05",00:50:12,,,"Standing Reach Down Hamstring Stretch",,,0.000,20,,,,NORMAL_SET,,
"My routine #1","2024-10-22 20:06:05",00:50:12,,,"Seated Groin Stretch",,,0.000,20,,,,NORMAL_SET,,
"My routine #1","2024-10-22 20:06:05",00:50:12,,,"Seated Single Leg Hamstring Stretch",,,0.000,20,,,,NORMAL_SET,,
"My routine #1","2024-10-22 20:06:05",00:50:12,,,"Straight Arms Backward Chest Stretch",,,0.000,20,,,,NORMAL_SET,,
"My routine #1","2024-10-22 20:06:05",00:50:12,,,"Biceps Stretch Behind The Back",,,0.000,20,,,,NORMAL_SET,,
"My routine #1","2024-10-22 20:06:05",00:50:12,,,"Across Chest Shoulder Stretch",,,0.000,10,,,,NORMAL_SET,,
"My routine #1","2024-10-16 20:53:44",00:34:46,,,"Muscle-up ",,,65.000,10,,,,NORMAL_SET,,
"My routine #1","2024-10-16 20:53:44",00:34:46,,,Pull-up,,,65.000,10,,,,NORMAL_SET,,
"My routine #1","2024-10-16 20:53:44",00:34:46,,,Pull-up,,,65.000,10,,,,NORMAL_SET,,
"My routine #1","2024-10-16 20:53:44",00:34:46,,,"Biceps Curl",,,16.000,10,,,,NORMAL_SET,,
"My routine #1","2024-10-16 20:53:44",00:34:46,,,"Biceps Curl",,,16.000,10,,,,NORMAL_SET,,
"My routine #1","2024-10-16 20:53:44",00:34:46,,,"Biceps Curl",,,16.000,10,,,,NORMAL_SET,,
"My routine #1","2024-10-16 20:53:44",00:34:46,,,"Triceps Pushdown",,,25.000,10,,,,NORMAL_SET,,
"My routine #1","2024-10-16 20:53:44",00:34:46,,,"Triceps Pushdown",,,25.000,10,,,,NORMAL_SET,,
"My routine #1","2024-10-16 20:53:44",00:34:46,,,"Triceps Pushdown",,,25.000,10,,,,NORMAL_SET,,
"My routine #1","2024-10-16 20:53:44",00:34:46,,,"Cable Curl",,,30.000,10,,,,NORMAL_SET,,
"My routine #1","2024-10-16 20:53:44",00:34:46,,,"Cable Curl",,,30.000,10,,,,NORMAL_SET,,
"My routine #1","2024-10-16 20:53:44",00:34:46,,,"Cable Curl",,,32.000,10,,,,NORMAL_SET,,
"My routine #1","2024-10-14 19:23:32",01:40:51,,,"Muscle-up ",,,65.000,10,,,,NORMAL_SET,,
"My routine #1","2024-10-14 19:23:32",01:40:51,,,Pull-up,,,65.000,10,,,,NORMAL_SET,,
"My routine #1","2024-10-14 19:23:32",01:40:51,,,Pull-up,,,65.000,10,,,,NORMAL_SET,,
"My routine #1","2024-10-14 19:23:32",01:40:51,,,"Biceps Curl",,,16.000,10,,,,NORMAL_SET,,
"My routine #1","2024-10-14 19:23:32",01:40:51,,,"Biceps Curl",,,16.000,10,,,,NORMAL_SET,,
"My routine #1","2024-10-14 19:23:32",01:40:51,,,"Biceps Curl",,,16.000,10,,,,NORMAL_SET,,
"My routine #1","2024-10-14 19:23:32",01:40:51,,,"Triceps Pushdown",,,25.000,10,,,,NORMAL_SET,,
"My routine #1","2024-10-14 19:23:32",01:40:51,,,"Triceps Pushdown",,,30.000,10,,,,NORMAL_SET,,
"My routine #1","2024-10-14 19:23:32",01:40:51,,,"Triceps Pushdown",,,32.000,10,,,,NORMAL_SET,,
"My routine #1","2024-10-14 19:23:32",01:40:51,,,"Lever Chest Press",,,100.000,10,,,,NORMAL_SET,2,3
"My routine #1","2024-10-14 19:23:32",01:40:51,,,"Lever Chest Press",,,100.000,10,,,,NORMAL_SET,3,3
"My routine #1","2024-10-14 19:23:32",01:40:51,,,"Lever Chest Press",,,80.000,10,,,,NORMAL_SET,,
"My routine #1","2024-10-14 19:23:32",01:40:51,,,"Run ",,,,,,1.2,07:30,NORMAL_SET,,
"My routine #1","2024-10-13 15:02:18",01:00:16,,,"Muscle-up ",,,65.000,10,,,,NORMAL_SET,,
"My routine #1","2024-10-13 15:02:18",01:00:16,,,Pull-up,,,65.000,10,,,,NORMAL_SET,,
"My routine #1","2024-10-13 15:02:18",01:00:16,,,Pull-up,,,65.000,10,,,,NORMAL_SET,,
"My routine #1","2024-10-13 15:02:18",01:00:16,,,"Biceps Curl",,,16.000,10,,,,NORMAL_SET,,
"My routine #1","2024-10-13 15:02:18",01:00:16,,,"Biceps Curl",,,16.000,10,,,,NORMAL_SET,,
"My routine #1","2024-10-13 15:02:18",01:00:16,,,"Biceps Curl",,,16.000,10,,,,NORMAL_SET,,
"My routine #1","2024-10-13 15:02:18",01:00:16,,,"Triceps Pushdown",,,25.000,10,,,,NORMAL_SET,,
"My routine #1","2024-10-13 15:02:18",01:00:16,,,"Triceps Pushdown",,,30.000,10,,,,NORMAL_SET,,
"My routine #1","2024-10-13 15:02:18",01:00:16,,,"Triceps Pushdown",,,32.000,10,,,,NORMAL_SET,,
"My routine #1","2024-10-13 15:02:18",01:00:16,,,"Cable Curl",,,32.000,10,,,,NORMAL_SET,,
"My routine #1","2024-10-13 15:02:18",01:00:16,,,"Cable Curl",,,32.000,10,,,,NORMAL_SET,,
"My routine #1","2024-10-13 15:02:18",01:00:16,,,"Cable Curl",,,32.000,10,,,,NORMAL_SET,,
"My routine #1","2024-10-13 15:02:18",01:00:16,,,"Lever Chest Press",,,100.000,9,,,,NORMAL_SET,2,3
"My routine #1","2024-10-13 15:02:18",01:00:16,,,"Lever Chest Press",,,100.000,9,,,,NORMAL_SET,3,3
"My routine #1","2024-10-13 15:02:18",01:00:16,,,"Lever Chest Press",,,80.000,10,,,,NORMAL_SET,,
"My routine #1","2024-10-13 15:02:18",01:00:16,,,"Jump Rope",,,,,,,00:30,NORMAL_SET,,
"My routine #1","2024-10-13 15:02:18",01:00:16,,,"Jump Rope",,,,,,,00:30,NORMAL_SET,,
"My routine #1","2024-10-13 15:02:18",01:00:16,,,"Jump Rope",,,,,,,00:30,NORMAL_SET,,
"My routine #1","2024-10-13 15:02:18",01:00:16,,,"Standing Reach Down Hamstring Stretch",,,0.000,20,,,,NORMAL_SET,,
"My routine #1","2024-10-13 15:02:18",01:00:16,,,"Seated Groin Stretch",,,0.000,20,,,,NORMAL_SET,3,4
"My routine #1","2024-10-13 15:02:18",01:00:16,,,"Seated Single Leg Hamstring Stretch",,,0.000,20,,,,NORMAL_SET,,
"My routine #1","2024-10-13 15:02:18",01:00:16,,,"Straight Arms Backward Chest Stretch",,,0.000,20,,,,NORMAL_SET,,
"My routine #1","2024-10-13 15:02:18",01:00:16,,,"Biceps Stretch Behind The Back",,,0.000,20,,,,NORMAL_SET,,
"My routine #1","2024-10-13 15:02:18",01:00:16,,,"Across Chest Shoulder Stretch",,,0.000,10,,,,NORMAL_SET,,
"My routine #1","2024-10-13 15:02:18",01:00:16,,,"Run ",,,,,,1.2,07:30,NORMAL_SET,,
"My routine #1","2024-10-09 19:40:46",00:59:00,,,"Muscle-up ",,,65.000,10,,,,NORMAL_SET,,
"My routine #1","2024-10-09 19:40:46",00:59:00,,,Pull-up,,,65.000,10,,,,NORMAL_SET,,
"My routine #1","2024-10-09 19:40:46",00:59:00,,,Pull-up,,,65.000,10,,,,NORMAL_SET,,
"My routine #1","2024-10-09 19:40:46",00:59:00,,,"Triceps Pushdown",,,25.000,10,,,,NORMAL_SET,,
"My routine #1","2024-10-09 19:40:46",00:59:00,,,"Triceps Pushdown",,,32.000,10,,,,NORMAL_SET,,
"My routine #1","2024-10-09 19:40:46",00:59:00,,,"Triceps Pushdown",,,32.000,10,,,,NORMAL_SET,,
"My routine #1","2024-10-09 19:40:46",00:59:00,,,"Cable Curl",,,30.000,10,,,,NORMAL_SET,,
"My routine #1","2024-10-09 19:40:46",00:59:00,,,"Cable Curl",,,32.000,10,,,,NORMAL_SET,,
"My routine #1","2024-10-09 19:40:46",00:59:00,,,"Cable Curl",,,32.000,10,,,,NORMAL_SET,,
"My routine #1","2024-10-09 19:40:46",00:59:00,,,"Jump Rope",,,,,,,01:00,NORMAL_SET,,
"My routine #1","2024-10-09 19:40:46",00:59:00,,,"Jump Rope",,,,,,,01:00,NORMAL_SET,,
"My routine #1","2024-10-09 19:40:46",00:59:00,,,"Jump Rope",,,,,,,01:00,NORMAL_SET,,
"My routine #1","2024-10-09 19:40:46",00:59:00,,,"Lever Chest Press",,,100.000,10,,,,NORMAL_SET,1,1
"My routine #1","2024-10-09 19:40:46",00:59:00,,,"Lever Chest Press",,,130.000,8,,,,NORMAL_SET,,
"My routine #1","2024-10-09 19:40:46",00:59:00,,,"Lever Chest Press",,,110.000,10,,,,NORMAL_SET,,
"My routine #1","2024-10-09 19:40:46",00:59:00,,,"Lever Seated Dip",,,90.000,10,,,,NORMAL_SET,1,1
"My routine #1","2024-10-09 19:40:46",00:59:00,,,"Lever Seated Dip",,,90.000,10,,,,NORMAL_SET,,
"My routine #1","2024-10-09 19:40:46",00:59:00,,,"Lever Seated Dip",,,90.000,10,,,,NORMAL_SET,,
"My routine #1","2024-10-08 20:38:04",01:08:50,,,"Muscle-up ",,,65.000,10,,,,NORMAL_SET,,
"My routine #1","2024-10-08 20:38:04",01:08:50,,,Pull-up,,,65.000,10,,,,NORMAL_SET,,
"My routine #1","2024-10-08 20:38:04",01:08:50,,,Pull-up,,,65.000,10,,,,NORMAL_SET,,
"My routine #1","2024-10-08 20:38:04",01:08:50,,,"Lever Chest Press",,,80.000,10,,,,NORMAL_SET,"2,3","3,4"
"My routine #1","2024-10-08 20:38:04",01:08:50,,,"Lever Chest Press",,,100.000,10,,,,NORMAL_SET,1,3
"My routine #1","2024-10-08 20:38:04",01:08:50,,,"Lever Chest Press",,,120.000,4,,,,NORMAL_SET,1,2
"My routine #1","2024-10-08 20:38:04",01:08:50,,,"Standing Reach Down Hamstring Stretch",,,0.000,20,,,,NORMAL_SET,3,4
"My routine #1","2024-10-08 20:38:04",01:08:50,,,"Straight Arms Backward Chest Stretch",,,0.000,20,,,,NORMAL_SET,3,4
"My routine #1","2024-10-08 20:38:04",01:08:50,,,"Biceps Stretch Behind The Back",,,0.000,20,,,,NORMAL_SET,3,4
"My routine #1","2024-10-08 20:38:04",01:08:50,,,"Across Chest Shoulder Stretch",,,0.000,10,,,,NORMAL_SET,,
"My routine #1","2024-10-08 20:38:04",01:08:50,,,"Jump Rope",,,,,,,01:00,NORMAL_SET,,
"My routine #1","2024-10-08 20:38:04",01:08:50,,,"Jump Rope",,,,,,,01:00,NORMAL_SET,,
"My routine #1","2024-10-08 20:38:04",01:08:50,,,"Jump Rope",,,,,,,01:00,NORMAL_SET,,
"My routine #1","2024-10-07 18:46:23",01:06:21,,,"Muscle-up ",,,65.000,10,,,,NORMAL_SET,,
"My routine #1","2024-10-07 18:46:23",01:06:21,,,Pull-up,,,65.000,10,,,,NORMAL_SET,,
"My routine #1","2024-10-07 18:46:23",01:06:21,,,Pull-up,,,65.000,10,,,,NORMAL_SET,,
"My routine #1","2024-10-07 18:46:23",01:06:21,,,"Biceps Curl",,,16.000,10,,,,NORMAL_SET,,
"My routine #1","2024-10-07 18:46:23",01:06:21,,,"Biceps Curl",,,16.000,10,,,,NORMAL_SET,,
"My routine #1","2024-10-07 18:46:23",01:06:21,,,"Biceps Curl",,,16.000,10,,,,NORMAL_SET,,
"My routine #1","2024-10-07 18:46:23",01:06:21,,,"Triceps Pushdown",,,30.000,10,,,,NORMAL_SET,,
"My routine #1","2024-10-07 18:46:23",01:06:21,,,"Triceps Pushdown",,,32.000,10,,,,NORMAL_SET,,
"My routine #1","2024-10-07 18:46:23",01:06:21,,,"Triceps Pushdown",,,32.000,10,,,,NORMAL_SET,,
"My routine #1","2024-10-07 18:46:23",01:06:21,,,"Across Chest Shoulder Stretch",,,0.000,10,,,,NORMAL_SET,,
"My routine #1","2024-10-07 18:46:23",01:06:21,,,"Jump Rope",,,,,,,01:00,NORMAL_SET,,
"My routine #1","2024-10-07 18:46:23",01:06:21,,,"Jump Rope",,,,,,,01:00,NORMAL_SET,,
"My routine #1","2024-10-07 18:46:23",01:06:21,,,"Jump Rope",,,,,,,01:00,NORMAL_SET,,
"My routine #1","2024-10-03 18:57:05",01:00:36,,,"Muscle-up ",,,65.000,10,,,,NORMAL_SET,,
"My routine #1","2024-10-03 18:57:05",01:00:36,,,Pull-up,,,65.000,10,,,,NORMAL_SET,,
"My routine #1","2024-10-03 18:57:05",01:00:36,,,Pull-up,,,65.000,10,,,,NORMAL_SET,,
"My routine #1","2024-10-03 18:57:05",01:00:36,,,"Biceps Curl",,,16.000,10,,,,NORMAL_SET,"2,3","3,4"
"My routine #1","2024-10-03 18:57:05",01:00:36,,,"Biceps Curl",,,16.000,10,,,,NORMAL_SET,3,3
"My routine #1","2024-10-03 18:57:05",01:00:36,,,"Biceps Curl",,,16.000,10,,,,NORMAL_SET,,
"My routine #1","2024-10-03 18:57:05",01:00:36,,,"Triceps Pushdown",,,30.000,10,,,,NORMAL_SET,,
"My routine #1","2024-10-03 18:57:05",01:00:36,,,"Triceps Pushdown",,,32.000,10,,,,NORMAL_SET,,
"My routine #1","2024-10-03 18:57:05",01:00:36,,,"Triceps Pushdown",,,32.000,10,,,,NORMAL_SET,,
"My routine #1","2024-10-03 18:57:05",01:00:36,,,"Cable Curl",,,32.000,10,,,,NORMAL_SET,,
"My routine #1","2024-10-03 18:57:05",01:00:36,,,"Cable Curl",,,32.000,10,,,,NORMAL_SET,,
"My routine #1","2024-10-03 18:57:05",01:00:36,,,"Cable Curl",,,32.000,10,,,,NORMAL_SET,,
"My routine #1","2024-10-03 18:57:05",01:00:36,,,"Lateral Raise",,,14.000,10,,,,NORMAL_SET,"1,1","3,4"
"My routine #1","2024-10-03 18:57:05",01:00:36,,,"Lateral Raise",,,14.000,10,,,,NORMAL_SET,"2,2","3,4"
"My routine #1","2024-10-03 18:57:05",01:00:36,,,"Lateral Raise",,,14.000,10,,,,NORMAL_SET,"3,3","3,4"
"My routine #1","2024-10-03 18:57:05",01:00:36,,,"Standing Reach Down Hamstring Stretch",,,0.000,20,,,,NORMAL_SET,2,4
"My routine #1","2024-10-03 18:57:05",01:00:36,,,"Seated Groin Stretch",,,0.000,20,,,,NORMAL_SET,2,4
"My routine #1","2024-10-03 18:57:05",01:00:36,,,"Seated Single Leg Hamstring Stretch",,,0.000,20,,,,NORMAL_SET,3,4
"My routine #1","2024-10-03 18:57:05",01:00:36,,,"Straight Arms Backward Chest Stretch",,,0.000,20,,,,NORMAL_SET,2,4
"My routine #1","2024-10-03 18:57:05",01:00:36,,,"Biceps Stretch Behind The Back",,,0.000,20,,,,NORMAL_SET,2,4
"My routine #1","2024-10-03 18:57:05",01:00:36,,,"Across Chest Shoulder Stretch",,,0.000,10,,,,NORMAL_SET,,
"My routine #1","2024-10-03 18:57:05",01:00:36,,,"Jump Rope",,,,,,,01:00,NORMAL_SET,,
"My routine #1","2024-10-03 18:57:05",01:00:36,,,"Jump Rope",,,,,,,01:00,NORMAL_SET,,
"My routine #1","2024-10-03 18:57:05",01:00:36,,,"Jump Rope",,,,,,,01:00,NORMAL_SET,,
"My routine #1","2024-09-30 22:02:42",00:27:35,,,"Muscle-up ",,,65.000,10,,,,NORMAL_SET,,
"My routine #1","2024-09-30 22:02:42",00:27:35,,,Pull-up,,,65.000,10,,,,NORMAL_SET,,
"My routine #1","2024-09-30 22:02:42",00:27:35,,,Pull-up,,,65.000,10,,,,NORMAL_SET,,
"My routine #1","2024-09-30 22:02:42",00:27:35,,,"Biceps Curl",,,18.000,8,,,,NORMAL_SET,,
"My routine #1","2024-09-30 22:02:42",00:27:35,,,"Biceps Curl",,,18.000,8,,,,NORMAL_SET,,
"My routine #1","2024-09-30 22:02:42",00:27:35,,,"Biceps Curl",,,18.000,7,,,,NORMAL_SET,,
"My routine #1","2024-09-30 22:02:42",00:27:35,,,"Triceps Pushdown",,,32.000,10,,,,NORMAL_SET,1,3
"My routine #1","2024-09-30 22:02:42",00:27:35,,,"Triceps Pushdown",,,32.000,10,,,,NORMAL_SET,2,3
"My routine #1","2024-09-30 22:02:42",00:27:35,,,"Triceps Pushdown",,,32.000,10,,,,NORMAL_SET,3,3
"My routine #1","2024-09-30 22:02:42",00:27:35,,,"Cable Curl",,,32.000,10,,,,NORMAL_SET,"2,1","2,3"
"My routine #1","2024-09-30 22:02:42",00:27:35,,,"Cable Curl",,,32.000,10,,,,NORMAL_SET,"3,2","2,3"
"My routine #1","2024-09-30 22:02:42",00:27:35,,,"Cable Curl",,,32.000,10,,,,NORMAL_SET,3,3
"My routine #1","2024-09-25 15:48:57",01:18:25,,,"Muscle-up ",,,65.000,8,,,,NORMAL_SET,,
"My routine #1","2024-09-25 15:48:57",01:18:25,,,Pull-up,,,65.000,10,,,,NORMAL_SET,,
"My routine #1","2024-09-25 15:48:57",01:18:25,,,Pull-up,,,65.000,10,,,,NORMAL_SET,,
"My routine #1","2024-09-25 15:48:57",01:18:25,,,"Biceps Curl",,,20.000,6,,,,NORMAL_SET,,
"My routine #1","2024-09-25 15:48:57",01:18:25,,,"Biceps Curl",,,20.000,6,,,,NORMAL_SET,,
"My routine #1","2024-09-25 15:48:57",01:18:25,,,"Biceps Curl",,,22.000,5,,,,NORMAL_SET,1,2
"My routine #1","2024-09-25 15:48:57",01:18:25,,,"Triceps Pushdown",,,30.000,8,,,,NORMAL_SET,,
"My routine #1","2024-09-25 15:48:57",01:18:25,,,"Triceps Pushdown",,,32.000,8,,,,NORMAL_SET,,
"My routine #1","2024-09-25 15:48:57",01:18:25,,,"Triceps Pushdown",,,32.000,8,,,,NORMAL_SET,,
"My routine #1","2024-09-25 15:48:57",01:18:25,,,"Cable Curl",,,32.000,8,,,,NORMAL_SET,,
"My routine #1","2024-09-25 15:48:57",01:18:25,,,"Cable Curl",,,34.000,8,,,,NORMAL_SET,1,3
"My routine #1","2024-09-25 15:48:57",01:18:25,,,"Cable Curl",,,41.000,4,,,,NORMAL_SET,1,2
"My routine #1","2024-09-25 15:48:57",01:18:25,,,"Lever Chest Press",,,113.000,6,,,,NORMAL_SET,,
"My routine #1","2024-09-25 15:48:57",01:18:25,,,"Lever Chest Press",,,115.000,6,,,,NORMAL_SET,3,2
"My routine #1","2024-09-25 15:48:57",01:18:25,,,"Lever Chest Press",,,113.000,6,,,,NORMAL_SET,,
"My routine #1","2024-09-25 15:48:57",01:18:25,,,"Lateral Raise",,,16.000,6,,,,NORMAL_SET,,
"My routine #1","2024-09-25 15:48:57",01:18:25,,,"Lateral Raise",,,16.000,6,,,,NORMAL_SET,,
"My routine #1","2024-09-25 15:48:57",01:18:25,,,"Lateral Raise",,,16.000,6,,,,NORMAL_SET,,
"My routine #1","2024-09-25 15:48:57",01:18:25,,,"Lever Seated Leg Press",,,107.000,8,,,,NORMAL_SET,,
"My routine #1","2024-09-25 15:48:57",01:18:25,,,"Lever Seated Leg Press",,,107.000,8,,,,NORMAL_SET,,
"My routine #1","2024-09-25 15:48:57",01:18:25,,,"Lever Seated Leg Press",,,120.000,8,,,,NORMAL_SET,1,2
"My routine #1","2024-09-25 15:48:57",01:18:25,,,"Standing Reach Down Hamstring Stretch",,,0.000,20,,,,NORMAL_SET,1,4
"My routine #1","2024-09-25 15:48:57",01:18:25,,,"Seated Groin Stretch",,,0.000,20,,,,NORMAL_SET,1,4
"My routine #1","2024-09-25 15:48:57",01:18:25,,,"Seated Single Leg Hamstring Stretch",,,0.000,20,,,,NORMAL_SET,2,4
"My routine #1","2024-09-25 15:48:57",01:18:25,,,"Straight Arms Backward Chest Stretch",,,0.000,20,,,,NORMAL_SET,1,4
"My routine #1","2024-09-25 15:48:57",01:18:25,,,"Biceps Stretch Behind The Back",,,0.000,20,,,,NORMAL_SET,1,4
"My routine #1","2024-09-25 15:48:57",01:18:25,,,"Across Chest Shoulder Stretch",,,0.000,10,,,,NORMAL_SET,,
"My routine #1","2024-09-25 15:48:57",01:18:25,,,"Run ",,,,,,1.2,07:00,NORMAL_SET,,
"My routine #1","2024-09-25 15:48:57",01:18:25,,,"Jump Rope",,,,,,,01:00,NORMAL_SET,,
"My routine #1","2024-09-25 15:48:57",01:18:25,,,"Jump Rope",,,,,,,01:00,NORMAL_SET,,
"My routine #1","2024-09-25 15:48:57",01:18:25,,,"Jump Rope",,,,,,,01:00,NORMAL_SET,,
"My routine #1","2024-09-24 19:53:00",01:20:59,,,"Muscle-up ",,,65.000,8,,,,NORMAL_SET,,
"My routine #1","2024-09-24 19:53:00",01:20:59,,,Pull-up,,,65.000,10,,,,NORMAL_SET,,
"My routine #1","2024-09-24 19:53:00",01:20:59,,,Pull-up,,,65.000,10,,,,NORMAL_SET,,
"My routine #1","2024-09-24 19:53:00",01:20:59,,,"Biceps Curl",,,18.000,8,,,,NORMAL_SET,,
"My routine #1","2024-09-24 19:53:00",01:20:59,,,"Biceps Curl",,,18.000,8,,,,NORMAL_SET,,
"My routine #1","2024-09-24 19:53:00",01:20:59,,,"Biceps Curl",,,18.000,8,,,,NORMAL_SET,,
"My routine #1","2024-09-24 19:53:00",01:20:59,,,"Triceps Pushdown",,,22.000,10,,,,NORMAL_SET,,
"My routine #1","2024-09-24 19:53:00",01:20:59,,,"Triceps Pushdown",,,32.000,8,,,,NORMAL_SET,,
"My routine #1","2024-09-24 19:53:00",01:20:59,,,"Triceps Pushdown",,,32.000,8,,,,NORMAL_SET,,
"My routine #1","2024-09-24 19:53:00",01:20:59,,,"Lever Chest Press",,,113.000,6,,,,NORMAL_SET,3,2
"My routine #1","2024-09-24 19:53:00",01:20:59,,,"Lever Chest Press",,,115.000,6,,,,NORMAL_SET,2,2
"My routine #1","2024-09-24 19:53:00",01:20:59,,,"Lever Chest Press",,,113.000,6,,,,NORMAL_SET,,
"My routine #1","2024-09-24 19:53:00",01:20:59,,,"Lateral Raise",,,14.000,8,,,,NORMAL_SET,"1,1","3,4"
"My routine #1","2024-09-24 19:53:00",01:20:59,,,"Lateral Raise",,,14.000,8,,,,NORMAL_SET,"2,2","3,4"
"My routine #1","2024-09-24 19:53:00",01:20:59,,,"Lateral Raise",,,14.000,8,,,,NORMAL_SET,"3,3","3,4"
"My routine #1","2024-09-24 19:53:00",01:20:59,,,"Standing Reach Down Hamstring Stretch",,,0.000,10,,,,NORMAL_SET,,
"My routine #1","2024-09-24 19:53:00",01:20:59,,,"Seated Groin Stretch",,,0.000,10,,,,NORMAL_SET,,
"My routine #1","2024-09-24 19:53:00",01:20:59,,,"Seated Single Leg Hamstring Stretch",,,0.000,10,,,,NORMAL_SET,,
"My routine #1","2024-09-24 19:53:00",01:20:59,,,"Straight Arms Backward Chest Stretch",,,0.000,10,,,,NORMAL_SET,,
"My routine #1","2024-09-24 19:53:00",01:20:59,,,"Biceps Stretch Behind The Back",,,0.000,10,,,,NORMAL_SET,,
"My routine #1","2024-09-24 19:53:00",01:20:59,,,"Across Chest Shoulder Stretch",,,0.000,10,,,,NORMAL_SET,,
"My routine #1","2024-09-24 19:53:00",01:20:59,,,"Jump Rope",,,,,,,01:30,NORMAL_SET,,
"My routine #1","2024-09-24 19:53:00",01:20:59,,,"Jump Rope",,,,,,,01:30,NORMAL_SET,,
"My routine #1","2024-09-24 19:53:00",01:20:59,,,"Jump Rope",,,,,,,01:30,NORMAL_SET,,
"My routine #1","2024-09-24 19:53:00",01:20:59,,,"Jump Rope",,,,,,,01:30,NORMAL_SET,,
"My routine #1","2024-09-23 21:15:35",01:22:50,,,Pull-up,,,65.000,10,,,,NORMAL_SET,,
"My routine #1","2024-09-23 21:15:35",01:22:50,,,Pull-up,,,65.000,10,,,,NORMAL_SET,,
"My routine #1","2024-09-23 21:15:35",01:22:50,,,Pull-up,,,65.000,10,,,,NORMAL_SET,,
"My routine #1","2024-09-23 21:15:35",01:22:50,,,"Muscle-up ",,,65.000,8,,,,NORMAL_SET,,
"My routine #1","2024-09-23 21:15:35",01:22:50,,,"Biceps Curl",,,18.000,8,,,,NORMAL_SET,,
"My routine #1","2024-09-23 21:15:35",01:22:50,,,"Biceps Curl",,,18.000,8,,,,NORMAL_SET,,
"My routine #1","2024-09-23 21:15:35",01:22:50,,,"Biceps Curl",,,18.000,8,,,,NORMAL_SET,,
"My routine #1","2024-09-23 21:15:35",01:22:50,,,"Lever Chest Press",,,100.000,6,,,,NORMAL_SET,3,2
"My routine #1","2024-09-23 21:15:35",01:22:50,,,"Lever Chest Press",,,93.000,8,,,,NORMAL_SET,,
"My routine #1","2024-09-23 21:15:35",01:22:50,,,"Lever Chest Press",,,93.000,8,,,,NORMAL_SET,,
"My routine #1","2024-09-23 21:15:35",01:22:50,,,"Lever Triceps Dip",,,64.000,8,,,,NORMAL_SET,1,1
"My routine #1","2024-09-23 21:15:35",01:22:50,,,"Lever Triceps Dip",,,77.000,10,,,,NORMAL_SET,,
"My routine #1","2024-09-23 21:15:35",01:22:50,,,"Lever Triceps Dip",,,91.000,10,,,,NORMAL_SET,,
"My routine #1","2024-09-22 21:14:46",00:47:10,,,"Muscle-up ",,,65.000,8,,,,NORMAL_SET,,
"My routine #1","2024-09-22 21:14:46",00:47:10,,,"Triceps Pushdown",,,22.000,10,,,,NORMAL_SET,,
"My routine #1","2024-09-22 21:14:46",00:47:10,,,"Triceps Pushdown",,,32.000,8,,,,NORMAL_SET,,
"My routine #1","2024-09-22 21:14:46",00:47:10,,,"Triceps Pushdown",,,32.000,8,,,,NORMAL_SET,,
"My routine #1","2024-09-22 21:14:46",00:47:10,,,"Lever Chest Press",,,113.000,6,,,,NORMAL_SET,2,2
"My routine #1","2024-09-22 21:14:46",00:47:10,,,"Lever Chest Press",,,93.000,8,,,,NORMAL_SET,,
"My routine #1","2024-09-22 21:14:46",00:47:10,,,"Lever Chest Press",,,93.000,8,,,,NORMAL_SET,,
"My routine #1","2024-09-22 21:14:46",00:47:10,,,"Cable Curl",,,30.000,8,,,,NORMAL_SET,,
"My routine #1","2024-09-22 21:14:46",00:47:10,,,"Cable Curl",,,30.000,8,,,,NORMAL_SET,,
"My routine #1","2024-09-22 21:14:46",00:47:10,,,"Cable Curl",,,30.000,8,,,,NORMAL_SET,,
"My routine #1","2024-09-18 19:39:27",00:54:09,,,Pull-up,,,65.000,10,,,,NORMAL_SET,,
"My routine #1","2024-09-18 19:39:27",00:54:09,,,Pull-up,,,65.000,10,,,,NORMAL_SET,,
"My routine #1","2024-09-18 19:39:27",00:54:09,,,"Muscle-up ",,,65.000,9,,,,NORMAL_SET,,
"My routine #1","2024-09-18 19:39:27",00:54:09,,,"Biceps Curl",,,18.000,8,,,,NORMAL_SET,,
"My routine #1","2024-09-18 19:39:27",00:54:09,,,"Biceps Curl",,,18.000,8,,,,NORMAL_SET,,
"My routine #1","2024-09-18 19:39:27",00:54:09,,,"Biceps Curl",,,18.000,8,,,,NORMAL_SET,,
"My routine #1","2024-09-18 19:39:27",00:54:09,,,"Triceps Pushdown",,,22.000,10,,,,NORMAL_SET,,
"My routine #1","2024-09-18 19:39:27",00:54:09,,,"Triceps Pushdown",,,32.000,8,,,,NORMAL_SET,,
"My routine #1","2024-09-18 19:39:27",00:54:09,,,"Triceps Pushdown",,,32.000,8,,,,NORMAL_SET,,
"My routine #1","2024-09-18 19:39:27",00:54:09,,,"Lever Chest Press",,,118.000,6,,,,NORMAL_SET,1,2
"My routine #1","2024-09-18 19:39:27",00:54:09,,,"Lever Chest Press",,,93.000,8,,,,NORMAL_SET,,
"My routine #1","2024-09-18 19:39:27",00:54:09,,,"Lever Chest Press",,,93.000,8,,,,NORMAL_SET,,
"My routine #1","2024-09-18 19:39:27",00:54:09,,,"Lateral Raise",,,18.000,6,,,,NORMAL_SET,1,1
"My routine #1","2024-09-18 19:39:27",00:54:09,,,"Lateral Raise",,,16.000,6,,,,NORMAL_SET,,
"My routine #1","2024-09-18 19:39:27",00:54:09,,,"Lateral Raise",,,16.000,6,,,,NORMAL_SET,,
"My routine #1","2024-09-18 19:39:27",00:54:09,,,"Cable Curl",,,30.000,8,,,,NORMAL_SET,3,2
"My routine #1","2024-09-18 19:39:27",00:54:09,,,"Cable Curl",,,30.000,8,,,,NORMAL_SET,,
"My routine #1","2024-09-18 19:39:27",00:54:09,,,"Cable Curl",,,30.000,8,,,,NORMAL_SET,,
"My routine #1","2024-09-18 19:39:27",00:54:09,,,"Standing Reach Down Hamstring Stretch",,,0.000,10,,,,NORMAL_SET,,
"My routine #1","2024-09-18 19:39:27",00:54:09,,,"Seated Groin Stretch",,,0.000,10,,,,NORMAL_SET,,
"My routine #1","2024-09-18 19:39:27",00:54:09,,,"Seated Single Leg Hamstring Stretch",,,0.000,10,,,,NORMAL_SET,,
"My routine #1","2024-09-18 19:39:27",00:54:09,,,"Straight Arms Backward Chest Stretch",,,0.000,10,,,,NORMAL_SET,,
"My routine #1","2024-09-18 19:39:27",00:54:09,,,"Biceps Stretch Behind The Back",,,0.000,10,,,,NORMAL_SET,,
"My routine #1","2024-09-18 19:39:27",00:54:09,,,"Across Chest Shoulder Stretch",,,0.000,10,,,,NORMAL_SET,,
"My routine #1","2024-09-17 21:27:40",00:32:50,,,Pull-up,,,65.000,10,,,,NORMAL_SET,"3,3","3,4"
"My routine #1","2024-09-17 21:27:40",00:32:50,,,Pull-up,,,65.000,10,,,,NORMAL_SET,,
"My routine #1","2024-09-17 21:27:40",00:32:50,,,"Muscle-up ",,,65.000,10,,,,NORMAL_SET,"3,3","3,4"
"My routine #1","2024-09-17 21:27:40",00:32:50,,,"Biceps Curl",,,18.000,8,,,,NORMAL_SET,,
"My routine #1","2024-09-17 21:27:40",00:32:50,,,"Biceps Curl",,,18.000,8,,,,NORMAL_SET,,
"My routine #1","2024-09-17 21:27:40",00:32:50,,,"Biceps Curl",,,18.000,8,,,,NORMAL_SET,,
"My routine #1","2024-09-17 21:27:40",00:32:50,,,"Triceps Pushdown",,,25.000,10,,,,NORMAL_SET,,
"My routine #1","2024-09-17 21:27:40",00:32:50,,,"Triceps Pushdown",,,27.000,10,,,,NORMAL_SET,,
"My routine #1","2024-09-17 21:27:40",00:32:50,,,"Triceps Pushdown",,,32.000,8,,,,NORMAL_SET,,
"My routine #1","2024-09-17 21:27:40",00:32:50,,,"Lever Chest Press",,,87.000,8,,,,NORMAL_SET,,
"My routine #1","2024-09-17 21:27:40",00:32:50,,,"Lever Chest Press",,,93.000,8,,,,NORMAL_SET,,
"My routine #1","2024-09-17 21:27:40",00:32:50,,,"Cable Curl",,,25.000,10,,,,NORMAL_SET,"2,2","3,4"
"My routine #1","2024-09-17 21:27:40",00:32:50,,,"Cable Curl",,,25.000,10,,,,NORMAL_SET,"3,3","3,4"
"My routine #1","2024-09-17 21:27:40",00:32:50,,,"Cable Curl",,,30.000,8,,,,NORMAL_SET,2,2
"My routine #1","2024-09-16 19:51:51",01:24:35,,,Pull-up,,,65.000,10,,,,NORMAL_SET,"1,1","3,4"
"My routine #1","2024-09-16 19:51:51",01:24:35,,,Pull-up,,,65.000,10,,,,NORMAL_SET,"2,2","3,4"
"My routine #1","2024-09-16 19:51:51",01:24:35,,,"Muscle-up ",,,65.000,10,,,,NORMAL_SET,"2,2","3,4"
"My routine #1","2024-09-16 19:51:51",01:24:35,,,"Biceps Curl",,,18.000,8,,,,NORMAL_SET,,
"My routine #1","2024-09-16 19:51:51",01:24:35,,,"Biceps Curl",,,18.000,8,,,,NORMAL_SET,,
"My routine #1","2024-09-16 19:51:51",01:24:35,,,"Biceps Curl",,,18.000,8,,,,NORMAL_SET,,
"My routine #1","2024-09-16 19:51:51",01:24:35,,,"Triceps Pushdown",,,25.000,10,,,,NORMAL_SET,,
"My routine #1","2024-09-16 19:51:51",01:24:35,,,"Triceps Pushdown",,,27.000,10,,,,NORMAL_SET,3,3
"My routine #1","2024-09-16 19:51:51",01:24:35,,,"Triceps Pushdown",,,32.000,8,,,,NORMAL_SET,,
"My routine #1","2024-09-16 19:51:51",01:24:35,,,"Lever Chest Press",,,87.000,8,,,,NORMAL_SET,,
"My routine #1","2024-09-16 19:51:51",01:24:35,,,"Lever Chest Press",,,93.000,8,,,,NORMAL_SET,,
"My routine #1","2024-09-16 19:51:51",01:24:35,,,"Lever Chest Press",,,93.000,8,,,,NORMAL_SET,,
"My routine #1","2024-09-16 19:51:51",01:24:35,,,"Dumbbell Low Fly",,,16.000,6,,,,NORMAL_SET,,
"My routine #1","2024-09-16 19:51:51",01:24:35,,,"Dumbbell Low Fly",,,16.000,6,,,,NORMAL_SET,,
"My routine #1","2024-09-16 19:51:51",01:24:35,,,"Cable Curl",,,18.000,8,,,,NORMAL_SET,,
"My routine #1","2024-09-16 19:51:51",01:24:35,,,"Cable Curl",,,25.000,10,,,,NORMAL_SET,"1,1","3,4"
"My routine #1","2024-09-16 19:51:51",01:24:35,,,"Cable Curl",,,30.000,8,,,,NORMAL_SET,"1,2","2,3"
"My routine #1","2024-09-16 19:51:51",01:24:35,,,"Lever Seated Leg Press",,,107.000,10,,,,NORMAL_SET,,
"My routine #1","2024-09-16 19:51:51",01:24:35,,,"Standing Reach Down Hamstring Stretch",,,0.000,10,,,,NORMAL_SET,,
"My routine #1","2024-09-16 19:51:51",01:24:35,,,"Seated Groin Stretch",,,0.000,10,,,,NORMAL_SET,,
"My routine #1","2024-09-16 19:51:51",01:24:35,,,"Seated Single Leg Hamstring Stretch",,,0.000,10,,,,NORMAL_SET,,
"My routine #1","2024-09-16 19:51:51",01:24:35,,,"Straight Arms Backward Chest Stretch",,,0.000,10,,,,NORMAL_SET,,
"My routine #1","2024-09-16 19:51:51",01:24:35,,,"Biceps Stretch Behind The Back",,,0.000,10,,,,NORMAL_SET,"3,3,3","1,2,4"
"My routine #1","2024-09-16 19:51:51",01:24:35,,,"Across Chest Shoulder Stretch",,,0.000,10,,,,NORMAL_SET,,
"My routine #1","2024-09-15 20:57:57",00:57:02,,,"Muscle-up ",,,65.000,10,,,,NORMAL_SET,"1,1","3,4"
"My routine #1","2024-09-15 20:57:57",00:57:02,,,Pull-up,,,65.000,8,,,,NORMAL_SET,,
"My routine #1","2024-09-15 20:57:57",00:57:02,,,Pull-up,,,65.000,8,,,,NORMAL_SET,,
"My routine #1","2024-09-15 20:57:57",00:57:02,,,"Biceps Curl",,,18.000,8,,,,NORMAL_SET,3,3
"My routine #1","2024-09-15 20:57:57",00:57:02,,,"Biceps Curl",,,18.000,6,,,,NORMAL_SET,,
"My routine #1","2024-09-15 20:57:57",00:57:02,,,"Biceps Curl",,,20.000,5,,,,NORMAL_SET,,
"My routine #1","2024-09-15 20:57:57",00:57:02,,,"Triceps Pushdown",,,25.000,10,,,,NORMAL_SET,3,4
"My routine #1","2024-09-15 20:57:57",00:57:02,,,"Triceps Pushdown",,,27.000,10,,,,NORMAL_SET,2,3
"My routine #1","2024-09-15 20:57:57",00:57:02,,,"Triceps Pushdown",,,32.000,8,,,,NORMAL_SET,3,2
"My routine #1","2024-09-15 20:57:57",00:57:02,,,"Cable Curl",,,25.000,8,,,,NORMAL_SET,,
"My routine #1","2024-09-15 20:57:57",00:57:02,,,"Cable Curl",,,25.000,8,,,,NORMAL_SET,,
"My routine #1","2024-09-15 20:57:57",00:57:02,,,"Cable Curl",,,27.000,8,,,,NORMAL_SET,"2,2","2,3"
"My routine #1","2024-09-15 20:57:57",00:57:02,,,"Dumbbell Low Fly",,,18.000,6,,,,NORMAL_SET,"1,1","2,3"
"My routine #1","2024-09-15 20:57:57",00:57:02,,,"Dumbbell Low Fly",,,16.000,6,,,,NORMAL_SET,,
"My routine #1","2024-09-15 20:57:57",00:57:02,,,"Dumbbell Low Fly",,,16.000,6,,,,NORMAL_SET,,
"My routine #1","2024-09-15 20:57:57",00:57:02,,,"Lever Chest Press",,,87.000,8,,,,NORMAL_SET,,
"My routine #1","2024-09-15 20:57:57",00:57:02,,,"Lever Chest Press",,,93.000,8,,,,NORMAL_SET,3,3
"My routine #1","2024-09-15 20:57:57",00:57:02,,,"Lever Chest Press",,,93.000,8,,,,NORMAL_SET,,
"My routine #1","2024-09-15 20:57:57",00:57:02,,,"Lever Seated Leg Press",,,107.000,10,,,,NORMAL_SET,3,3
"My routine #1","2024-09-15 20:57:57",00:57:02,,,"Lever Seated Leg Press",,,107.000,10,,,,NORMAL_SET,,
"My routine #1","2024-09-15 20:57:57",00:57:02,,,"Lever Seated Leg Press",,,113.000,10,,,,NORMAL_SET,"3,2","2,3"
"My routine #1","2024-09-15 20:57:57",00:57:02,,,"Standing Reach Down Hamstring Stretch",,,0.000,10,,,,NORMAL_SET,,
"My routine #1","2024-09-15 20:57:57",00:57:02,,,"Seated Groin Stretch",,,0.000,10,,,,NORMAL_SET,,
"My routine #1","2024-09-15 20:57:57",00:57:02,,,"Seated Single Leg Hamstring Stretch",,,0.000,10,,,,NORMAL_SET,,
"My routine #1","2024-09-15 20:57:57",00:57:02,,,"Straight Arms Backward Chest Stretch",,,0.000,10,,,,NORMAL_SET,,
"My routine #1","2024-09-15 20:57:57",00:57:02,,,"Biceps Stretch Behind The Back",,,0.000,10,,,,NORMAL_SET,"2,2,2","1,2,4"
"My routine #1","2024-09-15 20:57:57",00:57:02,,,"Across Chest Shoulder Stretch",,,0.000,10,,,,NORMAL_SET,,
"My routine #1","2024-09-11 19:17:05",01:24:03,,,Pull-up,,,65.000,8,,,,NORMAL_SET,,
"My routine #1","2024-09-11 19:17:05",01:24:03,,,"Biceps Curl",,,18.000,10,,,,NORMAL_SET,"1,2","3,4"
"My routine #1","2024-09-11 19:17:05",01:24:03,,,"Biceps Curl",,,18.000,8,,,,NORMAL_SET,"2,3","3,4"
"My routine #1","2024-09-11 19:17:05",01:24:03,,,"Biceps Curl",,,20.000,5,,,,NORMAL_SET,,
"My routine #1","2024-09-11 19:17:05",01:24:03,,,"Triceps Pushdown",,,25.000,8,,,,NORMAL_SET,,
"My routine #1","2024-09-11 19:17:05",01:24:03,,,"Triceps Pushdown",,,27.000,8,,,,NORMAL_SET,,
"My routine #1","2024-09-11 19:17:05",01:24:03,,,"Triceps Pushdown",,,32.000,8,,,,NORMAL_SET,"2,3","2,3"
"My routine #1","2024-09-11 19:17:05",01:24:03,,,"Lever Chest Press",,,80.000,10,,,,NORMAL_SET,1,4
"My routine #1","2024-09-11 19:17:05",01:24:03,,,"Lever Chest Press",,,87.000,10,,,,NORMAL_SET,"1,2","3,4"
"My routine #1","2024-09-11 19:17:05",01:24:03,,,"Lever Chest Press",,,93.000,8,,,,NORMAL_SET,"3,2","2,3"
"My routine #1","2024-09-11 19:17:05",01:24:03,,,"Cable Curl",,,25.000,8,,,,NORMAL_SET,,
"My routine #1","2024-09-11 19:17:05",01:24:03,,,"Cable Curl",,,25.000,8,,,,NORMAL_SET,,
"My routine #1","2024-09-11 19:17:05",01:24:03,,,"Cable Curl",,,27.000,8,,,,NORMAL_SET,"1,1","2,3"
"My routine #1","2024-09-11 19:17:05",01:24:03,,,"Lever Seated Leg Press",,,107.000,10,,,,NORMAL_SET,"3,2","2,3"
"My routine #1","2024-09-11 19:17:05",01:24:03,,,"Lever Seated Leg Press",,,100.000,10,,,,NORMAL_SET,,
"My routine #1","2024-09-11 19:17:05",01:24:03,,,"Lever Seated Leg Press",,,113.000,10,,,,NORMAL_SET,"2,1","2,3"
"My routine #1","2024-09-11 19:17:05",01:24:03,,,"Standing Reach Down Hamstring Stretch",,,0.000,10,,,,NORMAL_SET,,
"My routine #1","2024-09-11 19:17:05",01:24:03,,,"Seated Groin Stretch",,,0.000,10,,,,NORMAL_SET,,
"My routine #1","2024-09-11 19:17:05",01:24:03,,,"Seated Single Leg Hamstring Stretch",,,0.000,10,,,,NORMAL_SET,,
"My routine #1","2024-09-11 19:17:05",01:24:03,,,"Straight Arms Backward Chest Stretch",,,0.000,10,,,,NORMAL_SET,,
"My routine #1","2024-09-11 19:17:05",01:24:03,,,"Biceps Stretch Behind The Back",,,0.000,10,,,,NORMAL_SET,1,1
"My routine #1","2024-09-11 19:17:05",01:24:03,,,"Across Chest Shoulder Stretch",,,0.000,10,,,,NORMAL_SET,,
"My routine #1","2024-09-10 18:29:07",00:59:41,,,Pull-up,,,65.000,8,,,,NORMAL_SET,,
"My routine #1","2024-09-10 18:29:07",00:59:41,,,Pull-up,,,65.000,8,,,,NORMAL_SET,,
"My routine #1","2024-09-10 18:29:07",00:59:41,,,"Muscle-up ",,,65.000,8,,,,NORMAL_SET,,
"My routine #1","2024-09-10 18:29:07",00:59:41,,,"Biceps Curl",,,14.000,10,,,,NORMAL_SET,"1,1","3,4"
"My routine #1","2024-09-10 18:29:07",00:59:41,,,"Biceps Curl",,,16.000,8,,,,NORMAL_SET,"2,2","3,4"
"My routine #1","2024-09-10 18:29:07",00:59:41,,,"Biceps Curl",,,20.000,5,,,,NORMAL_SET,,
"My routine #1","2024-09-10 18:29:07",00:59:41,,,"Triceps Pushdown",,,25.000,8,,,,NORMAL_SET,,
"My routine #1","2024-09-10 18:29:07",00:59:41,,,"Triceps Pushdown",,,27.000,8,,,,NORMAL_SET,,
"My routine #1","2024-09-10 18:29:07",00:59:41,,,"Triceps Pushdown",,,32.000,8,,,,NORMAL_SET,"1,2","2,3"
"My routine #1","2024-09-10 18:29:07",00:59:41,,,"Lever Chest Press",,,80.000,8,,,,NORMAL_SET,,
"My routine #1","2024-09-10 18:29:07",00:59:41,,,"Lever Chest Press",,,87.000,6,,,,NORMAL_SET,3,2
"My routine #1","2024-09-10 18:29:07",00:59:41,,,"Lever Chest Press",,,93.000,5,,,,NORMAL_SET,2,2
"My routine #1","2024-09-10 18:29:07",00:59:41,,,"Dumbbell Low Fly",,,16.000,6,,,,NORMAL_SET,,
"My routine #1","2024-09-10 18:29:07",00:59:41,,,"Dumbbell Low Fly",,,16.000,6,,,,NORMAL_SET,,
"My routine #1","2024-09-10 18:29:07",00:59:41,,,"Dumbbell Low Fly",,,16.000,6,,,,NORMAL_SET,,
"My routine #1","2024-09-10 18:29:07",00:59:41,,,"Lever Seated Leg Press",,,107.000,10,,,,NORMAL_SET,"2,1","2,3"
"My routine #1","2024-09-10 18:29:07",00:59:41,,,"Lever Seated Leg Press",,,100.000,10,,,,NORMAL_SET,,
"My routine #1","2024-09-10 18:29:07",00:59:41,,,"Lever Seated Leg Press",,,113.000,8,,,,NORMAL_SET,1,2
"My routine #1","2024-09-10 18:29:07",00:59:41,,,"Standing Reach Down Hamstring Stretch",,,0.000,10,,,,NORMAL_SET,,
"My routine #1","2024-09-10 18:29:07",00:59:41,,,"Seated Groin Stretch",,,0.000,10,,,,NORMAL_SET,,
"My routine #1","2024-09-10 18:29:07",00:59:41,,,"Seated Single Leg Hamstring Stretch",,,0.000,10,,,,NORMAL_SET,,
"My routine #1","2024-09-10 18:29:07",00:59:41,,,"Across Chest Shoulder Stretch",,,0.000,10,,,,NORMAL_SET,,
"My routine #1","2024-09-10 18:29:07",00:59:41,,,"Straight Arms Backward Chest Stretch",,,0.000,10,,,,NORMAL_SET,,
"My routine #1","2024-09-08 15:55:33",00:55:00,,,Pull-up,,,65.000,8,,,,NORMAL_SET,,
"My routine #1","2024-09-08 15:55:33",00:55:00,,,Pull-up,,,65.000,8,,,,NORMAL_SET,,
"My routine #1","2024-09-08 15:55:33",00:55:00,,,"Muscle-up ",,,65.000,8,,,,NORMAL_SET,,
"My routine #1","2024-09-08 15:55:33",00:55:00,,,"Biceps Curl",,,16.000,6,,,,NORMAL_SET,,
"My routine #1","2024-09-08 15:55:33",00:55:00,,,"Biceps Curl",,,18.000,6,,,,NORMAL_SET,,
"My routine #1","2024-09-08 15:55:33",00:55:00,,,"Biceps Curl",,,20.000,5,,,,NORMAL_SET,,
"My routine #1","2024-09-08 15:55:33",00:55:00,,,"Triceps Pushdown",,,25.000,8,,,,NORMAL_SET,,
"My routine #1","2024-09-08 15:55:33",00:55:00,,,"Triceps Pushdown",,,30.000,8,,,,NORMAL_SET,,
"My routine #1","2024-09-08 15:55:33",00:55:00,,,"Triceps Pushdown",,,25.000,8,,,,NORMAL_SET,,
"My routine #1","2024-09-08 15:55:33",00:55:00,,,"Lever Chest Press",,,80.000,8,,,,NORMAL_SET,,
"My routine #1","2024-09-08 15:55:33",00:55:00,,,"Lever Chest Press",,,87.000,8,,,,NORMAL_SET,"2,2","2,3"
"My routine #1","2024-09-08 15:55:33",00:55:00,,,"Lever Chest Press",,,93.000,8,,,,NORMAL_SET,"1,1","2,3"
"My routine #1","2024-09-08 15:55:33",00:55:00,,,"Dumbbell Low Fly",,,16.000,6,,,,NORMAL_SET,,
"My routine #1","2024-09-08 15:55:33",00:55:00,,,"Dumbbell Low Fly",,,14.000,6,,,,NORMAL_SET,,
"My routine #1","2024-09-08 15:55:33",00:55:00,,,"Dumbbell Low Fly",,,14.000,6,,,,NORMAL_SET,,
"My routine #1","2024-09-08 15:55:33",00:55:00,,,"Cable Curl",,,25.000,8,,,,NORMAL_SET,,
"My routine #1","2024-09-08 15:55:33",00:55:00,,,"Cable Curl",,,25.000,8,,,,NORMAL_SET,,
"My routine #1","2024-09-08 15:55:33",00:55:00,,,"Lever Seated Leg Press",,,107.000,8,,,,NORMAL_SET,1,2
"My routine #1","2024-09-08 15:55:33",00:55:00,,,"Lever Seated Leg Press",,,100.000,10,,,,NORMAL_SET,,
"My routine #1","2024-09-08 15:55:33",00:55:00,,,"Lever Seated Leg Press",,,100.000,10,,,,NORMAL_SET,,
"My routine #1","2024-09-08 15:55:33",00:55:00,,,"Standing Reach Down Hamstring Stretch",,,0.000,10,,,,NORMAL_SET,"3,3,3","1,2,4"
"My routine #1","2024-09-08 15:55:33",00:55:00,,,"Seated Groin Stretch",,,0.000,10,,,,NORMAL_SET,"3,3,3","1,2,4"
"My routine #1","2024-09-08 15:55:33",00:55:00,,,"Seated Single Leg Hamstring Stretch",,,0.000,10,,,,NORMAL_SET,"3,3,3","1,2,4"
"My routine #1","2024-09-08 15:55:33",00:55:00,,,"Across Chest Shoulder Stretch",,,0.000,10,,,,NORMAL_SET,"3,3,3","1,2,4"
"My routine #1","2024-09-08 15:55:33",00:55:00,,,"Straight Arms Backward Chest Stretch",,,0.000,10,,,,NORMAL_SET,"3,3,3","1,2,4"
"My routine #1","2024-09-05 18:11:13",00:38:55,,,Pull-up,,,65.000,8,,,,NORMAL_SET,,
"My routine #1","2024-09-05 18:11:13",00:38:55,,,Pull-up,,,65.000,8,,,,NORMAL_SET,,
"My routine #1","2024-09-05 18:11:13",00:38:55,,,"Muscle-up ",,,65.000,8,,,,NORMAL_SET,,
"My routine #1","2024-09-05 18:11:13",00:38:55,,,"Biceps Curl",,,20.000,6,,,,NORMAL_SET,,
"My routine #1","2024-09-05 18:11:13",00:38:55,,,"Biceps Curl",,,18.000,6,,,,NORMAL_SET,,
"My routine #1","2024-09-05 18:11:13",00:38:55,,,"Biceps Curl",,,18.000,6,,,,NORMAL_SET,,
"My routine #1","2024-09-05 18:11:13",00:38:55,,,"Lever Chest Press",,,80.000,8,,,,NORMAL_SET,,
"My routine #1","2024-09-05 18:11:13",00:38:55,,,"Lever Chest Press",,,87.000,8,,,,NORMAL_SET,"1,1","2,3"
"My routine #1","2024-09-05 18:11:13",00:38:55,,,"Lever Chest Press",,,80.000,8,,,,NORMAL_SET,,
"My routine #1","2024-09-05 18:11:13",00:38:55,,,"Lever Seated Leg Press",,,100.000,8,,,,NORMAL_SET,,
"My routine #1","2024-09-05 18:11:13",00:38:55,,,"Lever Seated Leg Press",,,93.000,10,,,,NORMAL_SET,,
"My routine #1","2024-09-05 18:11:13",00:38:55,,,"Lever Seated Leg Press",,,100.000,10,,,,NORMAL_SET,,
"My routine #1","2024-09-05 18:11:13",00:38:55,,,"Standing Reach Down Hamstring Stretch",,,0.000,10,,,,NORMAL_SET,"2,2,2","1,2,4"
"My routine #1","2024-09-05 18:11:13",00:38:55,,,"Seated Groin Stretch",,,0.000,10,,,,NORMAL_SET,"2,2,2","1,2,4"
"My routine #1","2024-09-05 18:11:13",00:38:55,,,"Across Chest Shoulder Stretch",,,0.000,10,,,,NORMAL_SET,"2,2,2","1,2,4"
"My routine #1","2024-09-05 18:11:13",00:38:55,,,"Seated Single Leg Hamstring Stretch",,,0.000,10,,,,NORMAL_SET,"2,2,2","1,2,4"
"My routine #1","2024-09-05 18:11:13",00:38:55,,,"Straight Arms Backward Chest Stretch",,,0.000,10,,,,NORMAL_SET,"2,2,2","1,2,4"
"My routine #1","2024-09-04 17:54:08",00:30:17,,,Pull-up,,,65.000,8,,,,NORMAL_SET,,
"My routine #1","2024-09-04 17:54:08",00:30:17,,,Pull-up,,,65.000,8,,,,NORMAL_SET,,
"My routine #1","2024-09-04 17:54:08",00:30:17,,,"Muscle-up ",,,65.000,8,,,,NORMAL_SET,,
"My routine #1","2024-09-04 17:54:08",00:30:17,,,"Biceps Curl",,,20.000,6,,,,NORMAL_SET,"3,3","2,3"
"My routine #1","2024-09-04 17:54:08",00:30:17,,,"Biceps Curl",,,18.000,6,,,,NORMAL_SET,,
"My routine #1","2024-09-04 17:54:08",00:30:17,,,"Biceps Curl",,,18.000,6,,,,NORMAL_SET,,
"My routine #1","2024-09-04 17:54:08",00:30:17,,,"Triceps Pushdown",,,25.000,8,,,,NORMAL_SET,,
"My routine #1","2024-09-04 17:54:08",00:30:17,,,"Triceps Pushdown",,,30.000,8,,,,NORMAL_SET,3,2
"My routine #1","2024-09-04 17:54:08",00:30:17,,,"Triceps Pushdown",,,25.000,8,,,,NORMAL_SET,,
"My routine #1","2024-09-04 17:54:08",00:30:17,,,"Run ",,,,,,1.4,08:30,NORMAL_SET,,
"My routine #1","2024-09-04 17:54:08",00:30:17,,,"Lever Chest Press",,,73.000,8,,,,NORMAL_SET,,
"My routine #1","2024-09-04 17:54:08",00:30:17,,,"Lever Chest Press",,,80.000,8,,,,NORMAL_SET,,
"My routine #1","2024-09-04 17:54:08",00:30:17,,,"Lever Chest Press",,,80.000,8,,,,NORMAL_SET,,
"My routine #1","2024-09-04 17:54:08",00:30:17,,,"Cable Curl",,,25.000,8,,,,NORMAL_SET,,
"My routine #1","2024-09-04 17:54:08",00:30:17,,,"Cable Curl",,,25.000,8,,,,NORMAL_SET,,
"My routine #1","2024-09-02 22:46:12",00:42:49,,,Pull-up,,,65.000,8,,,,NORMAL_SET,,
"My routine #1","2024-09-02 22:46:12",00:42:49,,,Pull-up,,,65.000,8,,,,NORMAL_SET,,
"My routine #1","2024-09-02 22:46:12",00:42:49,,,"Muscle-up ",,,65.000,8,,,,NORMAL_SET,,
"My routine #1","2024-09-02 22:46:12",00:42:49,,,"Biceps Curl",,,20.000,6,,,,NORMAL_SET,"2,2","2,3"
"My routine #1","2024-09-02 22:46:12",00:42:49,,,"Biceps Curl",,,18.000,6,,,,NORMAL_SET,,
"My routine #1","2024-09-02 22:46:12",00:42:49,,,"Biceps Curl",,,18.000,6,,,,NORMAL_SET,,
"My routine #1","2024-09-02 22:46:12",00:42:49,,,"Triceps Pushdown",,,25.000,8,,,,NORMAL_SET,,
"My routine #1","2024-09-02 22:46:12",00:42:49,,,"Triceps Pushdown",,,30.000,8,,,,NORMAL_SET,"2,3","2,3"
"My routine #1","2024-09-02 22:46:12",00:42:49,,,"Triceps Pushdown",,,25.000,8,,,,NORMAL_SET,,
"My routine #1","2024-09-02 22:46:12",00:42:49,,,"Lever Chest Press",,,73.000,8,,,,NORMAL_SET,,
"My routine #1","2024-09-02 22:46:12",00:42:49,,,"Lever Chest Press",,,80.000,8,,,,NORMAL_SET,,
"My routine #1","2024-09-02 22:46:12",00:42:49,,,"Lever Chest Press",,,80.000,8,,,,NORMAL_SET,,
"My routine #1","2024-09-02 22:46:12",00:42:49,,,"Dumbbell Low Fly",,,14.000,6,,,,NORMAL_SET,,
"My routine #1","2024-09-02 22:46:12",00:42:49,,,"Dumbbell Low Fly",,,14.000,6,,,,NORMAL_SET,,
"My routine #1","2024-09-02 22:46:12",00:42:49,,,"Dumbbell Low Fly",,,14.000,6,,,,NORMAL_SET,,
"My routine #1","2024-09-02 22:46:12",00:42:49,,,"Cable Curl",,,25.000,8,,,,NORMAL_SET,,
"My routine #1","2024-09-02 22:46:12",00:42:49,,,"Cable Curl",,,25.000,8,,,,NORMAL_SET,,
"My routine #1","2024-08-30 13:42:27",00:58:28,,,Pull-up,,,65.000,8,,,,NORMAL_SET,,
"My routine #1","2024-08-30 13:42:27",00:58:28,,,Pull-up,,,65.000,8,,,,NORMAL_SET,,
"My routine #1","2024-08-30 13:42:27",00:58:28,,,"Muscle-up ",,,65.000,8,,,,NORMAL_SET,,
"My routine #1","2024-08-30 13:42:27",00:58:28,,,"Biceps Curl",,,20.000,6,,,,NORMAL_SET,"1,1","2,3"
"My routine #1","2024-08-30 13:42:27",00:58:28,,,"Biceps Curl",,,18.000,6,,,,NORMAL_SET,,
"My routine #1","2024-08-30 13:42:27",00:58:28,,,"Biceps Curl",,,18.000,6,,,,NORMAL_SET,,
"My routine #1","2024-08-30 13:42:27",00:58:28,,,"Triceps Pushdown",,,25.000,8,,,,NORMAL_SET,,
"My routine #1","2024-08-30 13:42:27",00:58:28,,,"Triceps Pushdown",,,25.000,8,,,,NORMAL_SET,,
"My routine #1","2024-08-30 13:42:27",00:58:28,,,"Triceps Pushdown",,,25.000,8,,,,NORMAL_SET,,
"My routine #1","2024-08-30 13:42:27",00:58:28,,,"Run ",,,,,,1.4,08:30,NORMAL_SET,,
"My routine #1","2024-08-30 13:42:27",00:58:28,,,"Lever Chest Press",,,73.000,8,,,,NORMAL_SET,,
"My routine #1","2024-08-30 13:42:27",00:58:28,,,"Lever Chest Press",,,80.000,8,,,,NORMAL_SET,,
"My routine #1","2024-08-30 13:42:27",00:58:28,,,"Lever Chest Press",,,80.000,8,,,,NORMAL_SET,,
"My routine #1","2024-08-30 13:42:27",00:58:28,,,"Dumbbell Low Fly",,,14.000,6,,,,NORMAL_SET,,
"My routine #1","2024-08-30 13:42:27",00:58:28,,,"Dumbbell Low Fly",,,14.000,6,,,,NORMAL_SET,,
"My routine #1","2024-08-30 13:42:27",00:58:28,,,"Dumbbell Low Fly",,,14.000,6,,,,NORMAL_SET,,
"My routine #1","2024-08-30 13:42:27",00:58:28,,,"Cable Curl",,,25.000,8,,,,NORMAL_SET,,
"My routine #1","2024-08-30 13:42:27",00:58:28,,,"Cable Curl",,,25.000,8,,,,NORMAL_SET,,
"My routine #1","2024-08-28 20:33:56",01:21:21,,,Pull-up,,,65.000,8,,,,NORMAL_SET,,
"My routine #1","2024-08-28 20:33:56",01:21:21,,,Pull-up,,,65.000,8,,,,NORMAL_SET,,
"My routine #1","2024-08-28 20:33:56",01:21:21,,,"Muscle-up ",,,65.000,8,,,,NORMAL_SET,"3,3,3,3","1,2,3,4"
"My routine #1","2024-08-28 20:33:56",01:21:21,,,"Biceps Curl",,,18.000,6,,,,NORMAL_SET,,
"My routine #1","2024-08-28 20:33:56",01:21:21,,,"Biceps Curl",,,18.000,6,,,,NORMAL_SET,,
"My routine #1","2024-08-28 20:33:56",01:21:21,,,"Biceps Curl",,,18.000,6,,,,NORMAL_SET,,
"My routine #1","2024-08-28 20:33:56",01:21:21,,,"Triceps Pushdown",,,25.000,10,,,,NORMAL_SET,1,4
"My routine #1","2024-08-28 20:33:56",01:21:21,,,"Triceps Pushdown",,,28.000,10,,,,NORMAL_SET,"1,2","3,4"
"My routine #1","2024-08-28 20:33:56",01:21:21,,,"Triceps Pushdown",,,30.000,8,,,,NORMAL_SET,"1,2","2,3"
"My routine #1","2024-08-28 20:33:56",01:21:21,,,"Run ",,,,,,1.4,08:30,NORMAL_SET,,
"My routine #1","2024-08-28 20:33:56",01:21:21,,,"Lever Chest Press",,,73.000,8,,,,NORMAL_SET,,
"My routine #1","2024-08-28 20:33:56",01:21:21,,,"Lever Chest Press",,,80.000,8,,,,NORMAL_SET,,
"My routine #1","2024-08-28 20:33:56",01:21:21,,,"Lever Chest Press",,,86.000,8,,,,NORMAL_SET,"1,1","2,3"
"My routine #1","2024-08-28 20:33:56",01:21:21,,,"Dumbbell Low Fly",,,14.000,6,,,,NORMAL_SET,,
"My routine #1","2024-08-28 20:33:56",01:21:21,,,"Dumbbell Low Fly",,,14.000,6,,,,NORMAL_SET,,
"My routine #1","2024-08-28 20:33:56",01:21:21,,,"Dumbbell Low Fly",,,14.000,6,,,,NORMAL_SET,,
"My routine #1","2024-08-28 20:33:56",01:21:21,,,"Cable Curl",,,25.000,8,,,,NORMAL_SET,,
"My routine #1","2024-08-28 20:33:56",01:21:21,,,"Cable Curl",,,25.000,8,,,,NORMAL_SET,,
"My routine #1","2024-08-28 20:33:56",01:21:21,,,"Lever Seated Leg Press",,,79.000,8,,,,NORMAL_SET,,
"My routine #1","2024-08-28 20:33:56",01:21:21,,,"Lever Seated Leg Press",,,93.000,10,,,,NORMAL_SET,,
"My routine #1","2024-08-28 20:33:56",01:21:21,,,"Lever Seated Leg Press",,,100.000,10,,,,NORMAL_SET,"3,3","2,3"
"My routine #1","2024-08-28 20:33:56",01:21:21,,,"Standing Reach Down Hamstring Stretch",,,0.000,10,,,,NORMAL_SET,1,1
"My routine #1","2024-08-28 20:33:56",01:21:21,,,"Seated Groin Stretch",,,0.000,10,,,,NORMAL_SET,1,1
"My routine #1","2024-08-28 20:33:56",01:21:21,,,"Seated Single Leg Hamstring Stretch",,,0.000,20,,,,NORMAL_SET,1,1
"My routine #1","2024-08-28 20:33:56",01:21:21,,,"Across Chest Shoulder Stretch",,,0.000,10,,,,NORMAL_SET,1,1
"My routine #1","2024-08-28 20:33:56",01:21:21,,,"Straight Arms Backward Chest Stretch",,,0.000,10,,,,NORMAL_SET,1,1
"My routine #1","2024-08-28 20:33:56",01:21:21,,,"Jump Rope",,,,,,,01:30,NORMAL_SET,,
"My routine #1","2024-08-28 20:33:56",01:21:21,,,"Jump Rope",,,,,,,01:30,NORMAL_SET,,
"My routine #1","2024-08-28 20:33:56",01:21:21,,,"Jump Rope",,,,,,,01:30,NORMAL_SET,,
"My routine #1","2024-08-28 20:33:56",01:21:21,,,"Jump Rope",,,,,,,01:30,NORMAL_SET,,
"My routine #1","2024-08-27 10:29:00",00:52:21,,,Pull-up,,,65.000,8,,,,NORMAL_SET,"3,3,3,3","1,2,3,4"
"My routine #1","2024-08-27 10:29:00",00:52:21,,,Pull-up,,,65.000,8,,,,NORMAL_SET,,
"My routine #1","2024-08-27 10:29:00",00:52:21,,,"Muscle-up ",,,65.000,8,,,,NORMAL_SET,"2,2,2,2","1,2,3,4"
"My routine #1","2024-08-27 10:29:00",00:52:21,,,"Biceps Curl",,,18.000,6,,,,NORMAL_SET,,
"My routine #1","2024-08-27 10:29:00",00:52:21,,,"Biceps Curl",,,18.000,6,,,,NORMAL_SET,,
"My routine #1","2024-08-27 10:29:00",00:52:21,,,"Biceps Curl",,,18.000,6,,,,NORMAL_SET,,
"My routine #1","2024-08-27 10:29:00",00:52:21,,,"Triceps Pushdown",,,25.000,8,,,,NORMAL_SET,,
"My routine #1","2024-08-27 10:29:00",00:52:21,,,"Triceps Pushdown",,,25.000,8,,,,NORMAL_SET,,
"My routine #1","2024-08-27 10:29:00",00:52:21,,,"Triceps Pushdown",,,25.000,8,,,,NORMAL_SET,,
"My routine #1","2024-08-27 10:29:00",00:52:21,,,"Run ",,,,,,1.4,08:30,NORMAL_SET,,
"My routine #1","2024-08-27 10:29:00",00:52:21,,,"Lever Chest Press",,,73.000,8,,,,NORMAL_SET,,
"My routine #1","2024-08-27 10:29:00",00:52:21,,,"Lever Chest Press",,,80.000,8,,,,NORMAL_SET,"3,3","2,3"
"My routine #1","2024-08-27 10:29:00",00:52:21,,,"Lever Chest Press",,,80.000,8,,,,NORMAL_SET,,
"My routine #1","2024-08-27 10:29:00",00:52:21,,,"Dumbbell Low Fly",,,16.000,6,,,,NORMAL_SET,"1,1","2,3"
"My routine #1","2024-08-27 10:29:00",00:52:21,,,"Dumbbell Low Fly",,,16.000,6,,,,NORMAL_SET,"2,2","2,3"
"My routine #1","2024-08-27 10:29:00",00:52:21,,,"Dumbbell Low Fly",,,16.000,6,,,,NORMAL_SET,"3,3","2,3"
"My routine #1","2024-08-27 10:29:00",00:52:21,,,"Cable Curl",,,25.000,8,,,,NORMAL_SET,"3,3,3,3","1,2,3,4"
"My routine #1","2024-08-27 10:29:00",00:52:21,,,"Cable Curl",,,25.000,8,,,,NORMAL_SET,,
"My routine #1","2024-08-27 10:29:00",00:52:21,,,"Lever Seated Leg Press",,,86.000,8,,,,NORMAL_SET,,
"My routine #1","2024-08-27 10:29:00",00:52:21,,,"Lever Seated Leg Press",,,93.000,10,,,,NORMAL_SET,3,4
"My routine #1","2024-08-27 10:29:00",00:52:21,,,"Lever Seated Leg Press",,,100.000,10,,,,NORMAL_SET,"2,2","2,3"
"My routine #1","2024-08-26 18:34:02",00:38:03,,,Pull-up,,,65.000,8,,,,NORMAL_SET,1,1
"My routine #1","2024-08-26 18:34:02",00:38:03,,,Pull-up,,,65.000,8,,,,NORMAL_SET,,
"My routine #1","2024-08-26 18:34:02",00:38:03,,,"Muscle-up ",,,65.000,8,,,,NORMAL_SET,1,1
"My routine #1","2024-08-26 18:34:02",00:38:03,,,"Biceps Curl",,,18.000,6,,,,NORMAL_SET,1,1
"My routine #1","2024-08-26 18:34:02",00:38:03,,,"Biceps Curl",,,18.000,6,,,,NORMAL_SET,,
"My routine #1","2024-08-26 18:34:02",00:38:03,,,"Biceps Curl",,,18.000,6,,,,NORMAL_SET,,
"My routine #1","2024-08-26 18:34:02",00:38:03,,,"Triceps Pushdown",,,25.000,8,,,,NORMAL_SET,1,1
"My routine #1","2024-08-26 18:34:02",00:38:03,,,"Triceps Pushdown",,,25.000,8,,,,NORMAL_SET,,
"My routine #1","2024-08-26 18:34:02",00:38:03,,,"Triceps Pushdown",,,25.000,8,,,,NORMAL_SET,,
"My routine #1","2024-08-26 18:34:02",00:38:03,,,"Run ",,,,,,1.4,08:30,NORMAL_SET,,
"My routine #1","2024-08-26 18:34:02",00:38:03,,,"Lever Chest Press",,,73.000,8,,,,NORMAL_SET,1,1
"My routine #1","2024-08-26 18:34:02",00:38:03,,,"Lever Chest Press",,,80.000,8,,,,NORMAL_SET,,
"My routine #1","2024-08-26 18:34:02",00:38:03,,,"Lever Chest Press",,,80.000,8,,,,NORMAL_SET,,
"My routine #1","2024-08-26 18:34:02",00:38:03,,,"Dumbbell Low Fly",,,14.000,6,,,,NORMAL_SET,1,1
"My routine #1","2024-08-26 18:34:02",00:38:03,,,"Dumbbell Low Fly",,,14.000,6,,,,NORMAL_SET,,
"My routine #1","2024-08-26 18:34:02",00:38:03,,,"Dumbbell Low Fly",,,14.000,6,,,,NORMAL_SET,,
"My routine #1","2024-08-26 18:34:02",00:38:03,,,"Cable Curl",,,25.000,8,,,,NORMAL_SET,1,1
"My routine #1","2024-08-26 18:34:02",00:38:03,,,"Cable Curl",,,25.000,8,,,,NORMAL_SET,,
"My routine #1","2024-08-26 18:34:02",00:38:03,,,"Lever Seated Leg Press",,,10.000,8,,,,NORMAL_SET,1,1
"My routine #1","2024-08-26 18:34:02",00:38:03,,,"Lever Seated Leg Press",,,93.000,10,,,,NORMAL_SET,,
"My routine #1","2024-08-26 18:34:02",00:38:03,,,"Lever Seated Leg Press",,,100.000,10,,,,NORMAL_SET,,